,parcveh,DateCourse,IdCourse,stop,start_deptheo,start_real,Category,Ligne
0,22151.0,2025-01-01,85067764,AERO07,1900-01-01 20:55:00,1900-01-01 20:58:26,GLOBE,28
1,22147.0,2025-01-01,85067630,AERO07,1900-01-01 07:10:00,1900-01-01 07:17:06,GLOBE,28
2,22147.0,2025-01-01,85067654,AERO07,1900-01-01 13:14:00,1900-01-01 13:21:26,GLOBE,28
3,22151.0,2025-01-01,85067772,AERO07,1900-01-01 22:54:00,1900-01-01 23:02:05,GLOBE,28
4,22151.0,2025-01-01,85067771,ESRT06,1900-01-01 22:32:00,1900-01-01 22:32:28,GLOBE,28
5,22149.0,2025-01-01,85067706,AERO05,1900-01-01 05:47:00,1900-01-01 05:47:18,GLOBE,28
6,22151.0,2025-01-01,85067763,ESRT06,1900-01-01 20:31:00,1900-01-01 20:31:45,GLOBE,28
7,22151.0,2025-01-01,85067755,ESRT06,1900-01-01 18:25:00,1900-01-01 18:26:21,GLOBE,28
8,22147.0,2025-01-01,85067676,AERO05,1900-01-01 18:26:00,1900-01-01 18:27:54,GLOBE,28
9,22149.0,2025-01-01,85067622,AERO07,1900-01-01 04:46:00,1900-01-01 04:50:00,GLOBE,28
10,22147.0,2025-01-01,85067640,AERO05,1900-01-01 09:16:00,1900-01-01 09:19:29,GLOBE,28
11,22147.0,2025-01-01,85067631,AEROST,1900-01-01 07:16:00,1900-01-01 07:18:15,GLOBE,28
12,22149.0,2025-01-01,85067714,AERO05,1900-01-01 07:47:00,1900-01-01 07:47:27,GLOBE,28
13,22147.0,2025-01-01,85067621,FRRE03,1900-01-01 04:38:20,1900-01-01 05:12:18,GLOBE,28
14,22149.0,2025-01-01,85067707,ESRT06,1900-01-01 06:14:00,1900-01-01 06:15:55,GLOBE,28
15,22151.0,2025-01-01,85067750,AERO05,1900-01-01 16:54:00,1900-01-01 16:57:06,GLOBE,28
16,22151.0,2025-01-01,85067734,AERO05,1900-01-01 12:50:00,1900-01-01 12:51:20,GLOBE,28
17,22147.0,2025-01-01,85067656,AERO05,1900-01-01 13:20:00,1900-01-01 13:23:44,GLOBE,28
18,22149.0,2025-01-01,85067708,AERO07,1900-01-01 06:36:00,1900-01-01 06:40:04,GLOBE,28
19,22149.0,2025-01-01,85072565,ESRT06,1900-01-01 04:24:00,1900-01-01 04:25:53,GLOBE,28
20,22151.0,2025-01-01,85072570,GDHA01,1900-01-01 12:39:05,1900-01-01 12:42:53,GLOBE,28
21,22147.0,2025-01-01,85067655,AEROST,1900-01-01 13:19:00,1900-01-01 13:22:43,GLOBE,28
22,22147.0,2025-01-01,85067673,ESRT06,1900-01-01 17:54:00,1900-01-01 17:55:08,GLOBE,28
23,22149.0,2025-01-01,85067710,AERO05,1900-01-01 06:47:00,1900-01-01 06:47:13,GLOBE,28
24,22149.0,2025-01-01,85067620,DPGLOB00,1900-01-01 04:17:00,1900-01-01 04:12:44,GLOBE,28
25,22147.0,2025-01-01,85067642,AERO07,1900-01-01 10:09:00,1900-01-01 10:09:36,GLOBE,28
26,22151.0,2025-01-01,85072572,WTC00,1900-01-01 15:54:01,1900-01-01 15:54:17,GLOBE,28
27,22149.0,2025-01-01,85067712,AERO07,1900-01-01 07:39:00,1900-01-01 07:41:07,GLOBE,28
28,22147.0,2025-01-01,85067641,ESRT06,1900-01-01 09:44:00,1900-01-01 09:45:16,GLOBE,28
29,22149.0,2025-01-01,85067711,ESRT06,1900-01-01 07:16:00,1900-01-01 07:17:58,GLOBE,28
30,22147.0,2025-01-01,85067626,AERO07,1900-01-01 06:08:00,1900-01-01 06:22:00,GLOBE,28
31,22151.0,2025-01-01,85072571,AERO05,1900-01-01 13:50:00,1900-01-01 13:51:09,GLOBE,28
32,22147.0,2025-01-01,85067674,AERO07,1900-01-01 18:20:00,1900-01-01 18:21:36,GLOBE,28
33,22147.0,2025-01-01,85067664,AERO05,1900-01-01 15:21:00,1900-01-01 15:24:50,GLOBE,28
34,22151.0,2025-01-01,85067770,AERO05,1900-01-01 22:03:00,1900-01-01 22:03:13,GLOBE,28
35,22147.0,2025-01-01,85067634,AERO07,1900-01-01 08:07:00,1900-01-01 08:08:30,GLOBE,28
36,22147.0,2025-01-01,85067684,AERO05,1900-01-01 20:33:00,1900-01-01 20:29:49,GLOBE,28
37,22147.0,2025-01-01,85067683,AEROST,1900-01-01 20:32:00,1900-01-01 20:32:38,GLOBE,28
38,22151.0,2025-01-01,85067742,AERO05,1900-01-01 14:51:00,1900-01-01 14:52:39,GLOBE,28
39,22147.0,2025-01-01,85067682,AERO07,1900-01-01 20:25:00,1900-01-01 20:28:28,GLOBE,28
40,22087.0,2025-01-01,85067685,ESRT06,1900-01-01 21:03:00,1900-01-01 21:03:13,GLOBE,28
41,22147.0,2025-01-01,85067633,ESRT06,1900-01-01 07:44:00,1900-01-01 07:47:42,GLOBE,28
42,22087.0,2025-01-01,85067686,AERO07,1900-01-01 21:26:00,1900-01-01 21:29:58,GLOBE,28
43,22147.0,2025-01-01,85067681,ESRT06,1900-01-01 20:02:00,1900-01-01 20:02:46,GLOBE,28
44,22087.0,2025-01-01,85067687,AEROST,1900-01-01 21:33:00,1900-01-01 21:33:22,GLOBE,28
45,22087.0,2025-01-01,85067688,AERO05,1900-01-01 21:34:00,1900-01-01 21:31:55,GLOBE,28
46,22151.0,2025-01-01,85067767,ESRT06,1900-01-01 21:32:00,1900-01-01 21:32:35,GLOBE,28
47,22151.0,2025-01-01,85067743,ESRT06,1900-01-01 15:21:00,1900-01-01 15:21:39,GLOBE,28
48,22151.0,2025-01-01,85067744,AERO07,1900-01-01 15:47:00,1900-01-01 15:45:24,GLOBE,28
49,22151.0,2025-01-01,85067745,AEROST,1900-01-01 15:51:00,1900-01-01 15:52:40,GLOBE,28
50,22151.0,2025-01-01,85067746,AERO05,1900-01-01 15:52:00,1900-01-01 15:50:17,GLOBE,28
51,22087.0,2025-01-01,85067689,ESRT06,1900-01-01 22:03:00,1900-01-01 22:03:15,GLOBE,28
52,22151.0,2025-01-01,85067738,AERO05,1900-01-01 13:50:00,1900-01-01 13:47:12,GLOBE,28
53,22151.0,2025-01-01,85067737,AEROST,1900-01-01 13:49:00,1900-01-01 13:49:26,GLOBE,28
54,22087.0,2025-01-01,85067690,AERO07,1900-01-01 22:26:00,1900-01-01 22:30:45,GLOBE,28
55,22151.0,2025-01-01,85067747,ESRT06,1900-01-01 16:22:00,1900-01-01 16:23:38,GLOBE,28
56,22087.0,2025-01-01,85067691,AEROST,1900-01-01 22:33:00,1900-01-01 22:32:11,GLOBE,28
57,22147.0,2025-01-01,85067625,ESRT06,1900-01-01 05:46:00,1900-01-01 05:48:45,GLOBE,28
58,22147.0,2025-01-01,85067660,AERO05,1900-01-01 14:20:00,1900-01-01 14:22:53,GLOBE,28
59,22147.0,2025-01-01,85067636,AERO05,1900-01-01 08:16:00,1900-01-01 08:23:08,GLOBE,28
60,22151.0,2025-01-01,85067748,AERO07,1900-01-01 16:48:00,1900-01-01 16:49:10,GLOBE,28
61,22151.0,2025-01-01,85067749,AEROST,1900-01-01 16:53:00,1900-01-01 16:53:00,GLOBE,28
62,22151.0,2025-01-01,85067736,AERO07,1900-01-01 13:45:00,1900-01-01 13:47:11,GLOBE,28
63,22151.0,2025-01-01,85067735,ESRT06,1900-01-01 13:19:00,1900-01-01 13:20:43,GLOBE,28
64,22147.0,2025-01-01,85067661,ESRT06,1900-01-01 14:50:00,1900-01-01 14:52:18,GLOBE,28
65,22151.0,2025-01-01,85067751,ESRT06,1900-01-01 17:24:00,1900-01-01 17:24:37,GLOBE,28
66,22087.0,2025-01-01,85067692,AERO05,1900-01-01 22:34:00,1900-01-01 22:34:06,GLOBE,28
67,22151.0,2025-01-01,85067752,AERO07,1900-01-01 17:50:00,1900-01-01 17:50:05,GLOBE,28
68,22151.0,2025-01-01,85067753,AEROST,1900-01-01 17:54:00,1900-01-01 17:56:00,GLOBE,28
69,22147.0,2025-01-01,85067680,AERO05,1900-01-01 19:32:00,1900-01-01 19:32:39,GLOBE,28
70,22151.0,2025-01-01,85067766,AERO05,1900-01-01 21:02:00,1900-01-01 21:03:05,GLOBE,28
71,22151.0,2025-01-01,85067768,AERO07,1900-01-01 21:55:00,1900-01-01 21:53:12,GLOBE,28
72,22087.0,2025-01-01,85067693,ESRT06,1900-01-01 23:03:00,1900-01-01 23:03:05,GLOBE,28
73,22147.0,2025-01-01,85067637,ESRT06,1900-01-01 08:44:00,1900-01-01 08:48:11,GLOBE,28
74,22151.0,2025-01-01,85067761,AEROST,1900-01-01 20:00:00,1900-01-01 19:59:16,GLOBE,28
75,22151.0,2025-01-01,85067760,AERO07,1900-01-01 19:53:00,1900-01-01 19:52:50,GLOBE,28
76,22087.0,2025-01-01,85067694,AERO07,1900-01-01 23:25:00,1900-01-01 23:29:09,GLOBE,28
77,22151.0,2025-01-01,85067759,ESRT06,1900-01-01 19:29:00,1900-01-01 19:29:51,GLOBE,28
78,22147.0,2025-01-01,85067659,AEROST,1900-01-01 14:19:00,1900-01-01 14:21:26,GLOBE,28
79,22147.0,2025-01-01,85067658,AERO07,1900-01-01 14:15:00,1900-01-01 14:20:07,GLOBE,28
80,22147.0,2025-01-01,85067638,AERO07,1900-01-01 09:08:00,1900-01-01 09:16:54,GLOBE,28
81,22147.0,2025-01-01,85067639,AEROST,1900-01-01 09:15:00,1900-01-01 09:18:31,GLOBE,28
82,22147.0,2025-01-01,85067662,AERO07,1900-01-01 15:16:00,1900-01-01 15:22:01,GLOBE,28
83,22151.0,2025-01-01,85067757,AEROST,1900-01-01 18:58:00,1900-01-01 18:57:21,GLOBE,28
84,22149.0,2025-01-01,85067723,ESRT06,1900-01-01 10:15:00,1900-01-01 10:16:22,GLOBE,28
85,22087.0,2025-01-01,85067696,AERO05,1900-01-01 23:34:00,1900-01-01 23:33:48,GLOBE,28
86,22149.0,2025-01-01,85067724,AERO07,1900-01-01 10:40:00,1900-01-01 10:42:23,GLOBE,28
87,22149.0,2025-01-01,85067725,AEROST,1900-01-01 10:47:00,1900-01-01 10:47:55,GLOBE,28
88,22147.0,2025-01-01,85067628,AERO05,1900-01-01 06:17:00,1900-01-01 06:23:12,GLOBE,28
89,22147.0,2025-01-01,85067663,AEROST,1900-01-01 15:20:00,1900-01-01 15:23:30,GLOBE,28
90,22147.0,2025-01-01,85067632,AERO05,1900-01-01 07:17:00,1900-01-01 07:18:31,GLOBE,28
91,22149.0,2025-01-01,85067703,BUTN00,1900-01-01 05:07:00,1900-01-01 05:08:31,GLOBE,28
92,22147.0,2025-01-01,85067678,AERO07,1900-01-01 19:21:00,1900-01-01 19:24:02,GLOBE,28
93,22147.0,2025-01-01,85067657,ESRT06,1900-01-01 13:49:00,1900-01-01 13:50:45,GLOBE,28
94,22149.0,2025-01-01,85067726,AERO05,1900-01-01 10:48:00,1900-01-01 10:50:28,GLOBE,28
95,22151.0,2025-01-01,85067758,AERO05,1900-01-01 18:59:00,1900-01-01 18:59:36,GLOBE,28
96,22147.0,2025-01-01,85067677,ESRT06,1900-01-01 18:56:00,1900-01-01 18:58:11,GLOBE,28
97,22149.0,2025-01-01,85067704,AERO07,1900-01-01 05:22:00,1900-01-01 05:24:30,GLOBE,28
98,22147.0,2025-01-01,85067624,AERO05,1900-01-01 05:17:00,1900-01-01 05:18:58,GLOBE,28
99,22149.0,2025-01-01,85067727,ESRT06,1900-01-01 11:17:00,1900-01-01 11:19:02,GLOBE,28
100,22149.0,2025-01-01,85067728,AERO07,1900-01-01 11:42:00,1900-01-01 11:44:00,GLOBE,28
101,22149.0,2025-01-01,85067729,AEROST,1900-01-01 11:47:00,1900-01-01 11:47:23,GLOBE,28
102,22151.0,2025-01-01,85067756,AERO07,1900-01-01 18:51:00,1900-01-01 18:54:27,GLOBE,28
103,22147.0,2025-01-01,85067623,AEROST,1900-01-01 05:16:00,1900-01-01 05:15:22,GLOBE,28
104,22087.0,2025-01-01,85055037,AERO07,1900-01-01 00:21:00,1900-01-01 00:20:33,GLOBE,28
105,22147.0,2025-01-01,85067669,ESRT06,1900-01-01 16:53:00,1900-01-01 16:53:48,GLOBE,28
106,22151.0,2025-01-01,85067775,ESRT06,1900-01-01 23:32:00,1900-01-01 23:32:39,GLOBE,28
107,22149.0,2025-01-01,85067722,AERO05,1900-01-01 09:46:00,1900-01-01 09:49:10,GLOBE,28
108,22147.0,2025-01-01,85067670,AERO07,1900-01-01 17:19:00,1900-01-01 17:18:26,GLOBE,28
109,22147.0,2025-01-01,85067665,ESRT06,1900-01-01 15:51:00,1900-01-01 15:53:03,GLOBE,28
110,22087.0,2025-01-01,85055036,ESRT06,1900-01-01 00:00:00,1900-01-01 00:02:17,GLOBE,28
111,22147.0,2025-01-01,85067645,ESRT06,1900-01-01 10:45:00,1900-01-01 10:46:09,GLOBE,28
112,22151.0,2025-01-01,85067776,AERO07,1900-01-01 23:53:00,1900-01-01 23:51:44,GLOBE,28
113,22139.0,2025-01-01,85064541,WTC00,1900-01-01 00:01:12,1900-01-01 00:53:48,GLOBE,28
114,22149.0,2025-01-01,85067721,AEROST,1900-01-01 09:45:00,1900-01-01 09:47:31,GLOBE,28
115,22151.0,2025-01-01,85067774,AERO05,1900-01-01 23:03:00,1900-01-01 23:03:39,GLOBE,28
116,22149.0,2025-01-01,85067720,AERO07,1900-01-01 09:38:00,1900-01-01 09:38:56,GLOBE,28
117,22087.0,2025-01-01,85055039,AERO05,1900-01-01 00:30:00,1900-01-01 00:31:57,GLOBE,28
118,22139.0,2025-01-01,85055004,ESRT06,1900-01-01 00:30:00,1900-01-01 00:33:17,GLOBE,28
119,22087.0,2025-01-01,85055040,ESRT06,1900-01-01 00:51:00,1900-01-01 00:51:07,GLOBE,28
120,22149.0,2025-01-01,85067719,ESRT06,1900-01-01 09:14:00,1900-01-01 09:15:10,GLOBE,28
121,22147.0,2025-01-01,85067666,AERO07,1900-01-01 16:17:00,1900-01-01 16:24:19,GLOBE,28
122,22147.0,2025-01-01,85067668,AERO05,1900-01-01 16:23:00,1900-01-01 16:26:24,GLOBE,28
123,22139.0,2025-01-01,85055003,AERO05,1900-01-01 00:00:00,1900-01-01 00:03:02,GLOBE,28
124,22087.0,2025-01-01,85072486,AERO05,1900-01-01 21:34:00,1900-01-01 21:34:14,GLOBE,28
125,22151.0,2025-01-01,85067762,AERO05,1900-01-01 20:01:00,1900-01-01 20:02:19,GLOBE,28
126,22149.0,2025-01-01,85067718,AERO05,1900-01-01 08:46:00,1900-01-01 08:47:42,GLOBE,28
127,22147.0,2025-01-01,85067649,ESRT06,1900-01-01 11:47:00,1900-01-01 11:47:29,GLOBE,28
128,22147.0,2025-01-01,85072560,FRRE03,1900-01-01 11:00:40,1900-01-01 11:22:50,GLOBE,28
129,22151.0,2025-01-01,85067739,ESRT06,1900-01-01 14:20:00,1900-01-01 14:20:48,GLOBE,28
130,22147.0,2025-01-01,85067627,AEROST,1900-01-01 06:16:00,1900-01-01 06:22:55,GLOBE,28
131,22147.0,2025-01-01,85067652,AERO05,1900-01-01 12:19:00,1900-01-01 12:21:40,GLOBE,28
132,22149.0,2025-01-01,85067730,AERO05,1900-01-01 11:48:00,1900-01-01 11:50:23,GLOBE,28
133,22147.0,2025-01-01,85072561,FRRE03,1900-01-01 11:00:40,1900-01-01 11:22:55,GLOBE,28
134,22147.0,2025-01-01,85067672,AERO05,1900-01-01 17:24:00,1900-01-01 17:25:30,GLOBE,28
135,22147.0,2025-01-01,85072562,FRRE03,1900-01-01 11:00:40,1900-01-01 11:23:11,GLOBE,28
136,22151.0,2025-01-01,85067740,AERO07,1900-01-01 14:45:00,1900-01-01 14:47:14,GLOBE,28
137,22147.0,2025-01-01,85067629,ESRT06,1900-01-01 06:47:00,1900-01-01 06:49:28,GLOBE,28
138,22151.0,2025-01-01,85067741,AEROST,1900-01-01 14:50:00,1900-01-01 14:52:04,GLOBE,28
139,22147.0,2025-01-01,85072563,WTC00,1900-01-01 20:34:16,1900-01-01 20:34:02,GLOBE,28
140,22147.0,2025-01-01,85067667,AEROST,1900-01-01 16:22:00,1900-01-01 16:25:48,GLOBE,28
141,22149.0,2025-01-01,85067715,ESRT06,1900-01-01 08:14:00,1900-01-01 08:15:34,GLOBE,28
142,22147.0,2025-01-01,85067644,AERO05,1900-01-01 10:16:00,1900-01-01 10:17:19,GLOBE,28
143,22149.0,2025-01-01,85067731,ESRT06,1900-01-01 12:17:00,1900-01-01 12:15:32,GLOBE,28
144,22149.0,2025-01-01,85067717,AEROST,1900-01-01 08:45:00,1900-01-01 08:45:45,GLOBE,28
145,22149.0,2025-01-01,85067716,AERO07,1900-01-01 08:37:00,1900-01-01 08:39:43,GLOBE,28
146,22151.0,2025-01-01,85067754,AERO05,1900-01-01 17:55:00,1900-01-01 17:57:55,GLOBE,28
147,22151.0,2025-01-01,85067773,AEROST,1900-01-01 23:02:00,1900-01-01 23:03:08,GLOBE,28
148,22151.0,2025-01-01,85067732,AERO07,1900-01-01 12:42:00,1900-01-01 12:45:54,GLOBE,28
149,22147.0,2025-01-01,85067653,ESRT06,1900-01-01 12:49:00,1900-01-01 12:50:16,GLOBE,28
1591,22155.0,2025-01-01,85068073,PMAR00,1900-01-01 07:27:00,1900-01-01 07:27:24,Genève-Tours,31
1592,22155.0,2025-01-01,85068087,PMAR01,1900-01-01 14:13:00,1900-01-01 14:14:25,Genève-Tours,31
1593,22065.0,2025-01-01,85068055,PMAR00,1900-01-01 06:27:00,1900-01-01 06:28:22,Genève-Tours,31
1594,22155.0,2025-01-01,85068078,PRSM00,1900-01-01 09:54:00,1900-01-01 09:54:53,Genève-Tours,31
1595,22155.0,2025-01-01,85072595,PRSM00,1900-01-01 21:55:00,1900-01-01 21:46:14,Genève-Tours,31
1596,22155.0,2025-01-01,85068070,PRSM00,1900-01-01 05:53:00,1900-01-01 05:54:07,Genève-Tours,31
1597,22065.0,2025-01-01,85068136,PRSM00,1900-01-01 21:55:00,1900-01-01 21:56:06,Genève-Tours,31
1598,22153.0,2025-01-01,85068127,PMAR00,1900-01-01 22:29:00,1900-01-01 22:31:39,Genève-Tours,31
1599,22155.0,2025-01-01,85068117,PMAR00,1900-01-01 19:27:00,1900-01-01 19:28:00,Genève-Tours,31
1600,22155.0,2025-01-01,85068109,PMAR00,1900-01-01 15:27:00,1900-01-01 15:28:53,Genève-Tours,31
1601,22155.0,2025-01-01,85068135,PMAR00,1900-01-01 21:29:00,1900-01-01 21:29:35,Genève-Tours,31
1602,22065.0,2025-01-01,85068139,PMAR00,1900-01-01 23:29:00,1900-01-01 23:30:38,Genève-Tours,31
1603,21969.0,2025-01-01,85068128,PRSM00,1900-01-01 22:55:00,1900-01-01 22:55:24,Genève-Tours,31
1604,22155.0,2025-01-01,85068118,PRSM00,1900-01-01 19:54:00,1900-01-01 19:54:35,Genève-Tours,31
1605,22065.0,2025-01-01,85068140,PRSM00,1900-01-01 23:55:00,1900-01-01 23:46:54,Genève-Tours,31
1606,22155.0,2025-01-01,85068074,PRSM00,1900-01-01 07:53:00,1900-01-01 07:54:22,Genève-Tours,31
1607,22153.0,2025-01-01,85068064,PRSM00,1900-01-01 10:53:00,1900-01-01 10:54:41,Genève-Tours,31
1608,22095.0,2025-01-01,85055765,PMAR00,1900-01-01 00:29:00,1900-01-01 00:29:36,Genève-Tours,31
1609,22153.0,2025-01-01,85068063,PMAR00,1900-01-01 10:25:00,1900-01-01 10:26:57,Genève-Tours,31
1610,22155.0,2025-01-01,85068077,PMAR00,1900-01-01 09:26:00,1900-01-01 09:26:53,Genève-Tours,31
1611,22095.0,2025-01-01,85055766,PRSM00,1900-01-01 00:44:00,1900-01-01 00:46:35,Genève-Tours,31
1612,22153.0,2025-01-01,85068124,PRSM00,1900-01-01 20:54:00,1900-01-01 20:55:18,Genève-Tours,31
1613,22065.0,2025-01-01,85068059,PMAR00,1900-01-01 08:28:00,1900-01-01 08:29:06,Genève-Tours,31
1614,22065.0,2025-01-01,85068056,PRSM00,1900-01-01 06:53:00,1900-01-01 06:54:20,Genève-Tours,31
1615,22153.0,2025-01-01,85068060,PRSM00,1900-01-01 08:53:00,1900-01-01 08:48:05,Genève-Tours,31
1616,22153.0,2025-01-01,85068095,PRSM00,1900-01-01 14:54:00,1900-01-01 14:56:25,Genève-Tours,31
1617,22155.0,2025-01-01,85068086,PRSM00,1900-01-01 13:54:00,1900-01-01 13:56:07,Genève-Tours,31
1618,22153.0,2025-01-01,85072582,PRSM00,1900-01-01 22:55:00,1900-01-01 22:49:34,Genève-Tours,31
1619,22153.0,2025-01-01,85068103,PRSM00,1900-01-01 18:54:00,1900-01-01 18:54:42,Genève-Tours,31
1620,22153.0,2025-01-01,85072579,PRSM00,1900-01-01 08:53:00,1900-01-01 08:50:01,Genève-Tours,31
1621,22153.0,2025-01-01,85068099,PRSM00,1900-01-01 16:54:00,1900-01-01 16:56:23,Genève-Tours,31
1622,22155.0,2025-01-01,85068114,PRSM00,1900-01-01 17:54:00,1900-01-01 17:55:06,Genève-Tours,31
1623,22153.0,2025-01-01,85068123,PMAR00,1900-01-01 20:28:00,1900-01-01 20:28:43,Genève-Tours,31
1624,22065.0,2025-01-01,85068052,PRSM00,1900-01-01 04:53:00,1900-01-01 04:54:30,Genève-Tours,31
1625,22153.0,2025-01-01,85068102,PMAR00,1900-01-01 18:27:00,1900-01-01 18:30:30,Genève-Tours,31
1626,22153.0,2025-01-01,85072580,PRSM00,1900-01-01 08:53:00,1900-01-01 08:54:05,Genève-Tours,31
1627,22155.0,2025-01-01,85068085,PMAR00,1900-01-01 13:25:00,1900-01-01 13:25:53,Genève-Tours,31
1628,22153.0,2025-01-01,85068090,PMAR00,1900-01-01 12:25:00,1900-01-01 12:25:52,Genève-Tours,31
1629,22155.0,2025-01-01,85068081,PMAR00,1900-01-01 11:25:00,1900-01-01 11:25:57,Genève-Tours,31
1630,22155.0,2025-01-01,85068110,PRSM00,1900-01-01 15:54:00,1900-01-01 15:55:11,Genève-Tours,31
1631,22155.0,2025-01-01,85068082,PRSM00,1900-01-01 11:54:00,1900-01-01 11:55:55,Genève-Tours,31
1632,22155.0,2025-01-01,85068113,PMAR00,1900-01-01 17:27:00,1900-01-01 17:29:17,Genève-Tours,31
1633,22153.0,2025-01-01,85068094,PMAR00,1900-01-01 14:27:00,1900-01-01 14:30:13,Genève-Tours,31
1634,22153.0,2025-01-01,85072576,PRSM00,1900-01-01 23:55:00,1900-01-01 23:55:54,Genève-Tours,31
1635,22153.0,2025-01-01,85068098,PMAR00,1900-01-01 16:27:00,1900-01-01 16:29:06,Genève-Tours,31
1636,22153.0,2025-01-01,85068091,PRSM00,1900-01-01 12:54:00,1900-01-01 12:57:04,Genève-Tours,31
2299,22065.0,2025-01-01,85068015,PRSM05,1900-01-01 18:55:00,1900-01-01 18:58:26,Genève-Tours,32
2300,21969.0,2025-01-01,85068035,PRSM00,1900-01-01 19:46:00,1900-01-01 19:46:16,Genève-Tours,32
2301,22065.0,2025-01-01,85068013,PRSM00,1900-01-01 17:46:00,1900-01-01 17:47:27,Genève-Tours,32
2302,22065.0,2025-01-01,85068027,PRSM00,1900-01-01 13:46:00,1900-01-01 13:47:17,Genève-Tours,32
2303,22107.0,2025-01-01,85055527,JUMR01,1900-01-01 00:25:00,1900-01-01 00:28:08,Genève-Tours,32
2304,22065.0,2025-01-01,85068028,MONN00,1900-01-01 14:25:00,1900-01-01 14:25:27,Genève-Tours,32
2305,21969.0,2025-01-01,85068032,MONN00,1900-01-01 17:24:00,1900-01-01 17:24:19,Genève-Tours,32
2306,22153.0,2025-01-01,85072575,PRSM00,1900-01-01 22:47:00,1900-01-01 22:51:15,Genève-Tours,32
2307,22095.0,2025-01-01,85072517,PRSM00,1900-01-01 00:56:00,1900-01-01 00:57:53,Genève-Tours,32
2308,22055.0,2025-01-01,85068250,PRSM00,1900-01-01 18:46:00,1900-01-01 18:47:17,Genève-Tours,32
2309,22095.0,2025-01-01,85055533,MONN00,1900-01-01 04:03:00,1900-01-01 04:04:01,Genève-Tours,32
2310,22055.0,2025-01-01,85068021,PRSM00,1900-01-01 15:46:00,1900-01-01 15:48:12,Genève-Tours,32
2311,21969.0,2025-01-01,85068031,PRSM00,1900-01-01 16:46:00,1900-01-01 16:46:50,Genève-Tours,32
2312,22095.0,2025-01-01,85055531,JUMR01,1900-01-01 02:57:00,1900-01-01 02:58:40,Genève-Tours,32
2313,22154.0,2025-01-01,85072589,PRSM00,1900-01-01 17:46:00,1900-01-01 17:21:06,Genève-Tours,32
2314,22095.0,2025-01-01,85055532,PRSM00,1900-01-01 03:28:00,1900-01-01 03:29:39,Genève-Tours,32
2315,22065.0,2025-01-01,85072456,PRSM00,1900-01-01 21:42:00,1900-01-01 21:39:09,Genève-Tours,32
2316,22154.0,2025-01-01,85068006,JUMR01,1900-01-01 12:28:00,1900-01-01 12:30:09,Genève-Tours,32
2317,22055.0,2025-01-01,85068022,MONN00,1900-01-01 16:24:00,1900-01-01 16:17:46,Genève-Tours,32
2318,22155.0,2025-01-01,85067989,PRSM00,1900-01-01 05:55:00,1900-01-01 05:40:31,Genève-Tours,32
2319,22055.0,2025-01-01,85072435,TRNT98,1900-01-01 15:57:36,1900-01-01 16:51:21,Genève-Tours,32
2320,22154.0,2025-01-01,85068009,PRSM00,1900-01-01 14:46:00,1900-01-01 14:48:18,Genève-Tours,32
2321,22154.0,2025-01-01,85068010,MONN00,1900-01-01 15:24:00,1900-01-01 15:24:53,Genève-Tours,32
2322,22107.0,2025-01-01,85055528,PRSM00,1900-01-01 00:56:00,1900-01-01 00:54:15,Genève-Tours,32
2323,22155.0,2025-01-01,85067988,JUMR01,1900-01-01 05:08:00,1900-01-01 05:10:30,Genève-Tours,32
2324,22095.0,2025-01-01,85055529,JUMR01,1900-01-01 01:46:00,1900-01-01 01:46:48,Genève-Tours,32
2325,22154.0,2025-01-01,85068005,PRSM00,1900-01-01 11:48:00,1900-01-01 11:50:20,Genève-Tours,32
2326,22065.0,2025-01-01,85068000,JUMR01,1900-01-01 11:37:00,1900-01-01 11:37:33,Genève-Tours,32
2327,22065.0,2025-01-01,85068041,PRSM00,1900-01-01 20:33:00,1900-01-01 20:35:36,Genève-Tours,32
2328,22065.0,2025-01-01,85067998,JUMR01,1900-01-01 10:33:00,1900-01-01 10:33:39,Genève-Tours,32
2329,22055.0,2025-01-01,85072436,GSON01,1900-01-01 16:49:00,1900-01-01 16:54:11,Genève-Tours,32
2330,22153.0,2025-01-01,85068047,PRSM00,1900-01-01 23:53:00,1900-01-01 23:49:59,Genève-Tours,32
2331,21969.0,2025-01-01,85068036,MONN00,1900-01-01 20:25:00,1900-01-01 20:25:06,Genève-Tours,32
2332,21969.0,2025-01-01,85068045,PRSM00,1900-01-01 22:47:00,1900-01-01 22:38:44,Genève-Tours,32
2333,21969.0,2025-01-01,85068037,PRSM05,1900-01-01 20:54:00,1900-01-01 20:54:07,Genève-Tours,32
2334,22095.0,2025-01-01,85055530,PRSM00,1900-01-01 02:22:00,1900-01-01 02:23:23,Genève-Tours,32
2335,22065.0,2025-01-01,85067999,PRSM00,1900-01-01 11:04:00,1900-01-01 11:05:59,Genève-Tours,32
2336,22055.0,2025-01-01,85068251,MONN00,1900-01-01 19:25:00,1900-01-01 19:26:44,Genève-Tours,32
2337,21969.0,2025-01-01,85068044,JUMR01,1900-01-01 22:14:00,1900-01-01 22:14:35,Genève-Tours,32
2338,22065.0,2025-01-01,85068042,JUMR01,1900-01-01 21:12:00,1900-01-01 21:12:48,Genève-Tours,32
2339,22065.0,2025-01-01,85068014,MONN00,1900-01-01 18:25:00,1900-01-01 18:27:20,Genève-Tours,32
2340,22153.0,2025-01-01,85068046,JUMR01,1900-01-01 23:22:00,1900-01-01 23:22:58,Genève-Tours,32
2341,21969.0,2025-01-01,85068043,PRSM00,1900-01-01 21:42:00,1900-01-01 21:42:53,Genève-Tours,32
2342,22065.0,2025-01-01,85067997,PRSM00,1900-01-01 10:02:00,1900-01-01 10:02:48,Genève-Tours,32
3168,22153.0,2025-01-01,85068089,RIVE04,1900-01-01 12:01:00,1900-01-01 12:01:16,Genève-Tours,33
3169,22155.0,2025-01-01,85068072,RIVE04,1900-01-01 07:06:00,1900-01-01 07:06:39,Genève-Tours,33
3170,22155.0,2025-01-01,85068071,PMAR01,1900-01-01 06:12:00,1900-01-01 06:12:31,Genève-Tours,33
3171,22155.0,2025-01-01,85068076,RIVE04,1900-01-01 09:04:00,1900-01-01 09:04:56,Genève-Tours,33
3172,22065.0,2025-01-01,85068054,RIVE04,1900-01-01 06:07:00,1900-01-01 06:08:13,Genève-Tours,33
3173,22155.0,2025-01-01,85068079,PMAR01,1900-01-01 10:13:00,1900-01-01 10:13:05,Genève-Tours,33
3174,22153.0,2025-01-01,85068061,PMAR01,1900-01-01 09:12:00,1900-01-01 09:12:27,Genève-Tours,33
3175,22153.0,2025-01-01,85068062,RIVE04,1900-01-01 10:03:00,1900-01-01 10:03:34,Genève-Tours,33
3176,22153.0,2025-01-01,85068093,RIVE04,1900-01-01 14:03:00,1900-01-01 14:03:57,Genève-Tours,33
3177,22065.0,2025-01-01,85068057,PMAR01,1900-01-01 07:13:00,1900-01-01 07:13:34,Genève-Tours,33
3178,22065.0,2025-01-01,85068058,RIVE04,1900-01-01 08:07:00,1900-01-01 08:07:24,Genève-Tours,33
3179,22153.0,2025-01-01,85068066,RIVE04,1900-01-01 11:35:00,1900-01-01 11:38:25,Genève-Tours,33
3180,22155.0,2025-01-01,85068075,PMAR01,1900-01-01 08:12:00,1900-01-01 08:11:56,Genève-Tours,33
3181,22153.0,2025-01-01,85068065,PMAR01,1900-01-01 11:12:00,1900-01-01 11:12:43,Genève-Tours,33
3182,22153.0,2025-01-01,85068096,PMAR01,1900-01-01 15:15:00,1900-01-01 15:15:28,Genève-Tours,33
3183,22155.0,2025-01-01,85068080,RIVE04,1900-01-01 11:02:00,1900-01-01 11:03:01,Genève-Tours,33
3184,22155.0,2025-01-01,85068083,PMAR01,1900-01-01 12:13:00,1900-01-01 12:13:42,Genève-Tours,33
3185,22153.0,2025-01-01,85068122,RIVE04,1900-01-01 20:03:00,1900-01-01 20:04:06,Genève-Tours,33
3186,22153.0,2025-01-01,85068104,PMAR01,1900-01-01 19:13:00,1900-01-01 19:14:13,Genève-Tours,33
3187,22155.0,2025-01-01,85068112,RIVE04,1900-01-01 17:03:00,1900-01-01 17:04:01,Genève-Tours,33
3188,22153.0,2025-01-01,85068105,RIVE04,1900-01-01 19:36:00,1900-01-01 19:38:02,Genève-Tours,33
3189,22095.0,2025-01-01,85055764,RIVE04,1900-01-01 00:07:00,1900-01-01 00:07:25,Genève-Tours,33
3190,22155.0,2025-01-01,85068111,PMAR01,1900-01-01 16:15:00,1900-01-01 16:15:39,Genève-Tours,33
3191,22065.0,2025-01-01,85068053,PMAR01,1900-01-01 05:12:00,1900-01-01 05:12:45,Genève-Tours,33
3192,22065.0,2025-01-01,85068138,RIVE04,1900-01-01 23:07:00,1900-01-01 23:08:10,Genève-Tours,33
3193,22153.0,2025-01-01,85068125,PMAR01,1900-01-01 21:13:00,1900-01-01 21:13:56,Genève-Tours,33
3194,22055.0,2025-01-01,85055752,PMAR01,1900-01-01 02:50:00,1900-01-01 02:51:55,Genève-Tours,33
3195,22107.0,2025-01-01,85055768,RIVE04,1900-01-01 01:20:00,1900-01-01 01:22:03,Genève-Tours,33
3196,22153.0,2025-01-01,85068101,RIVE04,1900-01-01 18:02:00,1900-01-01 18:03:21,Genève-Tours,33
3197,22155.0,2025-01-01,85068116,RIVE04,1900-01-01 19:03:00,1900-01-01 19:03:44,Genève-Tours,33
3198,22155.0,2025-01-01,85068108,RIVE04,1900-01-01 15:03:00,1900-01-01 15:03:14,Genève-Tours,33
3199,22153.0,2025-01-01,85068100,PMAR01,1900-01-01 17:15:00,1900-01-01 17:15:58,Genève-Tours,33
3200,22155.0,2025-01-01,85068084,RIVE04,1900-01-01 13:01:00,1900-01-01 13:01:39,Genève-Tours,33
3201,22155.0,2025-01-01,85068115,PMAR01,1900-01-01 18:15:00,1900-01-01 18:15:11,Genève-Tours,33
3202,22155.0,2025-01-01,85068119,PMAR01,1900-01-01 20:14:00,1900-01-01 20:14:34,Genève-Tours,33
3203,22107.0,2025-01-01,85055769,PMAR01,1900-01-01 01:50:00,1900-01-01 01:51:33,Genève-Tours,33
3204,22153.0,2025-01-01,85068092,PMAR01,1900-01-01 13:13:00,1900-01-01 13:13:48,Genève-Tours,33
3205,22055.0,2025-01-01,85055751,RIVE04,1900-01-01 02:20:00,1900-01-01 02:30:06,Genève-Tours,33
3206,22155.0,2025-01-01,85068120,RIVE04,1900-01-01 20:36:00,1900-01-01 20:40:13,Genève-Tours,33
3207,22107.0,2025-01-01,85055772,RIVE04,1900-01-01 03:20:00,1900-01-01 03:22:12,Genève-Tours,33
3208,22153.0,2025-01-01,85068126,RIVE04,1900-01-01 22:07:00,1900-01-01 22:07:49,Genève-Tours,33
3209,22155.0,2025-01-01,85068134,RIVE04,1900-01-01 21:06:00,1900-01-01 21:06:34,Genève-Tours,33
3210,22153.0,2025-01-01,85068097,RIVE04,1900-01-01 16:02:00,1900-01-01 16:04:11,Genève-Tours,33
3211,21969.0,2025-01-01,85068129,PMAR01,1900-01-01 23:13:00,1900-01-01 23:13:52,Genève-Tours,33
3212,22055.0,2025-01-01,85055748,PMAR01,1900-01-01 00:14:00,1900-01-01 00:14:12,Genève-Tours,33
3213,22107.0,2025-01-01,85055773,PMAR01,1900-01-01 03:43:00,1900-01-01 03:51:51,Genève-Tours,33
3214,22065.0,2025-01-01,85068137,PMAR01,1900-01-01 22:14:00,1900-01-01 22:14:43,Genève-Tours,33
4170,22092.0,2025-01-01,85068188,COCH01,1900-01-01 14:34:00,1900-01-01 14:36:09,Genève-Tours,34
4171,22093.0,2025-01-01,85068168,COCH01,1900-01-01 06:31:00,1900-01-01 06:38:56,Genève-Tours,34
4172,22092.0,2025-01-01,85068189,COCHST,1900-01-01 14:53:00,1900-01-01 14:40:47,Genève-Tours,34
4173,22093.0,2025-01-01,85068169,COCHST,1900-01-01 06:55:00,1900-01-01 06:55:20,Genève-Tours,34
4174,22092.0,2025-01-01,85068229,CHLXST,1900-01-01 22:10:00,1900-01-01 22:11:13,Genève-Tours,34
4175,22092.0,2025-01-01,85068187,CHLXST,1900-01-01 14:09:00,1900-01-01 14:12:20,Genève-Tours,34
4176,22093.0,2025-01-01,85068170,COCH00,1900-01-01 06:56:00,1900-01-01 06:56:15,Genève-Tours,34
4177,22092.0,2025-01-01,85068228,CHLX01,1900-01-01 21:18:00,1900-01-01 21:15:24,Genève-Tours,34
4178,22093.0,2025-01-01,85068171,CHLX01,1900-01-01 07:20:00,1900-01-01 07:21:04,Genève-Tours,34
4179,22092.0,2025-01-01,85068186,CHLX01,1900-01-01 13:19:00,1900-01-01 14:07:13,Genève-Tours,34
4180,22093.0,2025-01-01,85072507,CHLXST,1900-01-01 21:10:00,1900-01-01 21:11:37,Genève-Tours,34
4181,22092.0,2025-01-01,85068185,CHVR01,1900-01-01 13:18:04,1900-01-01 14:06:27,Genève-Tours,34
4182,22092.0,2025-01-01,85068145,CHLX01,1900-01-01 06:19:00,1900-01-01 06:21:07,Genève-Tours,34
4183,22093.0,2025-01-01,85068184,COCHST,1900-01-01 12:53:00,1900-01-01 12:51:42,Genève-Tours,34
4184,22093.0,2025-01-01,85068183,COCH01,1900-01-01 12:35:00,1900-01-01 12:37:02,Genève-Tours,34
4185,22093.0,2025-01-01,85068173,COCH01,1900-01-01 08:33:00,1900-01-01 08:36:46,Genève-Tours,34
4186,22093.0,2025-01-01,85068182,CHLXST,1900-01-01 12:10:00,1900-01-01 12:10:32,Genève-Tours,34
4187,22093.0,2025-01-01,85068175,COCH00,1900-01-01 08:54:00,1900-01-01 08:54:49,Genève-Tours,34
4188,22093.0,2025-01-01,85068181,CHLX01,1900-01-01 11:19:00,1900-01-01 11:18:02,Genève-Tours,34
4189,22093.0,2025-01-01,85072508,COCH00,1900-01-01 21:53:00,1900-01-01 21:54:30,Genève-Tours,34
4190,22092.0,2025-01-01,85068190,COCH00,1900-01-01 14:54:00,1900-01-01 14:58:38,Genève-Tours,34
4191,22092.0,2025-01-01,85068191,CHLX01,1900-01-01 15:19:00,1900-01-01 15:18:47,Genève-Tours,34
4192,22093.0,2025-01-01,85068180,COCH00,1900-01-01 10:54:00,1900-01-01 10:54:42,Genève-Tours,34
4193,22093.0,2025-01-01,85068196,COCH00,1900-01-01 15:54:00,1900-01-01 15:55:17,Genève-Tours,34
4194,22093.0,2025-01-01,85068178,COCH01,1900-01-01 10:34:00,1900-01-01 10:36:32,Genève-Tours,34
4195,22093.0,2025-01-01,85068176,CHLX01,1900-01-01 09:18:00,1900-01-01 09:19:05,Genève-Tours,34
4196,22093.0,2025-01-01,85068193,PSTA01,1900-01-01 15:29:44,1900-01-01 15:40:37,Genève-Tours,34
4197,22093.0,2025-01-01,85068194,COCH01,1900-01-01 15:35:00,1900-01-01 15:45:35,Genève-Tours,34
4198,22093.0,2025-01-01,85072496,COCH00,1900-01-01 12:54:00,1900-01-01 12:54:13,Genève-Tours,34
4199,22092.0,2025-01-01,85068149,COCH00,1900-01-01 07:54:00,1900-01-01 07:54:24,Genève-Tours,34
4200,22092.0,2025-01-01,85068148,COCHST,1900-01-01 07:53:00,1900-01-01 07:53:39,Genève-Tours,34
4201,22092.0,2025-01-01,85068144,COCH00,1900-01-01 05:55:00,1900-01-01 06:00:37,Genève-Tours,34
4202,22092.0,2025-01-01,85068147,COCH01,1900-01-01 07:33:00,1900-01-01 07:33:57,Genève-Tours,34
4203,22094.0,2025-01-01,85072511,CHLX01,1900-01-01 10:19:00,1900-01-01 11:01:49,Genève-Tours,34
4204,22093.0,2025-01-01,85068177,CHLXST,1900-01-01 10:10:00,1900-01-01 10:10:15,Genève-Tours,34
4205,22092.0,2025-01-01,85068223,CHLX01,1900-01-01 19:19:00,1900-01-01 19:17:06,Genève-Tours,34
4206,22093.0,2025-01-01,85072505,CHLXST,1900-01-01 19:10:00,1900-01-01 19:11:11,Genève-Tours,34
4207,22092.0,2025-01-01,85068146,CHLXST,1900-01-01 07:10:00,1900-01-01 06:25:46,Genève-Tours,34
4208,22092.0,2025-01-01,85068227,COCH00,1900-01-01 20:53:00,1900-01-01 20:53:51,Genève-Tours,34
4209,22092.0,2025-01-01,85068224,CHLXST,1900-01-01 20:10:00,1900-01-01 20:12:23,Genève-Tours,34
4210,22092.0,2025-01-01,85068225,COCH01,1900-01-01 20:33:00,1900-01-01 20:35:02,Genève-Tours,34
4211,22093.0,2025-01-01,85068207,CHLX01,1900-01-01 20:19:00,1900-01-01 20:20:25,Genève-Tours,34
4212,22093.0,2025-01-01,85068206,COCH00,1900-01-01 19:54:00,1900-01-01 19:54:46,Genève-Tours,34
4213,22092.0,2025-01-01,85072490,CHLXST,1900-01-01 07:10:00,1900-01-01 07:10:17,Genève-Tours,34
4214,22093.0,2025-01-01,85068208,CHLXST,1900-01-01 21:10:00,1900-01-01 21:09:46,Genève-Tours,34
4215,22093.0,2025-01-01,85068209,COCH01,1900-01-01 21:33:00,1900-01-01 21:33:10,Genève-Tours,34
4216,22093.0,2025-01-01,85068210,COCHST,1900-01-01 21:52:00,1900-01-01 21:36:36,Genève-Tours,34
4217,22093.0,2025-01-01,85068211,COCH00,1900-01-01 21:53:00,1900-01-01 21:51:23,Genève-Tours,34
4218,22092.0,2025-01-01,85068214,CHLXST,1900-01-01 16:10:00,1900-01-01 16:12:29,Genève-Tours,34
4219,22093.0,2025-01-01,85068205,COCHST,1900-01-01 19:53:00,1900-01-01 19:37:51,Genève-Tours,34
4220,22092.0,2025-01-01,85068215,COCH01,1900-01-01 16:35:00,1900-01-01 16:36:40,Genève-Tours,34
4221,22092.0,2025-01-01,85068216,COCHST,1900-01-01 16:53:00,1900-01-01 16:38:52,Genève-Tours,34
4222,22093.0,2025-01-01,85072497,CHLX01,1900-01-01 13:19:00,1900-01-01 13:18:36,Genève-Tours,34
4223,22092.0,2025-01-01,85068217,COCH00,1900-01-01 16:54:00,1900-01-01 16:55:34,Genève-Tours,34
4224,22092.0,2025-01-01,85068151,CHLXST,1900-01-01 09:10:00,1900-01-01 09:10:10,Genève-Tours,34
4225,22092.0,2025-01-01,85068219,CHLXST,1900-01-01 18:10:00,1900-01-01 18:12:29,Genève-Tours,34
4226,22092.0,2025-01-01,85068220,COCH01,1900-01-01 18:34:00,1900-01-01 18:33:43,Genève-Tours,34
4227,22092.0,2025-01-01,85068222,COCH00,1900-01-01 18:54:00,1900-01-01 18:56:37,Genève-Tours,34
4228,22093.0,2025-01-01,85072500,COCE01,1900-01-01 15:33:40,1900-01-01 15:43:47,Genève-Tours,34
4229,22093.0,2025-01-01,85068172,CHLXST,1900-01-01 08:10:00,1900-01-01 08:10:41,Genève-Tours,34
4230,22092.0,2025-01-01,85068150,CHLX01,1900-01-01 08:18:00,1900-01-01 08:18:05,Genève-Tours,34
4231,22093.0,2025-01-01,85068201,COCH00,1900-01-01 17:54:00,1900-01-01 17:54:50,Genève-Tours,34
4232,22092.0,2025-01-01,85068152,COCH01,1900-01-01 09:34:00,1900-01-01 09:35:28,Genève-Tours,34
4233,22093.0,2025-01-01,85068204,COCH01,1900-01-01 19:34:00,1900-01-01 19:36:55,Genève-Tours,34
4234,22093.0,2025-01-01,85068199,COCH01,1900-01-01 17:35:00,1900-01-01 17:38:57,Genève-Tours,34
4235,22093.0,2025-01-01,85068203,CHLXST,1900-01-01 19:10:00,1900-01-01 18:22:13,Genève-Tours,34
4236,22093.0,2025-01-01,85072503,CHVR01,1900-01-01 18:18:44,1900-01-01 19:04:58,Genève-Tours,34
4237,22093.0,2025-01-01,85068198,CHLXST,1900-01-01 17:10:00,1900-01-01 17:10:20,Genève-Tours,34
4238,22093.0,2025-01-01,85072504,CHLX01,1900-01-01 18:19:00,1900-01-01 19:05:46,Genève-Tours,34
4239,22092.0,2025-01-01,85068153,COCHST,1900-01-01 09:53:00,1900-01-01 09:54:34,Genève-Tours,34
4240,22092.0,2025-01-01,85068154,COCH00,1900-01-01 09:54:00,1900-01-01 09:55:06,Genève-Tours,34
4241,22092.0,2025-01-01,85068155,CHLX01,1900-01-01 10:19:00,1900-01-01 10:18:47,Genève-Tours,34
4242,22093.0,2025-01-01,85068202,CHLX01,1900-01-01 18:19:00,1900-01-01 18:21:44,Genève-Tours,34
4243,22094.0,2025-01-01,85068156,CHLXST,1900-01-01 11:10:00,1900-01-01 11:10:19,Genève-Tours,34
4244,22094.0,2025-01-01,85068157,COCH01,1900-01-01 11:35:00,1900-01-01 11:35:57,Genève-Tours,34
4245,22093.0,2025-01-01,85068167,CHLXST,1900-01-01 06:09:00,1900-01-01 06:09:55,Genève-Tours,34
4246,22094.0,2025-01-01,85068165,CHLX01,1900-01-01 14:19:00,1900-01-01 14:21:38,Genève-Tours,34
4247,22094.0,2025-01-01,85068158,COCHST,1900-01-01 11:53:00,1900-01-01 11:54:28,Genève-Tours,34
4248,22094.0,2025-01-01,85072513,CHLXST,1900-01-01 15:10:00,1900-01-01 15:10:08,Genève-Tours,34
4249,22094.0,2025-01-01,85068159,COCH00,1900-01-01 11:54:00,1900-01-01 11:55:01,Genève-Tours,34
4250,22094.0,2025-01-01,85068164,COCH00,1900-01-01 13:54:00,1900-01-01 13:55:14,Genève-Tours,34
4251,22094.0,2025-01-01,85068163,COCHST,1900-01-01 13:53:00,1900-01-01 13:54:25,Genève-Tours,34
4252,22092.0,2025-01-01,85068230,COCH01,1900-01-01 22:33:00,1900-01-01 22:31:48,Genève-Tours,34
4253,22092.0,2025-01-01,85068232,COCH00,1900-01-01 22:53:00,1900-01-01 22:56:12,Genève-Tours,34
4254,22094.0,2025-01-01,85068160,CHLX01,1900-01-01 12:20:00,1900-01-01 12:20:33,Genève-Tours,34
4255,22094.0,2025-01-01,85068162,COCH01,1900-01-01 13:35:00,1900-01-01 13:36:42,Genève-Tours,34
4256,22094.0,2025-01-01,85068161,CHLXST,1900-01-01 13:10:00,1900-01-01 13:10:39,Genève-Tours,34
4257,22092.0,2025-01-01,85068233,CHLX01,1900-01-01 23:16:00,1900-01-01 23:14:10,Genève-Tours,34
4258,22092.0,2025-01-01,85068231,COCHST,1900-01-01 22:52:00,1900-01-01 22:47:13,Genève-Tours,34
4259,22093.0,2025-01-01,85068197,CHLX01,1900-01-01 16:19:00,1900-01-01 16:18:30,Genève-Tours,34
4998,22055.0,2025-01-01,85068252,PRSM05,1900-01-01 20:22:00,1900-01-01 20:23:53,Genève-Tours,37
4999,22065.0,2025-01-01,85068002,LULI00,1900-01-01 12:56:00,1900-01-01 12:56:37,Genève-Tours,37
5000,22055.0,2025-01-01,85068255,LULI00,1900-01-01 21:54:00,1900-01-01 21:56:39,Genève-Tours,37
5001,22055.0,2025-01-01,85068256,PRSM05,1900-01-01 22:22:00,1900-01-01 22:16:10,Genève-Tours,37
5002,20983.0,2025-01-01,85056019,LULI00,1900-01-01 00:42:00,1900-01-01 00:41:37,Genève-Tours,37
5003,22065.0,2025-01-01,85068003,PRSM00,1900-01-01 13:20:00,1900-01-01 13:20:13,Genève-Tours,37
5004,22154.0,2025-01-01,85068008,LULI00,1900-01-01 13:57:00,1900-01-01 13:57:35,Genève-Tours,37
5005,20983.0,2025-01-01,85056018,PRSM05,1900-01-01 00:22:00,1900-01-01 00:23:01,Genève-Tours,37
5006,22153.0,2025-01-01,85068236,PRSM05,1900-01-01 06:26:00,1900-01-01 06:28:03,Genève-Tours,37
5007,21969.0,2025-01-01,85068030,LULI00,1900-01-01 15:57:00,1900-01-01 15:57:16,Genève-Tours,37
5008,22153.0,2025-01-01,85068240,PRSM05,1900-01-01 08:26:00,1900-01-01 08:20:25,Genève-Tours,37
5009,22153.0,2025-01-01,85068239,LULI00,1900-01-01 07:58:00,1900-01-01 07:58:24,Genève-Tours,37
5010,22154.0,2025-01-01,85068241,LULI00,1900-01-01 08:57:00,1900-01-01 08:58:12,Genève-Tours,37
5011,22055.0,2025-01-01,85068023,PRSM05,1900-01-01 17:22:00,1900-01-01 17:23:57,Genève-Tours,37
5012,22153.0,2025-01-01,85068237,LULI00,1900-01-01 06:58:00,1900-01-01 06:58:35,Genève-Tours,37
5013,22155.0,2025-01-01,85068257,LULI00,1900-01-01 22:54:00,1900-01-01 22:54:57,Genève-Tours,37
5014,21969.0,2025-01-01,85068029,PRSM05,1900-01-01 15:22:00,1900-01-01 15:23:07,Genève-Tours,37
5015,22065.0,2025-01-01,85068001,PRSM05,1900-01-01 12:22:00,1900-01-01 12:22:53,Genève-Tours,37
5016,22155.0,2025-01-01,85072596,PRSM05,1900-01-01 22:22:00,1900-01-01 22:22:26,Genève-Tours,37
5017,21969.0,2025-01-01,85068033,PRSM05,1900-01-01 18:22:00,1900-01-01 18:22:48,Genève-Tours,37
5018,22153.0,2025-01-01,85068238,PRSM05,1900-01-01 07:26:00,1900-01-01 07:28:06,Genève-Tours,37
5019,22055.0,2025-01-01,85068024,LULI00,1900-01-01 17:57:00,1900-01-01 17:58:27,Genève-Tours,37
5020,22055.0,2025-01-01,85068025,PRSM00,1900-01-01 18:20:00,1900-01-01 18:18:40,Genève-Tours,37
5021,22154.0,2025-01-01,85068242,PRSM05,1900-01-01 09:26:00,1900-01-01 09:27:24,Genève-Tours,37
5022,22065.0,2025-01-01,85068040,LULI00,1900-01-01 19:57:00,1900-01-01 19:58:27,Genève-Tours,37
5023,21969.0,2025-01-01,85068034,LULI00,1900-01-01 18:57:00,1900-01-01 18:57:21,Genève-Tours,37
5024,22154.0,2025-01-01,85072587,PRSM05,1900-01-01 08:26:00,1900-01-01 08:27:24,Genève-Tours,37
5025,22055.0,2025-01-01,85068253,LULI00,1900-01-01 20:54:00,1900-01-01 20:55:47,Genève-Tours,37
5026,22155.0,2025-01-01,85068259,LULI00,1900-01-01 23:54:00,1900-01-01 23:54:24,Genève-Tours,37
5027,22154.0,2025-01-01,85068007,PRSM05,1900-01-01 13:22:00,1900-01-01 13:24:11,Genève-Tours,37
5028,22154.0,2025-01-01,85068244,PRSM05,1900-01-01 10:26:00,1900-01-01 10:20:49,Genève-Tours,37
5029,22055.0,2025-01-01,85068019,PRSM05,1900-01-01 14:22:00,1900-01-01 14:22:01,Genève-Tours,37
5030,22065.0,2025-01-01,85068039,PRSM05,1900-01-01 19:22:00,1900-01-01 19:23:01,Genève-Tours,37
5031,22154.0,2025-01-01,85068011,PRSM05,1900-01-01 16:22:00,1900-01-01 16:23:55,Genève-Tours,37
5032,22154.0,2025-01-01,85068243,LULI00,1900-01-01 09:57:00,1900-01-01 09:58:00,Genève-Tours,37
5033,22154.0,2025-01-01,85068012,LULI00,1900-01-01 16:57:00,1900-01-01 16:58:00,Genève-Tours,37
5034,22055.0,2025-01-01,85068020,LULI00,1900-01-01 14:57:00,1900-01-01 14:58:07,Genève-Tours,37
5035,22155.0,2025-01-01,85068258,PRSM05,1900-01-01 23:22:00,1900-01-01 23:22:18,Genève-Tours,37
5036,22055.0,2025-01-01,85068254,PRSM05,1900-01-01 21:22:00,1900-01-01 21:24:03,Genève-Tours,37
5037,22153.0,2025-01-01,85068235,LULI00,1900-01-01 05:43:00,1900-01-01 05:44:23,Genève-Tours,37
5821,22064.0,2025-01-01,85068269,HERM02,1900-01-01 08:21:00,1900-01-01 08:21:40,Genève-Tours,38
5822,22054.0,2025-01-01,85068323,HERM01,1900-01-01 15:04:00,1900-01-01 15:05:41,Genève-Tours,38
5823,22064.0,2025-01-01,85068298,FAVR03,1900-01-01 23:02:00,1900-01-01 23:03:40,Genève-Tours,38
5824,22064.0,2025-01-01,85068283,FAVR04,1900-01-01 15:25:00,1900-01-01 15:25:49,Genève-Tours,38
5825,22064.0,2025-01-01,85068284,HERM01,1900-01-01 16:06:00,1900-01-01 16:08:01,Genève-Tours,38
5826,22064.0,2025-01-01,85068278,FAVR03,1900-01-01 13:03:00,1900-01-01 13:03:09,Genève-Tours,38
5827,22054.0,2025-01-01,85068339,HERM01,1900-01-01 23:05:00,1900-01-01 23:08:40,Genève-Tours,38
5828,22054.0,2025-01-01,85068320,HERM02,1900-01-01 13:21:00,1900-01-01 13:21:55,Genève-Tours,38
5829,22064.0,2025-01-01,85068297,HERM02,1900-01-01 22:22:00,1900-01-01 22:22:47,Genève-Tours,38
5830,22054.0,2025-01-01,85068322,FAVR04,1900-01-01 14:25:00,1900-01-01 14:25:31,Genève-Tours,38
5831,22064.0,2025-01-01,85068288,HERM01,1900-01-01 18:07:00,1900-01-01 18:07:46,Genève-Tours,38
5832,22054.0,2025-01-01,85068317,FAVR03,1900-01-01 12:03:00,1900-01-01 12:01:24,Genève-Tours,38
5833,22064.0,2025-01-01,85068270,FAVR03,1900-01-01 09:03:00,1900-01-01 09:02:20,Genève-Tours,38
5834,22054.0,2025-01-01,85068324,HERM02,1900-01-01 15:20:00,1900-01-01 15:20:36,Genève-Tours,38
5835,22054.0,2025-01-01,85068325,FAVR03,1900-01-01 16:03:00,1900-01-01 16:04:00,Genève-Tours,38
5836,22064.0,2025-01-01,85068279,FAVR04,1900-01-01 13:25:00,1900-01-01 13:26:03,Genève-Tours,38
5837,22064.0,2025-01-01,85068280,HERM01,1900-01-01 14:04:00,1900-01-01 14:08:59,Genève-Tours,38
5838,22064.0,2025-01-01,85068277,HERM02,1900-01-01 12:21:00,1900-01-01 12:22:03,Genève-Tours,38
5839,22054.0,2025-01-01,85068326,FAVR04,1900-01-01 16:25:00,1900-01-01 16:26:07,Genève-Tours,38
5840,22064.0,2025-01-01,85068275,FAVR04,1900-01-01 11:25:00,1900-01-01 11:26:47,Genève-Tours,38
5841,22064.0,2025-01-01,85068276,HERM01,1900-01-01 12:05:00,1900-01-01 12:03:52,Genève-Tours,38
5842,22054.0,2025-01-01,85068327,HERM01,1900-01-01 17:06:00,1900-01-01 17:07:13,Genève-Tours,38
5843,22064.0,2025-01-01,85068287,FAVR04,1900-01-01 17:25:00,1900-01-01 17:25:30,Genève-Tours,38
5844,22064.0,2025-01-01,85068299,FAVR04,1900-01-01 23:25:00,1900-01-01 23:26:21,Genève-Tours,38
5845,22054.0,2025-01-01,85068303,DPGET200,1900-01-01 05:14:00,1900-01-01 04:50:56,Genève-Tours,38
5846,22155.0,2025-01-01,85056119,FAVR03,1900-01-01 01:03:00,1900-01-01 01:00:40,Genève-Tours,38
5847,22054.0,2025-01-01,85068309,FAVR03,1900-01-01 08:02:00,1900-01-01 08:02:03,Genève-Tours,38
5848,22054.0,2025-01-01,85068308,HERM02,1900-01-01 07:22:00,1900-01-01 07:22:22,Genève-Tours,38
5849,22054.0,2025-01-01,85068331,HERM01,1900-01-01 19:06:00,1900-01-01 19:12:30,Genève-Tours,38
5850,22064.0,2025-01-01,85068294,FAVR03,1900-01-01 21:02:00,1900-01-01 21:04:46,Genève-Tours,38
5851,22054.0,2025-01-01,85068330,FAVR04,1900-01-01 18:25:00,1900-01-01 18:25:55,Genève-Tours,38
5852,22064.0,2025-01-01,85068285,HERM02,1900-01-01 16:20:00,1900-01-01 16:20:18,Genève-Tours,38
5853,22155.0,2025-01-01,85056118,HERM02,1900-01-01 00:21:00,1900-01-01 00:21:42,Genève-Tours,38
5854,22064.0,2025-01-01,85068268,HERM01,1900-01-01 08:04:00,1900-01-01 08:06:32,Genève-Tours,38
5855,22054.0,2025-01-01,85068336,HERM02,1900-01-01 21:23:00,1900-01-01 21:23:36,Genève-Tours,38
5856,22064.0,2025-01-01,85068286,FAVR03,1900-01-01 17:02:00,1900-01-01 17:05:49,Genève-Tours,38
5857,22054.0,2025-01-01,85068337,FAVR03,1900-01-01 22:02:00,1900-01-01 22:06:26,Genève-Tours,38
5858,22064.0,2025-01-01,85056061,FAVR04,1900-01-01 00:25:00,1900-01-01 00:26:49,Genève-Tours,38
5859,22155.0,2025-01-01,85056117,HERM01,1900-01-01 00:04:00,1900-01-01 00:09:12,Genève-Tours,38
5860,22064.0,2025-01-01,85068267,FAVR04,1900-01-01 07:25:00,1900-01-01 07:25:49,Genève-Tours,38
5861,22054.0,2025-01-01,85068307,HERM01,1900-01-01 07:04:00,1900-01-01 07:05:53,Genève-Tours,38
5862,22054.0,2025-01-01,85068306,FAVR04,1900-01-01 06:25:00,1900-01-01 06:25:19,Genève-Tours,38
5863,22054.0,2025-01-01,85068318,FAVR04,1900-01-01 12:25:00,1900-01-01 12:25:50,Genève-Tours,38
5864,22054.0,2025-01-01,85068319,HERM01,1900-01-01 13:06:00,1900-01-01 13:05:11,Genève-Tours,38
5865,22064.0,2025-01-01,85068293,HERM02,1900-01-01 20:22:00,1900-01-01 20:22:39,Genève-Tours,38
5866,22054.0,2025-01-01,85068262,DPGET200,1900-01-01 05:10:00,1900-01-01 04:42:02,Genève-Tours,38
5867,22064.0,2025-01-01,85072452,DPGET200,1900-01-01 05:14:00,1900-01-01 05:01:29,Genève-Tours,38
5868,22054.0,2025-01-01,85068329,FAVR03,1900-01-01 18:03:00,1900-01-01 18:08:17,Genève-Tours,38
5869,22054.0,2025-01-01,85068321,FAVR03,1900-01-01 14:03:00,1900-01-01 14:02:52,Genève-Tours,38
5870,22064.0,2025-01-01,85068282,FAVR03,1900-01-01 15:03:00,1900-01-01 15:04:24,Genève-Tours,38
5871,22064.0,2025-01-01,85068296,HERM01,1900-01-01 22:05:00,1900-01-01 22:08:14,Genève-Tours,38
5872,22054.0,2025-01-01,85068316,HERM02,1900-01-01 11:21:00,1900-01-01 11:21:59,Genève-Tours,38
5873,22064.0,2025-01-01,85068295,FAVR04,1900-01-01 21:25:00,1900-01-01 21:26:33,Genève-Tours,38
5874,22054.0,2025-01-01,85068328,HERM02,1900-01-01 17:20:00,1900-01-01 17:21:11,Genève-Tours,38
5875,22054.0,2025-01-01,85068338,FAVR04,1900-01-01 22:25:00,1900-01-01 22:25:32,Genève-Tours,38
5876,22064.0,2025-01-01,85068264,HERM01,1900-01-01 06:03:00,1900-01-01 06:06:56,Genève-Tours,38
5877,22064.0,2025-01-01,85068290,FAVR03,1900-01-01 19:02:00,1900-01-01 19:04:53,Genève-Tours,38
5878,22054.0,2025-01-01,85068333,FAVR03,1900-01-01 20:03:00,1900-01-01 20:04:12,Genève-Tours,38
5879,22054.0,2025-01-01,85068313,FAVR03,1900-01-01 10:03:00,1900-01-01 10:02:50,Genève-Tours,38
5880,22054.0,2025-01-01,85068304,HERM02,1900-01-01 05:24:00,1900-01-01 05:24:24,Genève-Tours,38
5881,22054.0,2025-01-01,85068332,HERM02,1900-01-01 19:21:00,1900-01-01 19:21:29,Genève-Tours,38
5882,22064.0,2025-01-01,85068266,FAVR03,1900-01-01 07:03:00,1900-01-01 07:05:09,Genève-Tours,38
5883,22064.0,2025-01-01,85068263,FAVR04,1900-01-01 05:25:00,1900-01-01 05:25:33,Genève-Tours,38
5884,22064.0,2025-01-01,85068291,FAVR04,1900-01-01 19:25:00,1900-01-01 19:26:04,Genève-Tours,38
5885,22054.0,2025-01-01,85068305,FAVR03,1900-01-01 06:02:00,1900-01-01 06:05:29,Genève-Tours,38
5886,22054.0,2025-01-01,85068312,HERM02,1900-01-01 09:21:00,1900-01-01 09:21:18,Genève-Tours,38
5887,22064.0,2025-01-01,85068292,HERM01,1900-01-01 20:05:00,1900-01-01 20:06:51,Genève-Tours,38
5888,22054.0,2025-01-01,85068315,HERM01,1900-01-01 11:05:00,1900-01-01 11:08:30,Genève-Tours,38
5889,22064.0,2025-01-01,85068274,FAVR03,1900-01-01 11:02:00,1900-01-01 11:02:03,Genève-Tours,38
5890,22054.0,2025-01-01,85068340,HERM02,1900-01-01 23:24:00,1900-01-01 23:25:51,Genève-Tours,38
5891,22054.0,2025-01-01,85068314,FAVR04,1900-01-01 10:25:00,1900-01-01 10:25:48,Genève-Tours,38
5892,22064.0,2025-01-01,85068272,HERM01,1900-01-01 10:05:00,1900-01-01 10:04:33,Genève-Tours,38
5893,22064.0,2025-01-01,85068281,HERM02,1900-01-01 14:20:00,1900-01-01 14:20:25,Genève-Tours,38
5894,22064.0,2025-01-01,85068273,HERM02,1900-01-01 10:21:00,1900-01-01 10:21:49,Genève-Tours,38
5895,22064.0,2025-01-01,85068271,FAVR04,1900-01-01 09:25:00,1900-01-01 09:25:43,Genève-Tours,38
5896,22054.0,2025-01-01,85068334,FAVR04,1900-01-01 20:25:00,1900-01-01 20:25:25,Genève-Tours,38
5897,22054.0,2025-01-01,85068335,HERM01,1900-01-01 21:05:00,1900-01-01 21:07:53,Genève-Tours,38
5898,22064.0,2025-01-01,85056060,FAVR03,1900-01-01 00:02:00,1900-01-01 00:01:09,Genève-Tours,38
5899,22054.0,2025-01-01,85068310,FAVR04,1900-01-01 08:25:00,1900-01-01 08:25:43,Genève-Tours,38
5900,22054.0,2025-01-01,85068311,HERM01,1900-01-01 09:04:00,1900-01-01 09:05:27,Genève-Tours,38
5901,22064.0,2025-01-01,85068265,HERM02,1900-01-01 06:23:00,1900-01-01 06:23:47,Genève-Tours,38
5902,22064.0,2025-01-01,85068289,HERM02,1900-01-01 18:20:00,1900-01-01 18:20:50,Genève-Tours,38
7577,22164.0,2025-01-01,85068458,FAVR99,1900-01-01 09:27:00,1900-01-01 09:01:11,ODIER,41
7578,22164.0,2025-01-01,85068459,TCAR01,1900-01-01 10:02:00,1900-01-01 10:01:37,ODIER,41
7579,21951.0,2025-01-01,85056347,FAVR99,1900-01-01 00:27:00,1900-01-01 00:28:10,ODIER,41
7580,22164.0,2025-01-01,85068457,TCAR01,1900-01-01 08:31:00,1900-01-01 08:33:02,ODIER,41
7581,22127.0,2025-01-01,85068462,FAVR99,1900-01-01 06:27:00,1900-01-01 06:29:32,ODIER,41
7582,22127.0,2025-01-01,85068463,TCAR01,1900-01-01 07:00:00,1900-01-01 07:11:52,ODIER,41
7583,22127.0,2025-01-01,85068467,TCAR01,1900-01-01 09:30:00,1900-01-01 09:31:08,ODIER,41
7584,22164.0,2025-01-01,85068452,FAVR99,1900-01-01 05:27:00,1900-01-01 05:31:00,ODIER,41
7585,22164.0,2025-01-01,85068453,TCAR01,1900-01-01 06:31:00,1900-01-01 06:00:15,ODIER,41
7586,21927.0,2025-01-01,85068485,TCAR01,1900-01-01 16:29:00,1900-01-01 16:30:29,ODIER,41
7587,22127.0,2025-01-01,85068461,TCAR04,1900-01-01 05:34:00,1900-01-01 05:36:33,ODIER,41
7588,22127.0,2025-01-01,85068469,TCAR01,1900-01-01 11:02:00,1900-01-01 11:01:12,ODIER,41
7589,22164.0,2025-01-01,85068455,TCAR01,1900-01-01 08:01:00,1900-01-01 08:00:14,ODIER,41
7590,22127.0,2025-01-01,85068468,FAVR99,1900-01-01 10:27:00,1900-01-01 10:29:14,ODIER,41
7591,22127.0,2025-01-01,85068478,FAVR99,1900-01-01 12:27:00,1900-01-01 12:29:08,ODIER,41
7592,22035.0,2025-01-01,85068507,TCAR01,1900-01-01 20:30:00,1900-01-01 20:31:27,ODIER,41
7593,22035.0,2025-01-01,85068508,FAVR99,1900-01-01 21:27:00,1900-01-01 21:28:39,ODIER,41
7594,22035.0,2025-01-01,85068509,TCAR01,1900-01-01 21:59:00,1900-01-01 22:00:48,ODIER,41
7595,22035.0,2025-01-01,85068506,FAVR99,1900-01-01 19:28:00,1900-01-01 19:29:14,ODIER,41
7596,21927.0,2025-01-01,85068484,FAVR99,1900-01-01 15:27:00,1900-01-01 15:28:45,ODIER,41
7597,20981.0,2025-01-01,85068495,TCAR01,1900-01-01 19:28:00,1900-01-01 19:27:22,ODIER,41
7598,20981.0,2025-01-01,85068494,FAVR99,1900-01-01 18:28:00,1900-01-01 18:28:43,ODIER,41
7599,20981.0,2025-01-01,85068501,TCAR01,1900-01-01 23:31:00,1900-01-01 23:33:00,ODIER,41
7600,22035.0,2025-01-01,85068511,TCAR01,1900-01-01 22:30:00,1900-01-01 22:32:08,ODIER,41
7601,20981.0,2025-01-01,85068500,FAVR99,1900-01-01 22:27:00,1900-01-01 22:01:10,ODIER,41
7602,20981.0,2025-01-01,85068498,CRGEST,1900-01-01 21:27:00,1900-01-01 21:04:51,ODIER,41
7603,22164.0,2025-01-01,85068475,TCAR01,1900-01-01 14:02:00,1900-01-01 14:05:35,ODIER,41
7604,22164.0,2025-01-01,85068474,FAVR99,1900-01-01 13:27:00,1900-01-01 13:27:55,ODIER,41
7605,20981.0,2025-01-01,85068497,TCAR01,1900-01-01 21:00:00,1900-01-01 21:03:23,ODIER,41
7606,20981.0,2025-01-01,85068496,FAVR99,1900-01-01 20:27:00,1900-01-01 19:59:23,ODIER,41
7607,22035.0,2025-01-01,85068505,TCAR01,1900-01-01 18:28:00,1900-01-01 18:29:46,ODIER,41
7608,22164.0,2025-01-01,85068471,TCAR01,1900-01-01 10:30:00,1900-01-01 10:31:12,ODIER,41
7609,20981.0,2025-01-01,85068493,TCAR01,1900-01-01 17:28:00,1900-01-01 17:30:10,ODIER,41
7610,22127.0,2025-01-01,85068466,FAVR99,1900-01-01 08:27:00,1900-01-01 08:28:33,ODIER,41
7611,22127.0,2025-01-01,85068479,TCAR01,1900-01-01 13:30:00,1900-01-01 13:31:32,ODIER,41
7612,22164.0,2025-01-01,85068454,FAVR99,1900-01-01 07:27:00,1900-01-01 07:29:30,ODIER,41
7613,22127.0,2025-01-01,85068465,TCAR01,1900-01-01 07:32:00,1900-01-01 07:33:15,ODIER,41
7614,22035.0,2025-01-01,85068491,TCAR01,1900-01-01 17:02:00,1900-01-01 17:04:23,ODIER,41
7615,22035.0,2025-01-01,85068490,FAVR99,1900-01-01 16:27:00,1900-01-01 16:28:36,ODIER,41
7616,21927.0,2025-01-01,85068486,FAVR99,1900-01-01 17:27:00,1900-01-01 17:28:36,ODIER,41
7617,21927.0,2025-01-01,85068487,TCAR01,1900-01-01 18:02:00,1900-01-01 18:03:34,ODIER,41
7618,22035.0,2025-01-01,85068489,TCAR01,1900-01-01 15:29:00,1900-01-01 15:30:06,ODIER,41
7619,22164.0,2025-01-01,85072600,TCAR01,1900-01-01 06:31:00,1900-01-01 06:33:42,ODIER,41
7620,22127.0,2025-01-01,85068480,FAVR99,1900-01-01 14:28:00,1900-01-01 14:29:07,ODIER,41
7621,21951.0,2025-01-01,85056348,TCAR01,1900-01-01 01:34:00,1900-01-01 01:33:46,ODIER,41
7622,22127.0,2025-01-01,85068481,TCAR01,1900-01-01 15:02:00,1900-01-01 15:03:34,ODIER,41
7623,22164.0,2025-01-01,85068472,FAVR99,1900-01-01 11:27:00,1900-01-01 11:28:06,ODIER,41
7624,20981.0,2025-01-01,85068499,TCAR01,1900-01-01 21:29:00,1900-01-01 21:29:46,ODIER,41
7625,22164.0,2025-01-01,85068473,TCAR01,1900-01-01 12:28:00,1900-01-01 12:29:15,ODIER,41
7626,21955.0,2025-01-01,85056447,FAVR99,1900-01-01 01:01:00,1900-01-01 01:02:42,ODIER,41
7627,21927.0,2025-01-01,85068483,TCAR01,1900-01-01 14:29:00,1900-01-01 14:31:31,ODIER,41
7628,21951.0,2025-01-01,85056349,PVEY02,1900-01-01 02:00:00,1900-01-01 02:00:30,ODIER,41
7629,22035.0,2025-01-01,85068512,FAVR99,1900-01-01 23:28:00,1900-01-01 23:30:04,ODIER,41
7630,21955.0,2025-01-01,85056446,TCAR01,1900-01-01 00:32:00,1900-01-01 00:33:19,ODIER,41
7631,21951.0,2025-01-01,85056350,TCAR01,1900-01-01 02:34:00,1900-01-01 02:33:21,ODIER,41
7632,21951.0,2025-01-01,85056353,PVEY02,1900-01-01 03:52:00,1900-01-01 03:54:34,ODIER,41
7633,21951.0,2025-01-01,85056352,TCAR01,1900-01-01 03:34:00,1900-01-01 03:33:48,ODIER,41
7634,22127.0,2025-01-01,85068477,TCAR01,1900-01-01 11:28:00,1900-01-01 11:30:47,ODIER,41
7635,21951.0,2025-01-01,85056351,PVEY02,1900-01-01 03:00:00,1900-01-01 03:00:38,ODIER,41
7636,22164.0,2025-01-01,85072599,CRGE01,1900-01-01 05:57:40,1900-01-01 06:15:53,ODIER,41
8901,22046.0,2025-01-01,85068832,CRCO05,1900-01-01 13:30:00,1900-01-01 13:31:01,ODIER,47
8902,21971.0,2025-01-01,85068775,LULY00,1900-01-01 12:54:00,1900-01-01 12:54:26,ODIER,47
8903,22003.0,2025-01-01,85068790,CRCO05,1900-01-01 18:30:00,1900-01-01 18:30:19,ODIER,47
8904,22010.0,2025-01-01,85068821,LULY00,1900-01-01 09:24:00,1900-01-01 09:24:21,ODIER,47
8905,22008.0,2025-01-01,85068799,LULY00,1900-01-01 21:54:00,1900-01-01 21:54:27,ODIER,47
8906,22166.0,2025-01-01,85072607,LULY00,1900-01-01 10:24:00,1900-01-01 10:24:53,ODIER,47
8907,22166.0,2025-01-01,85072611,PPOL00,1900-01-01 11:54:45,1900-01-01 11:55:42,ODIER,47
8908,22008.0,2025-01-01,85068798,CRCO05,1900-01-01 21:32:00,1900-01-01 21:33:43,ODIER,47
8909,21971.0,2025-01-01,85068774,CRCO05,1900-01-01 12:30:00,1900-01-01 12:32:36,ODIER,47
8910,21971.0,2025-01-01,85068782,CRCO05,1900-01-01 15:30:00,1900-01-01 15:30:16,ODIER,47
8911,22173.0,2025-01-01,85057302,LULY00,1900-01-01 00:42:00,1900-01-01 00:43:50,ODIER,47
8912,22166.0,2025-01-01,85068878,CRCO05,1900-01-01 10:00:00,1900-01-01 10:00:37,ODIER,47
8913,22194.0,2025-01-01,85068875,LULY00,1900-01-01 08:54:00,1900-01-01 08:54:44,ODIER,47
8914,22003.0,2025-01-01,85068813,LULY00,1900-01-01 06:24:00,1900-01-01 06:24:43,ODIER,47
8915,22173.0,2025-01-01,85057301,CRCO05,1900-01-01 00:32:00,1900-01-01 00:33:35,ODIER,47
8916,22166.0,2025-01-01,85068879,LULY00,1900-01-01 10:24:00,1900-01-01 10:18:39,ODIER,47
8917,22046.0,2025-01-01,85068771,LULY00,1900-01-01 11:24:00,1900-01-01 11:24:27,ODIER,47
8918,22046.0,2025-01-01,85068770,CRCO05,1900-01-01 11:00:00,1900-01-01 11:02:03,ODIER,47
8919,22003.0,2025-01-01,85068812,CRCO05,1900-01-01 06:00:00,1900-01-01 06:02:23,ODIER,47
8920,21970.0,2025-01-01,85068915,LULY00,1900-01-01 23:54:00,1900-01-01 23:54:10,ODIER,47
8921,22003.0,2025-01-01,85068786,CRCO05,1900-01-01 17:00:00,1900-01-01 16:59:57,ODIER,47
8922,22046.0,2025-01-01,85068767,LULY00,1900-01-01 09:54:00,1900-01-01 09:56:07,ODIER,47
8923,22008.0,2025-01-01,85057288,LULY00,1900-01-01 01:12:00,1900-01-01 01:11:56,ODIER,47
8924,22046.0,2025-01-01,85068766,CRCO05,1900-01-01 09:30:00,1900-01-01 09:31:26,ODIER,47
8925,21971.0,2025-01-01,85068783,LULY00,1900-01-01 15:54:00,1900-01-01 15:54:21,ODIER,47
8926,21970.0,2025-01-01,85068906,CRCO05,1900-01-01 20:30:00,1900-01-01 20:31:14,ODIER,47
8927,22046.0,2025-01-01,85068763,LULY00,1900-01-01 08:24:00,1900-01-01 08:24:41,ODIER,47
8928,22003.0,2025-01-01,85068791,LULY00,1900-01-01 18:54:00,1900-01-01 18:54:11,ODIER,47
8929,22046.0,2025-01-01,85068762,CRCO05,1900-01-01 08:00:00,1900-01-01 08:01:06,ODIER,47
8930,21970.0,2025-01-01,85068907,LULY00,1900-01-01 20:54:00,1900-01-01 20:55:19,ODIER,47
8931,22003.0,2025-01-01,85068809,LULY00,1900-01-01 04:54:00,1900-01-01 04:54:21,ODIER,47
8932,21970.0,2025-01-01,85068910,CRCO05,1900-01-01 22:02:00,1900-01-01 22:02:53,ODIER,47
8933,22008.0,2025-01-01,85057287,CRCO05,1900-01-01 01:02:00,1900-01-01 01:03:08,ODIER,47
8934,21970.0,2025-01-01,85068911,LULY00,1900-01-01 22:24:00,1900-01-01 22:24:11,ODIER,47
8935,22010.0,2025-01-01,85068820,CRCO05,1900-01-01 09:00:00,1900-01-01 09:00:05,ODIER,47
8936,22057.0,2025-01-01,85057263,LULY00,1900-01-01 00:25:00,1900-01-01 00:25:30,ODIER,47
8937,22057.0,2025-01-01,85057262,CRCO05,1900-01-01 00:02:00,1900-01-01 00:05:32,ODIER,47
8938,21971.0,2025-01-01,85068779,LULY00,1900-01-01 14:24:00,1900-01-01 14:24:08,ODIER,47
8939,21971.0,2025-01-01,85068778,CRCO05,1900-01-01 14:00:00,1900-01-01 14:02:13,ODIER,47
8940,22046.0,2025-01-01,85068755,LULY00,1900-01-01 05:24:00,1900-01-01 05:24:35,ODIER,47
8941,22003.0,2025-01-01,85068817,LULY00,1900-01-01 07:54:00,1900-01-01 07:55:30,ODIER,47
8942,22046.0,2025-01-01,85068759,LULY00,1900-01-01 06:54:00,1900-01-01 06:40:37,ODIER,47
8943,22003.0,2025-01-01,85068816,CRCO05,1900-01-01 07:30:00,1900-01-01 07:33:49,ODIER,47
8944,22046.0,2025-01-01,85068758,CRCO05,1900-01-01 06:30:00,1900-01-01 06:30:38,ODIER,47
8945,22010.0,2025-01-01,85068829,LULY00,1900-01-01 12:24:00,1900-01-01 12:23:56,ODIER,47
8946,21970.0,2025-01-01,85068914,CRCO05,1900-01-01 23:31:00,1900-01-01 23:32:15,ODIER,47
8947,22058.0,2025-01-01,85068849,LULY00,1900-01-01 19:54:00,1900-01-01 19:54:46,ODIER,47
8948,22194.0,2025-01-01,85068871,LULY00,1900-01-01 07:23:00,1900-01-01 07:24:11,ODIER,47
8949,21970.0,2025-01-01,85068903,LULY00,1900-01-01 19:24:00,1900-01-01 19:24:43,ODIER,47
8950,22194.0,2025-01-01,85068874,CRCO05,1900-01-01 08:30:00,1900-01-01 08:31:06,ODIER,47
8951,22194.0,2025-01-01,85068866,CRCO05,1900-01-01 05:20:00,1900-01-01 05:20:27,ODIER,47
8952,22058.0,2025-01-01,85068848,CRCO05,1900-01-01 19:30:00,1900-01-01 19:30:29,ODIER,47
8953,22010.0,2025-01-01,85068828,CRCO05,1900-01-01 12:00:00,1900-01-01 12:03:31,ODIER,47
8954,22008.0,2025-01-01,85068803,LULY00,1900-01-01 23:24:00,1900-01-01 23:24:51,ODIER,47
8955,22058.0,2025-01-01,85068845,LULY00,1900-01-01 18:24:00,1900-01-01 18:25:07,ODIER,47
8956,22010.0,2025-01-01,85068857,LULY00,1900-01-01 22:54:00,1900-01-01 22:55:13,ODIER,47
8957,22008.0,2025-01-01,85068802,CRCO05,1900-01-01 23:02:00,1900-01-01 23:03:23,ODIER,47
8958,22166.0,2025-01-01,85068882,CRCO05,1900-01-01 11:30:00,1900-01-01 11:30:35,ODIER,47
8959,22046.0,2025-01-01,85068836,CRCO05,1900-01-01 15:00:00,1900-01-01 15:00:28,ODIER,47
8960,22010.0,2025-01-01,85068856,CRCO05,1900-01-01 22:32:00,1900-01-01 22:33:08,ODIER,47
8961,22194.0,2025-01-01,85068867,LULY00,1900-01-01 05:54:00,1900-01-01 05:54:43,ODIER,47
8962,22003.0,2025-01-01,85068795,LULY00,1900-01-01 20:24:00,1900-01-01 20:24:40,ODIER,47
8963,22058.0,2025-01-01,85068844,CRCO05,1900-01-01 18:00:00,1900-01-01 18:02:01,ODIER,47
8964,22046.0,2025-01-01,85068833,LULY00,1900-01-01 13:54:00,1900-01-01 13:54:49,ODIER,47
8965,22166.0,2025-01-01,85068883,LULY00,1900-01-01 11:54:00,1900-01-01 11:50:20,ODIER,47
8966,22194.0,2025-01-01,85068870,CRCO05,1900-01-01 07:00:00,1900-01-01 07:01:08,ODIER,47
8967,22003.0,2025-01-01,85068794,CRCO05,1900-01-01 20:00:00,1900-01-01 20:00:20,ODIER,47
8968,22003.0,2025-01-01,85068787,LULY00,1900-01-01 17:24:00,1900-01-01 17:24:13,ODIER,47
8969,22046.0,2025-01-01,85068841,LULY00,1900-01-01 16:54:00,1900-01-01 16:54:37,ODIER,47
8970,22058.0,2025-01-01,85068852,CRCO05,1900-01-01 21:00:00,1900-01-01 21:01:31,ODIER,47
8971,22166.0,2025-01-01,85068886,CRCO05,1900-01-01 13:00:00,1900-01-01 13:01:25,ODIER,47
8972,22010.0,2025-01-01,85068825,LULY00,1900-01-01 10:54:00,1900-01-01 10:54:14,ODIER,47
8973,22046.0,2025-01-01,85068837,LULY00,1900-01-01 15:24:00,1900-01-01 15:25:05,ODIER,47
8974,22166.0,2025-01-01,85068887,LULY00,1900-01-01 13:24:00,1900-01-01 13:25:12,ODIER,47
8975,22058.0,2025-01-01,85068853,LULY00,1900-01-01 21:24:00,1900-01-01 21:24:29,ODIER,47
8976,22046.0,2025-01-01,85068840,CRCO05,1900-01-01 16:30:00,1900-01-01 16:30:35,ODIER,47
8977,22010.0,2025-01-01,85068824,CRCO05,1900-01-01 10:30:00,1900-01-01 10:30:15,ODIER,47
8978,21970.0,2025-01-01,85068902,CRCO05,1900-01-01 19:00:00,1900-01-01 19:00:52,ODIER,47
9828,22010.0,2025-01-01,85068826,CRCO02,1900-01-01 11:06:00,1900-01-01 11:06:04,ODIER,48
9829,22010.0,2025-01-01,85068827,ZIPL02,1900-01-01 11:41:00,1900-01-01 11:24:16,ODIER,48
9830,22046.0,2025-01-01,85068839,ZIPL02,1900-01-01 16:10:00,1900-01-01 16:10:37,ODIER,48
9831,21971.0,2025-01-01,85068784,CRCO02,1900-01-01 16:06:00,1900-01-01 16:09:36,ODIER,48
9832,21970.0,2025-01-01,85068909,ZIPL02,1900-01-01 21:43:00,1900-01-01 21:43:32,ODIER,48
9833,22010.0,2025-01-01,85068858,CRCO02,1900-01-01 23:06:00,1900-01-01 23:06:44,ODIER,48
9834,21971.0,2025-01-01,85068780,CRCO02,1900-01-01 14:36:00,1900-01-01 14:37:08,ODIER,48
9835,22046.0,2025-01-01,85072412,ZIPL02,1900-01-01 13:11:00,1900-01-01 13:13:49,ODIER,48
9836,22010.0,2025-01-01,85068859,ZIPL02,1900-01-01 23:45:00,1900-01-01 23:45:24,ODIER,48
9837,22046.0,2025-01-01,85068838,CRCO02,1900-01-01 15:36:00,1900-01-01 15:36:55,ODIER,48
9838,22166.0,2025-01-01,85068880,CRCO02,1900-01-01 10:36:00,1900-01-01 10:37:25,ODIER,48
9839,22194.0,2025-01-01,85068872,CRCO02,1900-01-01 07:35:00,1900-01-01 07:36:38,ODIER,48
9840,22194.0,2025-01-01,85068868,CRCO02,1900-01-01 06:06:00,1900-01-01 06:06:21,ODIER,48
9841,21971.0,2025-01-01,85068777,ZIPL02,1900-01-01 13:41:00,1900-01-01 13:41:21,ODIER,48
9842,22003.0,2025-01-01,85068788,CRCO02,1900-01-01 17:36:00,1900-01-01 17:39:11,ODIER,48
9843,21970.0,2025-01-01,85068912,CRCO02,1900-01-01 22:36:00,1900-01-01 22:36:12,ODIER,48
9844,22008.0,2025-01-01,85068804,CRCO02,1900-01-01 23:36:00,1900-01-01 23:38:05,ODIER,48
9845,22003.0,2025-01-01,85068793,ZIPL02,1900-01-01 19:40:00,1900-01-01 19:26:06,ODIER,48
9846,22046.0,2025-01-01,85068764,CRCO02,1900-01-01 08:36:00,1900-01-01 08:36:36,ODIER,48
9847,22046.0,2025-01-01,85068769,ZIPL02,1900-01-01 10:41:00,1900-01-01 10:26:01,ODIER,48
9848,21970.0,2025-01-01,85068905,ZIPL02,1900-01-01 20:10:00,1900-01-01 20:11:08,ODIER,48
9849,22166.0,2025-01-01,85068876,PFLE01,1900-01-01 09:22:55,1900-01-01 09:35:49,ODIER,48
9850,22010.0,2025-01-01,85068855,ZIPL02,1900-01-01 22:13:00,1900-01-01 22:13:35,ODIER,48
9851,21971.0,2025-01-01,85068781,ZIPL02,1900-01-01 15:10:00,1900-01-01 15:09:38,ODIER,48
9852,22010.0,2025-01-01,85068830,CRCO02,1900-01-01 12:36:00,1900-01-01 12:38:19,ODIER,48
9853,21970.0,2025-01-01,85068908,CRCO02,1900-01-01 21:06:00,1900-01-01 21:08:24,ODIER,48
9854,21970.0,2025-01-01,85068901,ZIPL02,1900-01-01 18:40:00,1900-01-01 18:40:51,ODIER,48
9855,22046.0,2025-01-01,85068842,CRCO02,1900-01-01 17:06:00,1900-01-01 17:06:28,ODIER,48
9856,22194.0,2025-01-01,85068869,ZIPL02,1900-01-01 06:42:00,1900-01-01 06:44:02,ODIER,48
9857,22046.0,2025-01-01,85068843,ZIPL02,1900-01-01 17:40:00,1900-01-01 17:24:28,ODIER,48
9858,22046.0,2025-01-01,85068768,CRCO02,1900-01-01 10:06:00,1900-01-01 10:07:45,ODIER,48
9859,22058.0,2025-01-01,85068854,CRCO02,1900-01-01 21:36:00,1900-01-01 21:36:30,ODIER,48
9860,22046.0,2025-01-01,85072406,ZIPL03,1900-01-01 10:26:27,1900-01-01 10:29:23,ODIER,48
9861,22166.0,2025-01-01,85068885,ZIPL02,1900-01-01 12:41:00,1900-01-01 12:42:09,ODIER,48
9862,22166.0,2025-01-01,85068884,CRCO02,1900-01-01 12:06:00,1900-01-01 12:07:35,ODIER,48
9863,22166.0,2025-01-01,85068881,ZIPL02,1900-01-01 11:11:00,1900-01-01 11:10:52,ODIER,48
9864,21970.0,2025-01-01,85068900,COTR00,1900-01-01 18:21:17,1900-01-01 18:34:06,ODIER,48
9865,22173.0,2025-01-01,85057300,ZIPL02,1900-01-01 00:14:00,1900-01-01 00:15:25,ODIER,48
9866,22008.0,2025-01-01,85068801,ZIPL02,1900-01-01 22:45:00,1900-01-01 22:45:54,ODIER,48
9867,22166.0,2025-01-01,85068888,CRCO02,1900-01-01 13:36:00,1900-01-01 13:37:44,ODIER,48
9868,21970.0,2025-01-01,85068904,CRCO02,1900-01-01 19:36:00,1900-01-01 19:37:37,ODIER,48
9869,22008.0,2025-01-01,85068800,CRCO02,1900-01-01 22:06:00,1900-01-01 22:08:42,ODIER,48
9870,22166.0,2025-01-01,85068889,ZIPL02,1900-01-01 14:11:00,1900-01-01 13:54:24,ODIER,48
9871,22058.0,2025-01-01,85068851,ZIPL02,1900-01-01 20:41:00,1900-01-01 20:41:53,ODIER,48
9872,21971.0,2025-01-01,85068772,ZIPL03,1900-01-01 11:56:27,1900-01-01 11:59:56,ODIER,48
9873,22003.0,2025-01-01,85068789,ZIPL02,1900-01-01 18:10:00,1900-01-01 18:09:48,ODIER,48
9874,21971.0,2025-01-01,85068776,CRCO02,1900-01-01 13:06:00,1900-01-01 13:08:23,ODIER,48
9875,21970.0,2025-01-01,85068913,ZIPL02,1900-01-01 23:14:00,1900-01-01 23:14:23,ODIER,48
9876,22194.0,2025-01-01,85068865,ZIPL02,1900-01-01 05:02:00,1900-01-01 05:03:10,ODIER,48
9877,22058.0,2025-01-01,85068850,CRCO02,1900-01-01 20:06:00,1900-01-01 20:06:25,ODIER,48
9878,21971.0,2025-01-01,85068785,ZIPL02,1900-01-01 16:40:00,1900-01-01 16:30:00,ODIER,48
9879,22046.0,2025-01-01,85068761,ZIPL02,1900-01-01 07:42:00,1900-01-01 07:42:43,ODIER,48
9880,22046.0,2025-01-01,85068760,CRCO02,1900-01-01 07:06:00,1900-01-01 07:06:42,ODIER,48
9881,22046.0,2025-01-01,85068757,ZIPL02,1900-01-01 06:12:00,1900-01-01 06:12:55,ODIER,48
9882,21971.0,2025-01-01,85068773,ZIPL02,1900-01-01 12:11:00,1900-01-01 12:11:21,ODIER,48
9883,22046.0,2025-01-01,85068835,ZIPL02,1900-01-01 14:41:00,1900-01-01 14:41:47,ODIER,48
9884,22046.0,2025-01-01,85068834,CRCO02,1900-01-01 14:06:00,1900-01-01 14:06:45,ODIER,48
9885,22058.0,2025-01-01,85068846,CRCO02,1900-01-01 18:36:00,1900-01-01 18:36:24,ODIER,48
9886,22058.0,2025-01-01,85068847,ZIPL02,1900-01-01 19:10:00,1900-01-01 19:10:58,ODIER,48
9887,22194.0,2025-01-01,85068873,ZIPL02,1900-01-01 08:12:00,1900-01-01 08:14:27,ODIER,48
9888,22046.0,2025-01-01,85068765,ZIPL02,1900-01-01 09:11:00,1900-01-01 09:12:08,ODIER,48
9889,22046.0,2025-01-01,85068756,CRCO02,1900-01-01 05:36:00,1900-01-01 05:36:22,ODIER,48
9890,22166.0,2025-01-01,85068877,ZIPL02,1900-01-01 09:42:00,1900-01-01 09:43:37,ODIER,48
9891,22003.0,2025-01-01,85072319,ZIPL03,1900-01-01 19:26:47,1900-01-01 19:34:10,ODIER,48
9892,22003.0,2025-01-01,85068818,CRCO02,1900-01-01 08:06:00,1900-01-01 08:07:59,ODIER,48
9893,22003.0,2025-01-01,85072317,ZIPL02,1900-01-01 16:40:00,1900-01-01 16:40:11,ODIER,48
9894,22003.0,2025-01-01,85068815,ZIPL02,1900-01-01 07:12:00,1900-01-01 07:13:36,ODIER,48
9895,22003.0,2025-01-01,85072320,ZIPL02,1900-01-01 19:40:00,1900-01-01 19:34:12,ODIER,48
9896,22046.0,2025-01-01,85072408,CRCO02,1900-01-01 11:36:00,1900-01-01 11:37:26,ODIER,48
9897,22003.0,2025-01-01,85072321,ZIPL03,1900-01-01 19:26:47,1900-01-01 19:34:27,ODIER,48
9898,22008.0,2025-01-01,85072348,ZIPL03,1900-01-01 20:56:08,1900-01-01 21:04:36,ODIER,48
9899,22003.0,2025-01-01,85072318,ZIPL02,1900-01-01 19:40:00,1900-01-01 19:28:44,ODIER,48
9900,22003.0,2025-01-01,85068811,ZIPL02,1900-01-01 05:42:00,1900-01-01 05:43:29,ODIER,48
9901,22010.0,2025-01-01,85072356,MANU02,1900-01-01 08:42:20,1900-01-01 08:43:05,ODIER,48
9902,22003.0,2025-01-01,85068814,CRCO02,1900-01-01 06:36:00,1900-01-01 06:38:16,ODIER,48
9903,22008.0,2025-01-01,85057286,ZIPL02,1900-01-01 00:44:00,1900-01-01 00:45:39,ODIER,48
9904,22057.0,2025-01-01,85057264,CRCO02,1900-01-01 00:37:00,1900-01-01 00:37:53,ODIER,48
9905,22010.0,2025-01-01,85068822,CRCO02,1900-01-01 09:36:00,1900-01-01 09:36:00,ODIER,48
9906,22003.0,2025-01-01,85072326,ZIPL02,1900-01-01 19:40:00,1900-01-01 19:41:00,ODIER,48
9907,22003.0,2025-01-01,85072322,ZIPL02,1900-01-01 19:40:00,1900-01-01 19:34:28,ODIER,48
9908,22194.0,2025-01-01,85072653,CRCO02,1900-01-01 09:06:00,1900-01-01 09:06:23,ODIER,48
9909,22046.0,2025-01-01,85072407,ZIPL02,1900-01-01 10:41:00,1900-01-01 10:42:22,ODIER,48
9910,22010.0,2025-01-01,85068831,ZIPL02,1900-01-01 13:11:00,1900-01-01 12:55:11,ODIER,48
9911,22166.0,2025-01-01,85072609,ZIPL02,1900-01-01 11:11:00,1900-01-01 11:12:35,ODIER,48
9912,22003.0,2025-01-01,85068792,CRCO02,1900-01-01 19:06:00,1900-01-01 19:06:18,ODIER,48
9913,22003.0,2025-01-01,85068810,CRCO02,1900-01-01 05:06:00,1900-01-01 05:08:00,ODIER,48
9914,22046.0,2025-01-01,85072409,ZIPL02,1900-01-01 12:11:00,1900-01-01 11:56:55,ODIER,48
9915,22010.0,2025-01-01,85068823,ZIPL02,1900-01-01 10:11:00,1900-01-01 09:54:22,ODIER,48
9916,22003.0,2025-01-01,85068796,CRCO02,1900-01-01 20:36:00,1900-01-01 20:36:25,ODIER,48
9917,22058.0,2025-01-01,85072448,ZIPL02,1900-01-01 17:40:00,1900-01-01 17:41:15,ODIER,48
9918,22008.0,2025-01-01,85072350,LOCH01,1900-01-01 21:18:36,1900-01-01 21:20:28,ODIER,48
9919,22003.0,2025-01-01,85068819,ZIPL02,1900-01-01 08:42:00,1900-01-01 08:26:17,ODIER,48
9920,22003.0,2025-01-01,85072323,ZIPL03,1900-01-01 19:26:47,1900-01-01 19:34:41,ODIER,48
9921,22008.0,2025-01-01,85068797,ZIPL02,1900-01-01 21:13:00,1900-01-01 21:14:29,ODIER,48
9922,22003.0,2025-01-01,85072324,ZIPL02,1900-01-01 19:40:00,1900-01-01 19:34:42,ODIER,48
9923,22003.0,2025-01-01,85072325,ZIPL03,1900-01-01 19:26:47,1900-01-01 19:35:18,ODIER,48
9924,22008.0,2025-01-01,85057285,CRCO02,1900-01-01 00:07:00,1900-01-01 00:09:14,ODIER,48
9925,22166.0,2025-01-01,85072606,LULY05,1900-01-01 09:54:20,1900-01-01 10:20:39,ODIER,48
9926,22166.0,2025-01-01,85072608,ZIPL03,1900-01-01 10:56:27,1900-01-01 11:12:04,ODIER,48
9927,22057.0,2025-01-01,85057265,ZIPL02,1900-01-01 01:38:00,1900-01-01 00:57:55,ODIER,48
9928,22166.0,2025-01-01,85072610,LULY05,1900-01-01 11:23:20,1900-01-01 11:54:45,ODIER,48
11391,22002.0,2025-01-01,85069135,CREN00,1900-01-01 07:15:00,1900-01-01 07:15:56,GLOBE,51
11392,22002.0,2025-01-01,85069154,MERV00,1900-01-01 16:49:00,1900-01-01 16:50:17,GLOBE,51
11393,22002.0,2025-01-01,85069137,CREN00,1900-01-01 08:15:00,1900-01-01 08:16:14,GLOBE,51
11394,22002.0,2025-01-01,85069155,CREN00,1900-01-01 17:19:00,1900-01-01 17:19:58,GLOBE,51
11395,22002.0,2025-01-01,85069168,MERV00,1900-01-01 23:56:00,1900-01-01 23:58:22,GLOBE,51
11396,22002.0,2025-01-01,85069146,MERV00,1900-01-01 12:44:00,1900-01-01 12:45:38,GLOBE,51
11397,22002.0,2025-01-01,85069166,MERV00,1900-01-01 22:56:00,1900-01-01 22:57:54,GLOBE,51
11398,22002.0,2025-01-01,85069153,CREN00,1900-01-01 16:18:00,1900-01-01 16:19:14,GLOBE,51
11399,22002.0,2025-01-01,85069138,MERV00,1900-01-01 08:42:00,1900-01-01 08:43:47,GLOBE,51
11400,22002.0,2025-01-01,85069140,MERV00,1900-01-01 09:43:00,1900-01-01 09:43:17,GLOBE,51
11401,22137.0,2025-01-01,85057725,MERV00,1900-01-01 00:49:00,1900-01-01 00:47:28,GLOBE,51
11402,22002.0,2025-01-01,85069133,CREN00,1900-01-01 06:15:00,1900-01-01 06:15:29,GLOBE,51
11403,22002.0,2025-01-01,85069148,MERV00,1900-01-01 13:45:00,1900-01-01 13:46:17,GLOBE,51
11404,22002.0,2025-01-01,85069164,MERV00,1900-01-01 21:56:00,1900-01-01 21:57:39,GLOBE,51
11405,22002.0,2025-01-01,85069145,CREN00,1900-01-01 12:15:00,1900-01-01 12:16:29,GLOBE,51
11406,22002.0,2025-01-01,85069156,MERV00,1900-01-01 17:50:00,1900-01-01 17:51:33,GLOBE,51
11407,22002.0,2025-01-01,85069152,MERV00,1900-01-01 15:48:00,1900-01-01 15:49:40,GLOBE,51
11408,22002.0,2025-01-01,85069141,CREN00,1900-01-01 10:15:00,1900-01-01 10:08:39,GLOBE,51
11409,22002.0,2025-01-01,85069139,CREN00,1900-01-01 09:15:00,1900-01-01 09:15:27,GLOBE,51
11410,22002.0,2025-01-01,85069134,MERV00,1900-01-01 06:42:00,1900-01-01 06:42:50,GLOBE,51
11411,22002.0,2025-01-01,85069157,CREN00,1900-01-01 18:20:00,1900-01-01 18:21:18,GLOBE,51
11412,22002.0,2025-01-01,85069144,MERV00,1900-01-01 11:44:00,1900-01-01 11:45:21,GLOBE,51
11413,22002.0,2025-01-01,85069165,CREN00,1900-01-01 22:25:00,1900-01-01 22:26:48,GLOBE,51
11414,22002.0,2025-01-01,85069162,MERV00,1900-01-01 20:56:00,1900-01-01 20:57:04,GLOBE,51
11415,22002.0,2025-01-01,85069149,CREN00,1900-01-01 14:16:00,1900-01-01 14:16:37,GLOBE,51
11416,22002.0,2025-01-01,85069158,MERV00,1900-01-01 18:51:00,1900-01-01 18:51:20,GLOBE,51
11417,22002.0,2025-01-01,85069142,MERV00,1900-01-01 10:44:00,1900-01-01 10:45:36,GLOBE,51
11418,22002.0,2025-01-01,85069167,CREN00,1900-01-01 23:25:00,1900-01-01 23:27:46,GLOBE,51
11419,22002.0,2025-01-01,85069143,CREN00,1900-01-01 11:15:00,1900-01-01 11:17:50,GLOBE,51
11420,22002.0,2025-01-01,85069136,MERV00,1900-01-01 07:42:00,1900-01-01 07:42:54,GLOBE,51
11421,22002.0,2025-01-01,85069147,CREN00,1900-01-01 13:15:00,1900-01-01 13:15:45,GLOBE,51
11422,22002.0,2025-01-01,85069159,CREN00,1900-01-01 19:20:00,1900-01-01 19:13:39,GLOBE,51
11423,22002.0,2025-01-01,85069151,CREN00,1900-01-01 15:17:00,1900-01-01 15:19:01,GLOBE,51
11424,22002.0,2025-01-01,85069150,MERV00,1900-01-01 14:47:00,1900-01-01 14:43:38,GLOBE,51
11425,22002.0,2025-01-01,85069160,MERV00,1900-01-01 19:50:00,1900-01-01 19:47:34,GLOBE,51
11426,22002.0,2025-01-01,85069163,CREN00,1900-01-01 21:25:00,1900-01-01 21:29:11,GLOBE,51
11427,22002.0,2025-01-01,85069161,CREN00,1900-01-01 20:22:00,1900-01-01 20:13:58,GLOBE,51
11428,22137.0,2025-01-01,85057724,CREN00,1900-01-01 00:25:00,1900-01-01 00:15:59,GLOBE,51
11429,22002.0,2025-01-01,85086459,RIAN00,1900-01-01 19:46:54,1900-01-01 19:47:34,GLOBE,51
11430,22002.0,2025-01-01,85086458,MERV00,1900-01-01 14:47:00,1900-01-01 14:47:55,GLOBE,51
11431,22002.0,2025-01-01,85086457,RIAN00,1900-01-01 14:43:28,1900-01-01 14:43:38,GLOBE,51
11432,22002.0,2025-01-01,85086456,CHLA01,1900-01-01 11:33:20,1900-01-01 11:32:26,GLOBE,51
11433,22002.0,2025-01-01,85086460,ROUS00,1900-01-01 19:50:51,1900-01-01 19:51:06,GLOBE,51
11434,22002.0,2025-01-01,85086455,GCMP01,1900-01-01 11:03:08,1900-01-01 11:26:13,GLOBE,51
12216,22131.0,2025-01-01,85069177,BOSY00,1900-01-01 08:02:00,1900-01-01 08:04:00,ODIER,52
12217,20503.0,2025-01-01,85069204,HGEN00,1900-01-01 19:31:00,1900-01-01 19:31:32,ODIER,52
12218,22130.0,2025-01-01,85069194,HGEN00,1900-01-01 15:31:00,1900-01-01 15:31:56,ODIER,52
12219,22131.0,2025-01-01,85069181,BOSY00,1900-01-01 10:02:00,1900-01-01 10:03:32,ODIER,52
12220,22131.0,2025-01-01,85069183,BOSY00,1900-01-01 11:02:00,1900-01-01 11:02:45,ODIER,52
12221,22131.0,2025-01-01,85069172,HGEN00,1900-01-01 05:32:00,1900-01-01 05:32:43,ODIER,52
12222,20503.0,2025-01-01,85069212,HGEN00,1900-01-01 23:31:00,1900-01-01 23:34:39,ODIER,52
12223,22130.0,2025-01-01,85069195,BOSY00,1900-01-01 16:01:00,1900-01-01 16:03:01,ODIER,52
12224,20503.0,2025-01-01,85058196,BOSY00,1900-01-01 03:03:00,1900-01-01 03:04:17,ODIER,52
12225,20503.0,2025-01-01,85069203,BOSY00,1900-01-01 19:00:00,1900-01-01 19:00:56,ODIER,52
12226,20503.0,2025-01-01,85069211,BOSY00,1900-01-01 23:01:00,1900-01-01 23:05:21,ODIER,52
12227,20503.0,2025-01-01,85069210,HGEN00,1900-01-01 22:31:00,1900-01-01 22:34:28,ODIER,52
12228,22131.0,2025-01-01,85069174,HGEN00,1900-01-01 06:32:00,1900-01-01 06:32:46,ODIER,52
12229,22131.0,2025-01-01,85069179,BOSY00,1900-01-01 09:02:00,1900-01-01 09:02:32,ODIER,52
12230,22131.0,2025-01-01,85069173,BOSY00,1900-01-01 06:02:00,1900-01-01 06:06:11,ODIER,52
12231,20503.0,2025-01-01,85058195,HGEN00,1900-01-01 02:33:00,1900-01-01 02:34:19,ODIER,52
12232,22130.0,2025-01-01,85069193,BOSY00,1900-01-01 15:01:00,1900-01-01 15:01:48,ODIER,52
12233,20503.0,2025-01-01,85069201,BOSY00,1900-01-01 18:00:00,1900-01-01 18:01:09,ODIER,52
12234,20503.0,2025-01-01,85069206,HGEN00,1900-01-01 20:31:00,1900-01-01 20:32:11,ODIER,52
12235,20503.0,2025-01-01,85069199,BOSY00,1900-01-01 17:00:00,1900-01-01 17:00:39,ODIER,52
12236,22130.0,2025-01-01,85069197,BOSY00,1900-01-01 16:55:00,1900-01-01 16:56:46,ODIER,52
12237,22130.0,2025-01-01,85069191,BOSY00,1900-01-01 14:01:00,1900-01-01 14:01:41,ODIER,52
12238,20503.0,2025-01-01,85058198,BOSY00,1900-01-01 03:57:00,1900-01-01 03:59:59,ODIER,52
12239,20503.0,2025-01-01,85069202,HGEN00,1900-01-01 18:31:00,1900-01-01 18:31:40,ODIER,52
12240,22131.0,2025-01-01,85069175,BOSY00,1900-01-01 07:02:00,1900-01-01 07:05:31,ODIER,52
12241,20503.0,2025-01-01,85058192,BOSY00,1900-01-01 01:02:00,1900-01-01 01:02:45,ODIER,52
12242,20503.0,2025-01-01,85058191,BOSY01,1900-01-01 00:29:00,1900-01-01 00:30:36,ODIER,52
12243,22130.0,2025-01-01,85069190,HGEN00,1900-01-01 13:30:00,1900-01-01 13:31:15,ODIER,52
12244,22131.0,2025-01-01,85069185,BOSY00,1900-01-01 12:02:00,1900-01-01 12:02:22,ODIER,52
12245,22131.0,2025-01-01,85069176,HGEN00,1900-01-01 07:32:00,1900-01-01 07:32:28,ODIER,52
12246,21927.0,2025-01-01,85057814,HGEN00,1900-01-01 00:31:00,1900-01-01 00:35:02,ODIER,52
12247,22131.0,2025-01-01,85069182,HGEN00,1900-01-01 10:31:00,1900-01-01 10:31:57,ODIER,52
12248,20503.0,2025-01-01,85069209,BOSY00,1900-01-01 22:01:00,1900-01-01 22:04:53,ODIER,52
12249,22130.0,2025-01-01,85069188,HGEN00,1900-01-01 12:31:00,1900-01-01 12:32:09,ODIER,52
12250,20503.0,2025-01-01,85058193,HGEN00,1900-01-01 01:33:00,1900-01-01 01:34:22,ODIER,52
12251,22130.0,2025-01-01,85069192,HGEN00,1900-01-01 14:31:00,1900-01-01 14:32:25,ODIER,52
12252,22131.0,2025-01-01,85069178,HGEN00,1900-01-01 08:31:00,1900-01-01 08:33:25,ODIER,52
12253,20503.0,2025-01-01,85069208,HGEN00,1900-01-01 21:30:00,1900-01-01 21:32:32,ODIER,52
12254,20503.0,2025-01-01,85069200,HGEN00,1900-01-01 17:30:00,1900-01-01 17:31:25,ODIER,52
12255,20503.0,2025-01-01,85069205,BOSY00,1900-01-01 20:01:00,1900-01-01 20:01:45,ODIER,52
12256,21927.0,2025-01-01,85057813,BOSY00,1900-01-01 00:01:00,1900-01-01 00:03:01,ODIER,52
12257,20503.0,2025-01-01,85069207,BOSY00,1900-01-01 21:01:00,1900-01-01 21:05:18,ODIER,52
12258,20503.0,2025-01-01,85058197,HGEN00,1900-01-01 03:33:00,1900-01-01 03:33:52,ODIER,52
12259,22131.0,2025-01-01,85069184,HGEN00,1900-01-01 11:31:00,1900-01-01 11:31:52,ODIER,52
12260,22130.0,2025-01-01,85069196,HGEN00,1900-01-01 16:30:00,1900-01-01 16:32:17,ODIER,52
12261,22130.0,2025-01-01,85069189,BOSY00,1900-01-01 13:01:00,1900-01-01 13:02:20,ODIER,52
12262,20503.0,2025-01-01,85058194,BOSY00,1900-01-01 02:02:00,1900-01-01 02:09:53,ODIER,52
12263,22131.0,2025-01-01,85069180,HGEN00,1900-01-01 09:31:00,1900-01-01 09:31:51,ODIER,52
13243,22038.0,2025-01-01,85069426,CHAV00,1900-01-01 23:10:00,1900-01-01 23:10:59,ODIER,55
13244,22038.0,2025-01-01,85069401,BOSY00,1900-01-01 14:41:00,1900-01-01 14:43:44,ODIER,55
13245,22038.0,2025-01-01,85069372,CHAV00,1900-01-01 05:10:00,1900-01-01 05:12:26,ODIER,55
13246,22038.0,2025-01-01,85069400,BOSY01,1900-01-01 14:31:00,1900-01-01 14:33:24,ODIER,55
13247,21927.0,2025-01-01,85057820,BOSY01,1900-01-01 02:57:00,1900-01-01 03:02:18,ODIER,55
13248,22038.0,2025-01-01,85069374,BOSY00,1900-01-01 05:41:00,1900-01-01 05:41:59,ODIER,55
13249,22038.0,2025-01-01,85069373,BOSY01,1900-01-01 05:29:00,1900-01-01 05:30:45,ODIER,55
13250,21927.0,2025-01-01,85057819,CHAV00,1900-01-01 02:37:00,1900-01-01 02:40:33,ODIER,55
13251,22038.0,2025-01-01,85069378,CHAV00,1900-01-01 07:10:00,1900-01-01 07:14:38,ODIER,55
13252,22038.0,2025-01-01,85069399,CHAV00,1900-01-01 14:10:00,1900-01-01 14:12:13,ODIER,55
13253,21927.0,2025-01-01,85057818,BOSY00,1900-01-01 02:11:00,1900-01-01 02:14:54,ODIER,55
13254,21927.0,2025-01-01,85057817,BOSY01,1900-01-01 01:57:00,1900-01-01 01:58:31,ODIER,55
13255,21927.0,2025-01-01,85057816,CHAV00,1900-01-01 01:37:00,1900-01-01 01:39:08,ODIER,55
13256,22038.0,2025-01-01,85069398,BOSY00,1900-01-01 13:41:00,1900-01-01 13:42:46,ODIER,55
13257,22038.0,2025-01-01,85069395,BOSY00,1900-01-01 12:41:00,1900-01-01 12:42:51,ODIER,55
13258,22038.0,2025-01-01,85069394,BOSY01,1900-01-01 12:30:00,1900-01-01 12:31:24,ODIER,55
13259,22038.0,2025-01-01,85069417,CHAV00,1900-01-01 20:10:00,1900-01-01 20:10:47,ODIER,55
13260,22038.0,2025-01-01,85069393,CHAV00,1900-01-01 12:10:00,1900-01-01 12:11:00,ODIER,55
13261,22038.0,2025-01-01,85069392,BOSY00,1900-01-01 11:41:00,1900-01-01 11:41:38,ODIER,55
13262,22038.0,2025-01-01,85069391,BOSY01,1900-01-01 11:30:00,1900-01-01 11:31:03,ODIER,55
13263,22038.0,2025-01-01,85069418,BOSY01,1900-01-01 20:31:00,1900-01-01 20:33:20,ODIER,55
13264,22038.0,2025-01-01,85069419,BOSY00,1900-01-01 20:41:00,1900-01-01 20:42:14,ODIER,55
13265,21927.0,2025-01-01,85057815,BOSY00,1900-01-01 01:11:00,1900-01-01 01:12:17,ODIER,55
13266,22038.0,2025-01-01,85069420,CHAV00,1900-01-01 21:10:00,1900-01-01 21:11:04,ODIER,55
13267,22038.0,2025-01-01,85069421,BOSY01,1900-01-01 21:31:00,1900-01-01 21:34:36,ODIER,55
13268,22038.0,2025-01-01,85069422,BOSY00,1900-01-01 21:41:00,1900-01-01 21:41:40,ODIER,55
13269,22038.0,2025-01-01,85069377,BOSY00,1900-01-01 06:41:00,1900-01-01 06:41:37,ODIER,55
13270,22038.0,2025-01-01,85069390,CHAV00,1900-01-01 11:10:00,1900-01-01 11:11:57,ODIER,55
13271,22038.0,2025-01-01,85069379,BOSY01,1900-01-01 07:29:00,1900-01-01 07:32:05,ODIER,55
13272,22038.0,2025-01-01,85069380,BOSY00,1900-01-01 07:41:00,1900-01-01 07:41:38,ODIER,55
13273,22038.0,2025-01-01,85069381,CHAV00,1900-01-01 08:10:00,1900-01-01 08:10:31,ODIER,55
13274,22038.0,2025-01-01,85069382,BOSY01,1900-01-01 08:29:00,1900-01-01 08:29:13,ODIER,55
13275,22038.0,2025-01-01,85069383,BOSY00,1900-01-01 08:41:00,1900-01-01 08:41:47,ODIER,55
13276,21927.0,2025-01-01,85057821,BOSY00,1900-01-01 03:11:00,1900-01-01 03:13:16,ODIER,55
13277,21927.0,2025-01-01,85057822,CHAV00,1900-01-01 03:32:00,1900-01-01 03:40:21,ODIER,55
13278,20503.0,2025-01-01,85058190,CHAV00,1900-01-01 00:09:00,1900-01-01 00:10:50,ODIER,55
13279,22038.0,2025-01-01,85069387,CHAV00,1900-01-01 10:10:00,1900-01-01 10:11:26,ODIER,55
13280,22038.0,2025-01-01,85069376,BOSY01,1900-01-01 06:29:00,1900-01-01 06:31:13,ODIER,55
13281,22038.0,2025-01-01,85069388,BOSY01,1900-01-01 10:30:00,1900-01-01 10:30:50,ODIER,55
13282,22038.0,2025-01-01,85069389,BOSY00,1900-01-01 10:41:00,1900-01-01 10:41:26,ODIER,55
13283,22038.0,2025-01-01,85069375,CHAV00,1900-01-01 06:10:00,1900-01-01 06:11:00,ODIER,55
13284,22038.0,2025-01-01,85069405,CHAV00,1900-01-01 16:10:00,1900-01-01 16:10:53,ODIER,55
13285,22038.0,2025-01-01,85069406,BOSY01,1900-01-01 16:31:00,1900-01-01 16:32:33,ODIER,55
13286,22038.0,2025-01-01,85069425,BOSY00,1900-01-01 22:41:00,1900-01-01 22:41:50,ODIER,55
13287,22038.0,2025-01-01,85069424,BOSY01,1900-01-01 22:31:00,1900-01-01 22:33:35,ODIER,55
13288,22038.0,2025-01-01,85069404,BOSY00,1900-01-01 15:41:00,1900-01-01 15:42:30,ODIER,55
13289,22038.0,2025-01-01,85069407,BOSY00,1900-01-01 16:41:00,1900-01-01 16:42:40,ODIER,55
13290,22038.0,2025-01-01,85069384,CHAV00,1900-01-01 09:10:00,1900-01-01 09:15:10,ODIER,55
13291,22038.0,2025-01-01,85069403,BOSY01,1900-01-01 15:31:00,1900-01-01 15:32:50,ODIER,55
13292,22038.0,2025-01-01,85069385,BOSY01,1900-01-01 09:29:00,1900-01-01 09:32:22,ODIER,55
13293,22038.0,2025-01-01,85069386,BOSY00,1900-01-01 09:41:00,1900-01-01 09:41:24,ODIER,55
13294,22038.0,2025-01-01,85069396,CHAV00,1900-01-01 13:10:00,1900-01-01 13:12:22,ODIER,55
13295,22038.0,2025-01-01,85069397,BOSY01,1900-01-01 13:31:00,1900-01-01 13:33:40,ODIER,55
13296,22038.0,2025-01-01,85069402,CHAV00,1900-01-01 15:10:00,1900-01-01 15:12:39,ODIER,55
13297,22038.0,2025-01-01,85069409,BOSY01,1900-01-01 17:31:00,1900-01-01 17:30:54,ODIER,55
13298,22038.0,2025-01-01,85069410,BOSY00,1900-01-01 17:41:00,1900-01-01 17:42:53,ODIER,55
13299,22038.0,2025-01-01,85069411,CHAV00,1900-01-01 18:10:00,1900-01-01 18:10:37,ODIER,55
13300,22038.0,2025-01-01,85069412,BOSY01,1900-01-01 18:31:00,1900-01-01 18:32:16,ODIER,55
13301,22038.0,2025-01-01,85069413,BOSY00,1900-01-01 18:41:00,1900-01-01 18:41:44,ODIER,55
13302,22038.0,2025-01-01,85069414,CHAV00,1900-01-01 19:10:00,1900-01-01 19:11:09,ODIER,55
13303,22038.0,2025-01-01,85069427,BOSY01,1900-01-01 23:32:00,1900-01-01 23:32:36,ODIER,55
13304,22038.0,2025-01-01,85069428,BOSY00,1900-01-01 23:41:00,1900-01-01 23:41:48,ODIER,55
13305,22038.0,2025-01-01,85069415,BOSY01,1900-01-01 19:30:00,1900-01-01 19:31:42,ODIER,55
13306,22038.0,2025-01-01,85069416,BOSY00,1900-01-01 19:41:00,1900-01-01 19:41:37,ODIER,55
13307,22038.0,2025-01-01,85069408,CHAV00,1900-01-01 17:10:00,1900-01-01 17:11:35,ODIER,55
13308,22038.0,2025-01-01,85069423,CHAV00,1900-01-01 22:10:00,1900-01-01 22:11:01,ODIER,55
14121,22000.0,2025-01-01,85069500,DPGLOB00,1900-01-01 04:52:00,1900-01-01 04:48:53,GLOBE,57
14122,22145.0,2025-01-01,85069595,AERO05,1900-01-01 13:54:00,1900-01-01 13:54:40,GLOBE,57
14123,22000.0,2025-01-01,85069502,AERO07,1900-01-01 05:27:00,1900-01-01 05:29:35,GLOBE,57
14124,22050.0,2025-01-01,85069537,AERO07,1900-01-01 16:01:00,1900-01-01 16:06:08,GLOBE,57
14125,22000.0,2025-01-01,85069501,ZIMG02,1900-01-01 05:02:00,1900-01-01 05:02:53,GLOBE,57
14126,22145.0,2025-01-01,85069503,AEROST,1900-01-01 05:58:00,1900-01-01 06:00:35,GLOBE,57
14127,22050.0,2025-01-01,85069525,ZIMG04,1900-01-01 12:31:00,1900-01-01 12:29:46,GLOBE,57
14128,22145.0,2025-01-01,85069597,ZIMG02,1900-01-01 14:32:00,1900-01-01 14:33:41,GLOBE,57
14129,22145.0,2025-01-01,85069505,ZIMG04,1900-01-01 06:31:00,1900-01-01 06:31:24,GLOBE,57
14130,22145.0,2025-01-01,85069432,ZIMG02,1900-01-01 04:32:00,1900-01-01 04:33:26,GLOBE,57
14131,22145.0,2025-01-01,85069598,AERO07,1900-01-01 15:00:00,1900-01-01 15:24:59,GLOBE,57
14132,22145.0,2025-01-01,85069616,ZIMG04,1900-01-01 20:31:00,1900-01-01 20:27:45,GLOBE,57
14133,22050.0,2025-01-01,85072421,AERO07,1900-01-01 08:28:00,1900-01-01 08:53:40,GLOBE,57
14134,22145.0,2025-01-01,85069504,AERO05,1900-01-01 06:00:00,1900-01-01 06:02:03,GLOBE,57
14135,22050.0,2025-01-01,85069536,ZIMG02,1900-01-01 15:32:00,1900-01-01 15:32:13,GLOBE,57
14136,22000.0,2025-01-01,85069626,ZIMG04,1900-01-01 23:31:00,1900-01-01 23:32:36,GLOBE,57
14137,22050.0,2025-01-01,85069545,ZIMG04,1900-01-01 18:31:00,1900-01-01 18:30:43,GLOBE,57
14138,22050.0,2025-01-01,85069532,AERO07,1900-01-01 14:30:00,1900-01-01 14:37:08,GLOBE,57
14139,22145.0,2025-01-01,85069617,ZIMG02,1900-01-01 20:32:00,1900-01-01 20:34:32,GLOBE,57
14140,22050.0,2025-01-01,85069533,AEROST,1900-01-01 14:53:00,1900-01-01 14:37:16,GLOBE,57
14141,22145.0,2025-01-01,85069440,AERO05,1900-01-01 07:00:00,1900-01-01 07:08:40,GLOBE,57
14142,22144.0,2025-01-01,85069611,ZIMG04,1900-01-01 19:01:00,1900-01-01 19:01:19,GLOBE,57
14143,22145.0,2025-01-01,85069441,ZIMG04,1900-01-01 07:31:00,1900-01-01 07:30:02,GLOBE,57
14144,22050.0,2025-01-01,85069544,AERO05,1900-01-01 17:54:00,1900-01-01 17:54:37,GLOBE,57
14145,22145.0,2025-01-01,85069442,ZIMG02,1900-01-01 07:32:00,1900-01-01 07:32:23,GLOBE,57
14146,22000.0,2025-01-01,85069448,AERO07,1900-01-01 09:29:00,1900-01-01 09:39:36,GLOBE,57
14147,22000.0,2025-01-01,85069447,ZIMG02,1900-01-01 09:02:00,1900-01-01 09:03:28,GLOBE,57
14148,22000.0,2025-01-01,85069435,AERO05,1900-01-01 05:30:00,1900-01-01 05:31:49,GLOBE,57
14149,22000.0,2025-01-01,85069450,AERO05,1900-01-01 09:56:00,1900-01-01 09:56:49,GLOBE,57
14150,22000.0,2025-01-01,85069451,ZIMG04,1900-01-01 10:31:00,1900-01-01 10:23:43,GLOBE,57
14151,22050.0,2025-01-01,85069534,AERO05,1900-01-01 14:55:00,1900-01-01 14:55:25,GLOBE,57
14152,22050.0,2025-01-01,85069513,AEROST,1900-01-01 08:56:00,1900-01-01 08:53:43,GLOBE,57
14153,22000.0,2025-01-01,85069512,AERO07,1900-01-01 08:28:00,1900-01-01 08:27:51,GLOBE,57
14154,22000.0,2025-01-01,85069452,ZIMG02,1900-01-01 10:32:00,1900-01-01 10:32:43,GLOBE,57
14155,22000.0,2025-01-01,85069453,AERO07,1900-01-01 11:00:00,1900-01-01 11:00:10,GLOBE,57
14156,22050.0,2025-01-01,85069522,AERO07,1900-01-01 11:31:00,1900-01-01 11:48:57,GLOBE,57
14157,22000.0,2025-01-01,85069455,AERO05,1900-01-01 11:26:00,1900-01-01 11:27:44,GLOBE,57
14158,22050.0,2025-01-01,85069521,ZIMG02,1900-01-01 11:02:00,1900-01-01 11:02:45,GLOBE,57
14159,22000.0,2025-01-01,85069456,ZIMG04,1900-01-01 12:01:00,1900-01-01 11:55:39,GLOBE,57
14160,22050.0,2025-01-01,85069520,ZIMG04,1900-01-01 11:01:00,1900-01-01 10:59:54,GLOBE,57
14161,22000.0,2025-01-01,85069457,ZIMG02,1900-01-01 12:02:00,1900-01-01 12:02:26,GLOBE,57
14162,22000.0,2025-01-01,85069458,AERO07,1900-01-01 12:31:00,1900-01-01 12:31:33,GLOBE,57
14163,22000.0,2025-01-01,85069459,AEROST,1900-01-01 12:54:00,1900-01-01 12:31:39,GLOBE,57
14164,22050.0,2025-01-01,85069519,AERO05,1900-01-01 10:26:00,1900-01-01 10:28:01,GLOBE,57
14165,22000.0,2025-01-01,85069460,AERO05,1900-01-01 12:56:00,1900-01-01 12:57:15,GLOBE,57
14166,22050.0,2025-01-01,85069515,ZIMG04,1900-01-01 09:31:00,1900-01-01 09:31:15,GLOBE,57
14167,22000.0,2025-01-01,85069461,ZIMG04,1900-01-01 13:31:00,1900-01-01 13:24:34,GLOBE,57
14168,22083.0,2025-01-01,85058477,ZIMG04,1900-01-01 00:26:00,1900-01-01 00:34:16,GLOBE,57
14169,22000.0,2025-01-01,85069445,AERO05,1900-01-01 08:28:00,1900-01-01 08:29:39,GLOBE,57
14170,22000.0,2025-01-01,85069462,ZIMG02,1900-01-01 13:32:00,1900-01-01 13:34:17,GLOBE,57
14171,22000.0,2025-01-01,85069446,ZIMG04,1900-01-01 09:01:00,1900-01-01 08:53:01,GLOBE,57
14172,22000.0,2025-01-01,85069463,AERO07,1900-01-01 14:01:00,1900-01-01 14:19:49,GLOBE,57
14173,22083.0,2025-01-01,85058476,BLDO01,1900-01-01 00:05:00,1900-01-01 00:13:38,GLOBE,57
14174,22132.0,2025-01-01,85058292,DPGLOB00,1900-01-01 00:35:00,1900-01-01 00:38:14,GLOBE,57
14175,22132.0,2025-01-01,85058291,AERO07,1900-01-01 00:26:00,1900-01-01 00:30:52,GLOBE,57
14176,22132.0,2025-01-01,85058290,ZIMG02,1900-01-01 00:02:00,1900-01-01 00:05:35,GLOBE,57
14177,22000.0,2025-01-01,85069465,AERO05,1900-01-01 14:24:00,1900-01-01 14:25:21,GLOBE,57
14178,22000.0,2025-01-01,85069466,ZIMG04,1900-01-01 15:01:00,1900-01-01 14:54:31,GLOBE,57
14179,22000.0,2025-01-01,85069470,AERO05,1900-01-01 15:55:00,1900-01-01 15:56:48,GLOBE,57
14180,22050.0,2025-01-01,85069535,ZIMG04,1900-01-01 15:31:00,1900-01-01 15:27:38,GLOBE,57
14181,22000.0,2025-01-01,85069471,ZIMG04,1900-01-01 16:31:00,1900-01-01 16:31:18,GLOBE,57
14182,22000.0,2025-01-01,85069628,AERO07,1900-01-01 23:57:00,1900-01-01 23:58:07,GLOBE,57
14183,22000.0,2025-01-01,85069472,ZIMG02,1900-01-01 16:32:00,1900-01-01 16:33:32,GLOBE,57
14184,22000.0,2025-01-01,85069473,AERO07,1900-01-01 17:01:00,1900-01-01 17:25:07,GLOBE,57
14185,22000.0,2025-01-01,85069474,AEROST,1900-01-01 17:22:00,1900-01-01 17:26:28,GLOBE,57
14186,22000.0,2025-01-01,85069475,AERO05,1900-01-01 17:24:00,1900-01-01 17:28:15,GLOBE,57
14187,22000.0,2025-01-01,85069476,ZIMG04,1900-01-01 18:01:00,1900-01-01 18:01:35,GLOBE,57
14188,22050.0,2025-01-01,85069514,AERO05,1900-01-01 08:58:00,1900-01-01 08:59:00,GLOBE,57
14189,22000.0,2025-01-01,85069434,AEROST,1900-01-01 05:28:00,1900-01-01 05:30:24,GLOBE,57
14190,22000.0,2025-01-01,85069511,ZIMG02,1900-01-01 08:02:00,1900-01-01 08:04:08,GLOBE,57
14191,22000.0,2025-01-01,85069477,ZIMG02,1900-01-01 18:02:00,1900-01-01 18:03:31,GLOBE,57
14192,22145.0,2025-01-01,85069433,AERO07,1900-01-01 04:57:00,1900-01-01 04:57:46,GLOBE,57
14193,22000.0,2025-01-01,85069478,AERO07,1900-01-01 18:31:00,1900-01-01 18:55:16,GLOBE,57
14194,22000.0,2025-01-01,85069479,AEROST,1900-01-01 18:53:00,1900-01-01 18:56:51,GLOBE,57
14195,22000.0,2025-01-01,85069480,AERO05,1900-01-01 18:55:00,1900-01-01 18:57:30,GLOBE,57
14196,22000.0,2025-01-01,85069510,ZIMG04,1900-01-01 08:01:00,1900-01-01 07:54:50,GLOBE,57
14197,22000.0,2025-01-01,85069481,ZIMG04,1900-01-01 19:31:00,1900-01-01 19:31:53,GLOBE,57
14198,22000.0,2025-01-01,85069482,ZIMG02,1900-01-01 19:32:00,1900-01-01 19:33:36,GLOBE,57
14199,22000.0,2025-01-01,85069483,AERO07,1900-01-01 20:00:00,1900-01-01 20:26:14,GLOBE,57
14200,22000.0,2025-01-01,85069484,AEROST,1900-01-01 20:24:00,1900-01-01 20:27:50,GLOBE,57
14201,22000.0,2025-01-01,85069485,AERO05,1900-01-01 20:26:00,1900-01-01 20:28:19,GLOBE,57
14202,22000.0,2025-01-01,85069509,TOCO00,1900-01-01 07:30:49,1900-01-01 07:31:58,GLOBE,57
14203,22000.0,2025-01-01,85069486,ZIMG04,1900-01-01 21:01:00,1900-01-01 21:02:57,GLOBE,57
14204,22145.0,2025-01-01,85069507,AERO07,1900-01-01 06:57:00,1900-01-01 06:58:17,GLOBE,57
14205,22145.0,2025-01-01,85069506,ZIMG02,1900-01-01 06:32:00,1900-01-01 06:33:06,GLOBE,57
14206,22000.0,2025-01-01,85069467,ZIMG02,1900-01-01 15:02:00,1900-01-01 15:03:07,GLOBE,57
14207,22000.0,2025-01-01,85069468,AERO07,1900-01-01 15:30:00,1900-01-01 15:54:52,GLOBE,57
14208,22000.0,2025-01-01,85069469,AEROST,1900-01-01 15:53:00,1900-01-01 15:56:24,GLOBE,57
14209,22050.0,2025-01-01,85069524,AERO05,1900-01-01 11:56:00,1900-01-01 11:57:58,GLOBE,57
14210,22050.0,2025-01-01,85069517,AERO07,1900-01-01 10:00:00,1900-01-01 10:03:57,GLOBE,57
14211,22000.0,2025-01-01,85069487,ZIMG02,1900-01-01 21:02:00,1900-01-01 21:05:02,GLOBE,57
14212,22050.0,2025-01-01,85069516,ZIMG02,1900-01-01 09:32:00,1900-01-01 09:31:35,GLOBE,57
14213,22000.0,2025-01-01,85069488,AERO07,1900-01-01 21:29:00,1900-01-01 21:56:02,GLOBE,57
14214,22000.0,2025-01-01,85069489,AEROST,1900-01-01 21:54:00,1900-01-01 21:57:44,GLOBE,57
14215,22000.0,2025-01-01,85069490,AERO05,1900-01-01 21:56:00,1900-01-01 21:58:08,GLOBE,57
14216,22000.0,2025-01-01,85069491,ZIMG04,1900-01-01 22:31:00,1900-01-01 22:33:30,GLOBE,57
14217,22000.0,2025-01-01,85069492,ZIMG02,1900-01-01 22:32:00,1900-01-01 22:34:50,GLOBE,57
14218,22050.0,2025-01-01,85069494,AEROST,1900-01-01 23:27:00,1900-01-01 23:27:43,GLOBE,57
14219,22050.0,2025-01-01,85069495,AERO05,1900-01-01 23:29:00,1900-01-01 23:30:41,GLOBE,57
14220,22000.0,2025-01-01,85069627,ZIMG02,1900-01-01 23:32:00,1900-01-01 23:34:09,GLOBE,57
14221,22144.0,2025-01-01,85069608,AERO07,1900-01-01 18:01:00,1900-01-01 18:03:50,GLOBE,57
14222,22144.0,2025-01-01,85069612,ZIMG02,1900-01-01 19:02:00,1900-01-01 19:02:35,GLOBE,57
14223,22144.0,2025-01-01,85072549,AEROST,1900-01-01 16:53:00,1900-01-01 16:55:39,GLOBE,57
14224,22144.0,2025-01-01,85069609,AEROST,1900-01-01 18:23:00,1900-01-01 18:23:35,GLOBE,57
14225,22145.0,2025-01-01,85069579,AEROST,1900-01-01 09:24:00,1900-01-01 09:28:44,GLOBE,57
14226,22145.0,2025-01-01,85069592,ZIMG02,1900-01-01 13:02:00,1900-01-01 13:03:19,GLOBE,57
14227,22145.0,2025-01-01,85069578,AERO07,1900-01-01 08:59:00,1900-01-01 09:27:00,GLOBE,57
14228,22050.0,2025-01-01,85069531,ZIMG02,1900-01-01 14:02:00,1900-01-01 14:03:14,GLOBE,57
14229,22145.0,2025-01-01,85069577,ZIMG02,1900-01-01 08:32:00,1900-01-01 08:33:28,GLOBE,57
14230,22000.0,2025-01-01,85069570,ICC00,1900-01-01 06:32:55,1900-01-01 06:34:27,GLOBE,57
14231,22050.0,2025-01-01,85069540,ZIMG04,1900-01-01 17:01:00,1900-01-01 17:00:55,GLOBE,57
14232,22050.0,2025-01-01,85069542,AERO07,1900-01-01 17:31:00,1900-01-01 17:32:10,GLOBE,57
14233,22050.0,2025-01-01,85069543,AEROST,1900-01-01 17:52:00,1900-01-01 17:52:00,GLOBE,57
14234,22145.0,2025-01-01,85069575,AERO05,1900-01-01 07:59:00,1900-01-01 08:01:05,GLOBE,57
14235,22145.0,2025-01-01,85069568,AERO07,1900-01-01 05:57:00,1900-01-01 05:58:23,GLOBE,57
14236,22145.0,2025-01-01,85069567,ZIMG02,1900-01-01 05:32:00,1900-01-01 05:33:12,GLOBE,57
14237,22050.0,2025-01-01,85069549,AERO05,1900-01-01 19:25:00,1900-01-01 19:25:56,GLOBE,57
14238,22050.0,2025-01-01,85069548,AEROST,1900-01-01 19:23:00,1900-01-01 19:23:30,GLOBE,57
14239,22144.0,2025-01-01,85069610,AERO05,1900-01-01 18:25:00,1900-01-01 18:25:45,GLOBE,57
14240,22144.0,2025-01-01,85069613,AERO07,1900-01-01 19:30:00,1900-01-01 19:30:14,GLOBE,57
14241,22145.0,2025-01-01,85069614,AEROST,1900-01-01 19:54:00,1900-01-01 19:57:29,GLOBE,57
14242,22145.0,2025-01-01,85069618,AERO07,1900-01-01 20:59:00,1900-01-01 21:26:39,GLOBE,57
14243,22144.0,2025-01-01,85069604,AEROST,1900-01-01 16:53:00,1900-01-01 16:40:02,GLOBE,57
14244,22144.0,2025-01-01,85069605,AERO05,1900-01-01 16:55:00,1900-01-01 16:41:36,GLOBE,57
14245,22145.0,2025-01-01,85069431,DPGLOB00,1900-01-01 04:22:00,1900-01-01 04:27:01,GLOBE,57
14246,22050.0,2025-01-01,85069550,ZIMG04,1900-01-01 20:01:00,1900-01-01 20:01:19,GLOBE,57
14247,22145.0,2025-01-01,85069619,AEROST,1900-01-01 21:24:00,1900-01-01 21:27:29,GLOBE,57
14248,22145.0,2025-01-01,85069576,ZIMG04,1900-01-01 08:31:00,1900-01-01 08:32:18,GLOBE,57
14249,22145.0,2025-01-01,85072554,AERO07,1900-01-01 07:27:00,1900-01-01 07:59:25,GLOBE,57
14250,22144.0,2025-01-01,85072550,AERO05,1900-01-01 16:55:00,1900-01-01 16:57:33,GLOBE,57
14251,22145.0,2025-01-01,85069620,AERO05,1900-01-01 21:26:00,1900-01-01 21:27:47,GLOBE,57
14252,22145.0,2025-01-01,85069564,AERO05,1900-01-01 23:55:00,1900-01-01 23:57:02,GLOBE,57
14253,22050.0,2025-01-01,85069551,ZIMG02,1900-01-01 20:02:00,1900-01-01 20:02:58,GLOBE,57
14254,22050.0,2025-01-01,85069553,AEROST,1900-01-01 20:53:00,1900-01-01 20:32:35,GLOBE,57
14255,22000.0,2025-01-01,85069625,AERO05,1900-01-01 22:58:00,1900-01-01 23:03:16,GLOBE,57
14256,22050.0,2025-01-01,85069547,AERO07,1900-01-01 19:00:00,1900-01-01 19:01:39,GLOBE,57
14257,22145.0,2025-01-01,85069563,AEROST,1900-01-01 23:53:00,1900-01-01 23:55:32,GLOBE,57
14258,22050.0,2025-01-01,85069562,AERO07,1900-01-01 23:28:00,1900-01-01 23:26:36,GLOBE,57
14259,22050.0,2025-01-01,85069561,ZIMG02,1900-01-01 23:02:00,1900-01-01 23:02:42,GLOBE,57
14260,22050.0,2025-01-01,85069546,ZIMG02,1900-01-01 18:32:00,1900-01-01 18:32:21,GLOBE,57
14261,22145.0,2025-01-01,85069621,ZIMG04,1900-01-01 22:01:00,1900-01-01 22:01:39,GLOBE,57
14262,22050.0,2025-01-01,85069560,ZIMG04,1900-01-01 23:01:00,1900-01-01 23:01:19,GLOBE,57
14263,22144.0,2025-01-01,85069606,ZIMG04,1900-01-01 17:31:00,1900-01-01 17:30:49,GLOBE,57
14264,22050.0,2025-01-01,85069559,AERO05,1900-01-01 22:27:00,1900-01-01 22:27:13,GLOBE,57
14265,22145.0,2025-01-01,85069622,ZIMG02,1900-01-01 22:02:00,1900-01-01 22:04:05,GLOBE,57
14266,22050.0,2025-01-01,85069554,AERO05,1900-01-01 20:55:00,1900-01-01 20:55:50,GLOBE,57
14267,22050.0,2025-01-01,85069555,ZIMG04,1900-01-01 21:31:00,1900-01-01 21:30:17,GLOBE,57
14268,22145.0,2025-01-01,85069623,AERO07,1900-01-01 22:29:00,1900-01-01 23:00:04,GLOBE,57
14269,22050.0,2025-01-01,85069526,ZIMG02,1900-01-01 12:32:00,1900-01-01 12:31:48,GLOBE,57
14270,22000.0,2025-01-01,85069437,ZIMG02,1900-01-01 06:02:00,1900-01-01 06:03:49,GLOBE,57
14271,22145.0,2025-01-01,85069581,ZIMG04,1900-01-01 10:01:00,1900-01-01 10:01:46,GLOBE,57
14272,22145.0,2025-01-01,85069586,ZIMG04,1900-01-01 11:31:00,1900-01-01 11:32:32,GLOBE,57
14273,22145.0,2025-01-01,85069585,AERO05,1900-01-01 10:56:00,1900-01-01 10:57:27,GLOBE,57
14274,22145.0,2025-01-01,85069596,ZIMG04,1900-01-01 14:31:00,1900-01-01 14:31:50,GLOBE,57
14275,22145.0,2025-01-01,85069615,AERO05,1900-01-01 19:56:00,1900-01-01 19:59:02,GLOBE,57
14276,22000.0,2025-01-01,85069572,ZIMG02,1900-01-01 07:02:00,1900-01-01 07:03:27,GLOBE,57
14277,22050.0,2025-01-01,85069527,AERO07,1900-01-01 13:01:00,1900-01-01 13:06:14,GLOBE,57
14278,22145.0,2025-01-01,85069593,AERO07,1900-01-01 13:31:00,1900-01-01 13:50:53,GLOBE,57
14279,22145.0,2025-01-01,85069584,AEROST,1900-01-01 10:54:00,1900-01-01 10:57:04,GLOBE,57
14280,22145.0,2025-01-01,85069594,AEROST,1900-01-01 13:52:00,1900-01-01 13:52:16,GLOBE,57
14281,22145.0,2025-01-01,85069583,AERO07,1900-01-01 10:30:00,1900-01-01 10:55:46,GLOBE,57
14282,22000.0,2025-01-01,85069571,ZIMG04,1900-01-01 07:01:00,1900-01-01 06:58:38,GLOBE,57
14283,22145.0,2025-01-01,85069574,AEROST,1900-01-01 07:57:00,1900-01-01 07:59:33,GLOBE,57
14284,22145.0,2025-01-01,85069582,ZIMG02,1900-01-01 10:02:00,1900-01-01 10:03:16,GLOBE,57
14285,22050.0,2025-01-01,85069539,AERO05,1900-01-01 16:26:00,1900-01-01 16:27:47,GLOBE,57
14286,22050.0,2025-01-01,85069556,ZIMG02,1900-01-01 21:32:00,1900-01-01 21:32:14,GLOBE,57
14287,22145.0,2025-01-01,85069590,AERO05,1900-01-01 12:26:00,1900-01-01 12:29:35,GLOBE,57
14288,22145.0,2025-01-01,85069591,ZIMG04,1900-01-01 13:01:00,1900-01-01 13:01:15,GLOBE,57
14289,22050.0,2025-01-01,85069529,AERO05,1900-01-01 13:26:00,1900-01-01 13:30:22,GLOBE,57
14290,22145.0,2025-01-01,85069580,AERO05,1900-01-01 09:26:00,1900-01-01 09:29:03,GLOBE,57
14291,22145.0,2025-01-01,85069587,ZIMG02,1900-01-01 11:32:00,1900-01-01 11:33:40,GLOBE,57
14292,22144.0,2025-01-01,85069607,ZIMG02,1900-01-01 17:32:00,1900-01-01 17:32:15,GLOBE,57
14293,22050.0,2025-01-01,85069541,ZIMG02,1900-01-01 17:02:00,1900-01-01 17:02:52,GLOBE,57
14294,22000.0,2025-01-01,85069573,AERO07,1900-01-01 07:27:00,1900-01-01 07:29:21,GLOBE,57
14295,22050.0,2025-01-01,85069558,AEROST,1900-01-01 22:25:00,1900-01-01 22:10:49,GLOBE,57
14296,22050.0,2025-01-01,85069530,ZIMG04,1900-01-01 14:01:00,1900-01-01 14:01:07,GLOBE,57
16711,21972.0,2025-01-01,85069673,AEROST,1900-01-01 15:28:00,1900-01-01 15:28:01,GLOBE,59
16712,21972.0,2025-01-01,85069672,AERO06,1900-01-01 15:12:00,1900-01-01 15:16:46,GLOBE,59
16713,21972.0,2025-01-01,85069661,AEROST,1900-01-01 12:29:00,1900-01-01 12:19:27,GLOBE,59
16714,21972.0,2025-01-01,85069662,AERO02,1900-01-01 12:30:00,1900-01-01 12:29:58,GLOBE,59
16715,21972.0,2025-01-01,85069671,LEVE00,1900-01-01 14:55:00,1900-01-01 14:56:03,GLOBE,59
16716,21972.0,2025-01-01,85069663,LEVE00,1900-01-01 12:55:00,1900-01-01 12:55:35,GLOBE,59
16717,21972.0,2025-01-01,85069664,AERO06,1900-01-01 13:12:00,1900-01-01 13:13:09,GLOBE,59
16718,21972.0,2025-01-01,85069666,AERO02,1900-01-01 13:30:00,1900-01-01 13:30:13,GLOBE,59
16719,21972.0,2025-01-01,85069637,AEROST,1900-01-01 06:30:00,1900-01-01 06:22:25,GLOBE,59
16720,21972.0,2025-01-01,85069638,AERO02,1900-01-01 06:31:00,1900-01-01 06:31:14,GLOBE,59
16721,21972.0,2025-01-01,85069634,AERO02,1900-01-01 05:31:00,1900-01-01 05:31:00,GLOBE,59
16722,21972.0,2025-01-01,85069633,AEROST,1900-01-01 05:30:00,1900-01-01 05:30:19,GLOBE,59
16723,21972.0,2025-01-01,85069632,AERO06,1900-01-01 05:11:00,1900-01-01 05:11:18,GLOBE,59
16724,21972.0,2025-01-01,85069631,LEVE00,1900-01-01 04:55:00,1900-01-01 04:55:20,GLOBE,59
16725,21972.0,2025-01-01,85069667,LEVE00,1900-01-01 13:55:00,1900-01-01 13:58:13,GLOBE,59
16726,21972.0,2025-01-01,85069668,AERO06,1900-01-01 14:12:00,1900-01-01 14:19:51,GLOBE,59
16727,21972.0,2025-01-01,85069675,LEVE00,1900-01-01 15:55:00,1900-01-01 15:55:47,GLOBE,59
16728,21972.0,2025-01-01,85069635,LEVE00,1900-01-01 05:55:00,1900-01-01 05:56:15,GLOBE,59
16729,21972.0,2025-01-01,85069630,DPGLOB00,1900-01-01 04:38:00,1900-01-01 04:33:17,GLOBE,59
16730,21972.0,2025-01-01,85069636,AERO06,1900-01-01 06:11:00,1900-01-01 06:12:36,GLOBE,59
16731,21972.0,2025-01-01,85069669,AEROST,1900-01-01 14:28:00,1900-01-01 14:29:24,GLOBE,59
16732,21972.0,2025-01-01,85069670,AERO02,1900-01-01 14:29:00,1900-01-01 14:30:31,GLOBE,59
16733,21972.0,2025-01-01,85069693,AEROST,1900-01-01 20:29:00,1900-01-01 20:12:14,GLOBE,59
16734,21972.0,2025-01-01,85069694,AERO02,1900-01-01 20:30:00,1900-01-01 20:12:27,GLOBE,59
16735,21972.0,2025-01-01,85069655,LEVE00,1900-01-01 10:55:00,1900-01-01 10:55:41,GLOBE,59
16736,21972.0,2025-01-01,85069692,AERO06,1900-01-01 20:11:00,1900-01-01 20:11:43,GLOBE,59
16737,21972.0,2025-01-01,85069678,AERO02,1900-01-01 16:29:00,1900-01-01 16:30:03,GLOBE,59
16738,21972.0,2025-01-01,85069642,AERO02,1900-01-01 07:30:00,1900-01-01 07:30:16,GLOBE,59
16739,21972.0,2025-01-01,85069677,AEROST,1900-01-01 16:28:00,1900-01-01 16:26:21,GLOBE,59
16740,21972.0,2025-01-01,85069641,AEROST,1900-01-01 07:29:00,1900-01-01 07:21:15,GLOBE,59
16741,21972.0,2025-01-01,85069640,AERO06,1900-01-01 07:11:00,1900-01-01 07:11:31,GLOBE,59
16742,21972.0,2025-01-01,85069643,LEVE00,1900-01-01 07:56:00,1900-01-01 07:56:28,GLOBE,59
16743,21972.0,2025-01-01,85069676,AERO06,1900-01-01 16:12:00,1900-01-01 16:13:17,GLOBE,59
16744,21972.0,2025-01-01,85069695,LEVE00,1900-01-01 20:55:00,1900-01-01 20:58:21,GLOBE,59
16745,21972.0,2025-01-01,85069639,LEVE00,1900-01-01 06:55:00,1900-01-01 06:56:11,GLOBE,59
16746,21972.0,2025-01-01,85069656,AERO06,1900-01-01 11:12:00,1900-01-01 11:15:17,GLOBE,59
16747,21972.0,2025-01-01,85069644,AERO06,1900-01-01 08:12:00,1900-01-01 08:13:18,GLOBE,59
16748,21972.0,2025-01-01,85069657,AEROST,1900-01-01 11:29:00,1900-01-01 11:16:42,GLOBE,59
16749,21972.0,2025-01-01,85069658,AERO02,1900-01-01 11:30:00,1900-01-01 11:30:49,GLOBE,59
16750,21972.0,2025-01-01,85069696,AERO06,1900-01-01 21:10:00,1900-01-01 21:11:05,GLOBE,59
16751,21972.0,2025-01-01,85069645,AEROST,1900-01-01 08:29:00,1900-01-01 08:21:36,GLOBE,59
16752,21972.0,2025-01-01,85069654,AERO02,1900-01-01 10:30:00,1900-01-01 10:30:58,GLOBE,59
16753,21972.0,2025-01-01,85069646,AERO02,1900-01-01 08:30:00,1900-01-01 08:30:27,GLOBE,59
16754,21972.0,2025-01-01,85069697,AEROST,1900-01-01 21:29:00,1900-01-01 21:11:31,GLOBE,59
16755,21972.0,2025-01-01,85069698,AERO02,1900-01-01 21:30:00,1900-01-01 21:11:46,GLOBE,59
16756,21972.0,2025-01-01,85069652,AERO06,1900-01-01 10:13:00,1900-01-01 10:12:16,GLOBE,59
16757,21972.0,2025-01-01,85069699,LEVE00,1900-01-01 21:55:00,1900-01-01 21:57:07,GLOBE,59
16758,21972.0,2025-01-01,85069651,LEVE00,1900-01-01 09:55:00,1900-01-01 09:55:30,GLOBE,59
16759,21972.0,2025-01-01,85069700,AERO06,1900-01-01 22:10:00,1900-01-01 22:12:06,GLOBE,59
16760,21972.0,2025-01-01,85069679,LEVE00,1900-01-01 16:55:00,1900-01-01 16:56:06,GLOBE,59
16761,21972.0,2025-01-01,85069680,AERO06,1900-01-01 17:12:00,1900-01-01 17:15:01,GLOBE,59
16762,21972.0,2025-01-01,85069686,AERO02,1900-01-01 18:30:00,1900-01-01 18:32:05,GLOBE,59
16763,21972.0,2025-01-01,85069681,AEROST,1900-01-01 17:28:00,1900-01-01 17:28:07,GLOBE,59
16764,21972.0,2025-01-01,85069682,AERO02,1900-01-01 17:29:00,1900-01-01 17:29:35,GLOBE,59
16765,21972.0,2025-01-01,85069685,AEROST,1900-01-01 18:29:00,1900-01-01 18:31:04,GLOBE,59
16766,21972.0,2025-01-01,85069687,LEVE00,1900-01-01 18:55:00,1900-01-01 18:57:57,GLOBE,59
16767,21972.0,2025-01-01,85069688,AERO06,1900-01-01 19:11:00,1900-01-01 19:10:32,GLOBE,59
16768,21972.0,2025-01-01,85069684,AERO06,1900-01-01 18:12:00,1900-01-01 18:15:30,GLOBE,59
16769,21972.0,2025-01-01,85069683,LEVE00,1900-01-01 17:55:00,1900-01-01 17:57:10,GLOBE,59
16770,21972.0,2025-01-01,85069689,AEROST,1900-01-01 19:29:00,1900-01-01 19:30:47,GLOBE,59
16771,21972.0,2025-01-01,85069690,PXPO01,1900-01-01 19:33:00,1900-01-01 19:32:59,GLOBE,59
16772,21972.0,2025-01-01,85069650,AERO02,1900-01-01 09:30:00,1900-01-01 09:29:58,GLOBE,59
16773,21972.0,2025-01-01,85072281,AERO02,1900-01-01 21:30:00,1900-01-01 21:30:17,GLOBE,59
16774,21972.0,2025-01-01,85069649,AEROST,1900-01-01 09:29:00,1900-01-01 09:16:09,GLOBE,59
16775,21972.0,2025-01-01,85072280,AEROST,1900-01-01 21:29:00,1900-01-01 21:15:50,GLOBE,59
16776,21972.0,2025-01-01,85069691,LEVE00,1900-01-01 19:55:00,1900-01-01 19:57:45,GLOBE,59
16777,21972.0,2025-01-01,85069659,LEVE00,1900-01-01 11:55:00,1900-01-01 11:55:24,GLOBE,59
16778,21972.0,2025-01-01,85069660,AERO06,1900-01-01 12:12:00,1900-01-01 12:15:26,GLOBE,59
16779,21972.0,2025-01-01,85069648,AERO06,1900-01-01 09:11:00,1900-01-01 09:11:44,GLOBE,59
16780,21972.0,2025-01-01,85072279,AERO02,1900-01-01 20:30:00,1900-01-01 20:31:16,GLOBE,59
16781,21972.0,2025-01-01,85072278,AEROST,1900-01-01 20:29:00,1900-01-01 20:29:59,GLOBE,59
16782,21972.0,2025-01-01,85069647,LEVE00,1900-01-01 08:55:00,1900-01-01 08:55:51,GLOBE,59
16783,21972.0,2025-01-01,85069674,AERO02,1900-01-01 15:29:00,1900-01-01 15:30:04,GLOBE,59
17295,22016.0,2025-01-01,85069902,CVIN01,1900-01-01 07:58:00,1900-01-01 08:00:58,Rdta,60
17296,22015.0,2025-01-01,85069959,GXAI01,1900-01-01 21:13:00,1900-01-01 21:13:24,Rdta,60
17297,22014.0,2025-01-01,85070082,GXAI01,1900-01-01 14:09:00,1900-01-01 14:11:07,Rdta,60
17298,22017.0,2025-01-01,85070080,FEMA00,1900-01-01 18:04:00,1900-01-01 18:04:55,Rdta,60
17299,22014.0,2025-01-01,85070083,CVIN01,1900-01-01 15:02:00,1900-01-01 15:05:06,Rdta,60
17300,22016.0,2025-01-01,85069946,GXAI00,1900-01-01 20:02:00,1900-01-01 20:13:12,Rdta,60
17301,22017.0,2025-01-01,85070079,CVIN03,1900-01-01 17:40:00,1900-01-01 17:40:26,Rdta,60
17302,22016.0,2025-01-01,85069945,CVIN03,1900-01-01 19:10:00,1900-01-01 19:12:40,Rdta,60
17303,22016.0,2025-01-01,85069901,GXAI01,1900-01-01 07:12:00,1900-01-01 07:12:19,Rdta,60
17304,22041.0,2025-01-01,85069989,CVIN01,1900-01-01 07:28:00,1900-01-01 07:31:30,Rdta,60
17305,22041.0,2025-01-01,85069993,CVIN01,1900-01-01 08:30:00,1900-01-01 08:31:29,Rdta,60
17306,22017.0,2025-01-01,85070078,CVINST,1900-01-01 17:39:00,1900-01-01 17:34:18,Rdta,60
17307,22014.0,2025-01-01,85070084,CVINST,1900-01-01 15:09:00,1900-01-01 15:06:12,Rdta,60
17308,22016.0,2025-01-01,85069975,CVIN01,1900-01-01 23:29:00,1900-01-01 23:33:20,Rdta,60
17309,22016.0,2025-01-01,85069974,FEMA00,1900-01-01 23:10:00,1900-01-01 23:10:20,Rdta,60
17310,22016.0,2025-01-01,85069903,CVINST,1900-01-01 08:09:00,1900-01-01 08:02:57,Rdta,60
17311,22016.0,2025-01-01,85069973,CVIN03,1900-01-01 22:40:00,1900-01-01 22:40:46,Rdta,60
17312,22015.0,2025-01-01,85069961,CVINST,1900-01-01 22:09:00,1900-01-01 22:04:45,Rdta,60
17313,22015.0,2025-01-01,85069960,CVIN01,1900-01-01 22:02:00,1900-01-01 22:02:35,Rdta,60
17314,22016.0,2025-01-01,85069972,CVINST,1900-01-01 22:39:00,1900-01-01 22:39:37,Rdta,60
17315,22041.0,2025-01-01,85069994,CVINST,1900-01-01 08:39:00,1900-01-01 08:33:03,Rdta,60
17316,22016.0,2025-01-01,85069971,CVIN01,1900-01-01 22:31:00,1900-01-01 22:36:46,Rdta,60
17317,22017.0,2025-01-01,85069957,GXAI00,1900-01-01 23:59:00,1900-01-01 23:56:22,Rdta,60
17318,22017.0,2025-01-01,85069956,CVIN03,1900-01-01 23:10:00,1900-01-01 23:10:28,Rdta,60
17319,22041.0,2025-01-01,85069997,CVIN01,1900-01-01 09:30:00,1900-01-01 09:32:28,Rdta,60
17320,22017.0,2025-01-01,85070067,CVIN03,1900-01-01 14:39:00,1900-01-01 14:40:26,Rdta,60
17321,22041.0,2025-01-01,85069990,CVINST,1900-01-01 07:39:00,1900-01-01 07:32:27,Rdta,60
17322,22041.0,2025-01-01,85069996,FEMA00,1900-01-01 09:08:00,1900-01-01 09:09:25,Rdta,60
17323,22041.0,2025-01-01,85072400,CVINST,1900-01-01 06:39:00,1900-01-01 06:39:24,Rdta,60
17324,22032.0,2025-01-01,85072392,CVINST,1900-01-01 21:39:00,1900-01-01 21:39:19,Rdta,60
17325,22017.0,2025-01-01,85069950,CVINST,1900-01-01 21:09:00,1900-01-01 21:01:03,Rdta,60
17326,22032.0,2025-01-01,85072391,CVIN03,1900-01-01 20:40:00,1900-01-01 20:42:02,Rdta,60
17327,22032.0,2025-01-01,85069937,CVIN01,1900-01-01 21:32:00,1900-01-01 21:31:45,Rdta,60
17328,22041.0,2025-01-01,85069995,CVIN03,1900-01-01 08:40:00,1900-01-01 08:40:31,Rdta,60
17329,22041.0,2025-01-01,85069992,FEMA00,1900-01-01 08:08:00,1900-01-01 08:08:45,Rdta,60
17330,22015.0,2025-01-01,85069907,GXAI01,1900-01-01 16:09:00,1900-01-01 16:09:23,Rdta,60
17331,22041.0,2025-01-01,85069991,CVIN03,1900-01-01 07:40:00,1900-01-01 07:41:18,Rdta,60
17332,22016.0,2025-01-01,85069970,FEMA00,1900-01-01 22:10:00,1900-01-01 22:11:07,Rdta,60
17333,22015.0,2025-01-01,85069965,CVIN01,1900-01-01 23:59:00,1900-01-01 00:00:29,Rdta,60
17334,22014.0,2025-01-01,85070003,CVIN01,1900-01-01 06:57:00,1900-01-01 06:59:56,Rdta,60
17335,22032.0,2025-01-01,85069938,CVINST,1900-01-01 21:39:00,1900-01-01 21:32:47,Rdta,60
17336,22016.0,2025-01-01,85069896,GXAI01,1900-01-01 05:12:00,1900-01-01 05:12:35,Rdta,60
17337,22016.0,2025-01-01,85069897,CVIN01,1900-01-01 05:57:00,1900-01-01 06:02:14,Rdta,60
17338,22016.0,2025-01-01,85069898,CVINST,1900-01-01 06:09:00,1900-01-01 06:03:03,Rdta,60
17339,22015.0,2025-01-01,85069908,CVIN01,1900-01-01 17:02:00,1900-01-01 17:10:15,Rdta,60
17340,22015.0,2025-01-01,85069909,CVINST,1900-01-01 17:09:00,1900-01-01 17:11:18,Rdta,60
17341,22069.0,2025-01-01,85064304,CVINST,1900-01-01 00:09:00,1900-01-01 00:09:58,Rdta,60
17342,22014.0,2025-01-01,85064043,CVINST,1900-01-01 01:09:00,1900-01-01 01:10:23,Rdta,60
17343,22014.0,2025-01-01,85059351,GXAI01,1900-01-01 00:14:00,1900-01-01 00:18:25,Rdta,60
17344,22014.0,2025-01-01,85059352,CVIN01,1900-01-01 00:59:00,1900-01-01 01:05:31,Rdta,60
17345,22069.0,2025-01-01,85059364,CVIN01,1900-01-01 02:58:00,1900-01-01 03:06:03,Rdta,60
17346,22069.0,2025-01-01,85059365,CVINST,1900-01-01 03:09:00,1900-01-01 03:07:46,Rdta,60
17347,22014.0,2025-01-01,85059353,CVINST,1900-01-01 01:09:00,1900-01-01 01:07:23,Rdta,60
17348,22014.0,2025-01-01,85059354,CVIN03,1900-01-01 01:10:00,1900-01-01 01:13:38,Rdta,60
17349,22041.0,2025-01-01,85059343,CVIN03,1900-01-01 00:40:00,1900-01-01 00:42:31,Rdta,60
17350,22069.0,2025-01-01,85059366,CVIN03,1900-01-01 03:10:00,1900-01-01 03:10:17,Rdta,60
17351,22069.0,2025-01-01,85059363,GXPO01,1900-01-01 02:16:00,1900-01-01 02:18:05,Rdta,60
17352,22014.0,2025-01-01,85059355,GXPO00,1900-01-01 02:06:00,1900-01-01 02:41:22,Rdta,60
17353,22041.0,2025-01-01,85059344,GXAI00,1900-01-01 01:27:00,1900-01-01 01:39:23,Rdta,60
17354,22041.0,2025-01-01,85059342,CVINST,1900-01-01 00:39:00,1900-01-01 00:39:44,Rdta,60
17355,22041.0,2025-01-01,85059341,CVIN01,1900-01-01 00:29:00,1900-01-01 00:31:36,Rdta,60
17356,22069.0,2025-01-01,85059332,CVIN03,1900-01-01 00:10:00,1900-01-01 00:11:20,Rdta,60
17357,22069.0,2025-01-01,85059331,CVINST,1900-01-01 00:09:00,1900-01-01 00:06:20,Rdta,60
17358,22043.0,2025-01-01,85059322,GXAI00,1900-01-01 00:28:00,1900-01-01 00:19:16,Rdta,60
17359,22016.0,2025-01-01,85069900,GXAI00,1900-01-01 06:56:00,1900-01-01 07:05:09,Rdta,60
17360,22014.0,2025-01-01,85070002,GXAI01,1900-01-01 06:12:00,1900-01-01 06:12:32,Rdta,60
17361,22017.0,2025-01-01,85069952,GXAI00,1900-01-01 22:02:00,1900-01-01 22:01:37,Rdta,60
17362,22017.0,2025-01-01,85069951,CVIN03,1900-01-01 21:10:00,1900-01-01 21:10:50,Rdta,60
17363,22069.0,2025-01-01,85069916,CVIN03,1900-01-01 18:10:00,1900-01-01 18:10:41,Rdta,60
17364,22016.0,2025-01-01,85069904,CVIN03,1900-01-01 08:10:00,1900-01-01 08:11:04,Rdta,60
17365,22016.0,2025-01-01,85069905,GXAI00,1900-01-01 08:58:00,1900-01-01 09:04:22,Rdta,60
17366,22015.0,2025-01-01,85069962,CVIN03,1900-01-01 22:10:00,1900-01-01 22:10:52,Rdta,60
17367,22017.0,2025-01-01,85070068,FEMA00,1900-01-01 15:09:00,1900-01-01 15:09:30,Rdta,60
17368,22032.0,2025-01-01,85069933,CVIN01,1900-01-01 20:31:00,1900-01-01 20:32:37,Rdta,60
17369,22017.0,2025-01-01,85070069,CVIN01,1900-01-01 15:33:00,1900-01-01 15:34:23,Rdta,60
17370,22017.0,2025-01-01,85070070,CVINST,1900-01-01 15:39:00,1900-01-01 15:36:14,Rdta,60
17371,22017.0,2025-01-01,85070071,CVIN03,1900-01-01 15:40:00,1900-01-01 15:40:36,Rdta,60
17372,22041.0,2025-01-01,85069988,FEMA00,1900-01-01 07:08:00,1900-01-01 07:08:50,Rdta,60
17373,22017.0,2025-01-01,85070072,FEMA00,1900-01-01 16:09:00,1900-01-01 16:09:19,Rdta,60
17374,22017.0,2025-01-01,85070073,CVIN01,1900-01-01 16:33:00,1900-01-01 16:34:21,Rdta,60
17375,22041.0,2025-01-01,85069987,CVIN03,1900-01-01 06:40:00,1900-01-01 06:40:58,Rdta,60
17376,22017.0,2025-01-01,85070074,CVINST,1900-01-01 16:39:00,1900-01-01 16:36:27,Rdta,60
17377,22014.0,2025-01-01,85070086,GXAI00,1900-01-01 16:02:00,1900-01-01 16:01:12,Rdta,60
17378,22014.0,2025-01-01,85070085,CVIN03,1900-01-01 15:10:00,1900-01-01 15:10:34,Rdta,60
17379,22017.0,2025-01-01,85070075,CVIN03,1900-01-01 16:40:00,1900-01-01 16:40:40,Rdta,60
17380,22017.0,2025-01-01,85070076,FEMA00,1900-01-01 17:09:00,1900-01-01 17:09:42,Rdta,60
17381,22069.0,2025-01-01,85072680,PBRU00,1900-01-01 03:32:20,1900-01-01 03:38:32,Rdta,60
17382,22069.0,2025-01-01,85072679,CHVO01,1900-01-01 02:38:08,1900-01-01 03:34:22,Rdta,60
17383,22032.0,2025-01-01,85072388,CVINST,1900-01-01 19:39:00,1900-01-01 19:41:01,Rdta,60
17384,22069.0,2025-01-01,85072461,CVINST,1900-01-01 20:09:00,1900-01-01 20:10:43,Rdta,60
17385,22016.0,2025-01-01,85069976,CVINST,1900-01-01 23:39:00,1900-01-01 23:40:34,Rdta,60
17386,22032.0,2025-01-01,85072387,CVIN03,1900-01-01 19:40:00,1900-01-01 19:35:36,Rdta,60
17387,22032.0,2025-01-01,85072386,CVIN03,1900-01-01 19:40:00,1900-01-01 19:35:15,Rdta,60
17388,22032.0,2025-01-01,85072385,CVINST,1900-01-01 18:39:00,1900-01-01 18:42:40,Rdta,60
17389,22017.0,2025-01-01,85072381,CVINST,1900-01-01 23:09:00,1900-01-01 23:09:25,Rdta,60
17390,22032.0,2025-01-01,85069934,CVINST,1900-01-01 20:39:00,1900-01-01 20:34:34,Rdta,60
17391,22017.0,2025-01-01,85072380,CVINST,1900-01-01 21:09:00,1900-01-01 21:09:45,Rdta,60
17392,22017.0,2025-01-01,85072377,CVINST,1900-01-01 17:39:00,1900-01-01 17:39:11,Rdta,60
17393,22032.0,2025-01-01,85069935,CVIN03,1900-01-01 20:40:00,1900-01-01 20:37:42,Rdta,60
17394,22032.0,2025-01-01,85069936,FEMA00,1900-01-01 21:11:00,1900-01-01 21:11:25,Rdta,60
17395,22017.0,2025-01-01,85069955,CVINST,1900-01-01 23:09:00,1900-01-01 23:04:31,Rdta,60
17396,22016.0,2025-01-01,85072373,CVINST,1900-01-01 19:09:00,1900-01-01 19:10:47,Rdta,60
17397,22016.0,2025-01-01,85072371,CVINST,1900-01-01 12:38:00,1900-01-01 12:38:46,Rdta,60
17398,22016.0,2025-01-01,85072370,CVINST,1900-01-01 10:39:00,1900-01-01 10:41:02,Rdta,60
17399,22016.0,2025-01-01,85072368,CVINST,1900-01-01 08:09:00,1900-01-01 08:09:19,Rdta,60
17400,22016.0,2025-01-01,85072367,CVINST,1900-01-01 06:09:00,1900-01-01 06:11:55,Rdta,60
17401,22017.0,2025-01-01,85069949,CVIN01,1900-01-01 21:00:00,1900-01-01 20:59:13,Rdta,60
17402,22015.0,2025-01-01,85072365,CVINST,1900-01-01 22:09:00,1900-01-01 22:09:57,Rdta,60
17403,22014.0,2025-01-01,85072361,CVINST,1900-01-01 07:09:00,1900-01-01 07:09:04,Rdta,60
17404,22017.0,2025-01-01,85069954,CVIN01,1900-01-01 23:01:00,1900-01-01 23:03:23,Rdta,60
17405,22017.0,2025-01-01,85069953,GXAI01,1900-01-01 22:14:00,1900-01-01 22:14:13,Rdta,60
17406,22032.0,2025-01-01,85072390,CVINST,1900-01-01 20:39:00,1900-01-01 20:41:12,Rdta,60
17407,22032.0,2025-01-01,85072389,CVIN03,1900-01-01 19:40:00,1900-01-01 19:42:27,Rdta,60
17408,22041.0,2025-01-01,85072403,CVINST,1900-01-01 09:39:00,1900-01-01 09:39:11,Rdta,60
17409,22041.0,2025-01-01,85072402,CVINST,1900-01-01 08:39:00,1900-01-01 08:39:12,Rdta,60
17410,22041.0,2025-01-01,85072401,CVINST,1900-01-01 07:39:00,1900-01-01 07:39:10,Rdta,60
17411,22015.0,2025-01-01,85069964,GXAI01,1900-01-01 23:14:00,1900-01-01 23:14:11,Rdta,60
17412,22015.0,2025-01-01,85069963,GXAI01,1900-01-01 23:01:00,1900-01-01 22:58:52,Rdta,60
17413,22069.0,2025-01-01,85069919,CVIN01,1900-01-01 20:00:00,1900-01-01 20:03:43,Rdta,60
17414,22033.0,2025-01-01,85070059,CVIN01,1900-01-01 16:02:00,1900-01-01 16:06:11,Rdta,60
17415,22069.0,2025-01-01,85070021,CVIN03,1900-01-01 12:10:00,1900-01-01 12:11:00,Rdta,60
17416,22016.0,2025-01-01,85070031,CVIN03,1900-01-01 11:39:00,1900-01-01 11:40:49,Rdta,60
17417,22032.0,2025-01-01,85069925,CVIN01,1900-01-01 18:32:00,1900-01-01 18:32:19,Rdta,60
17418,22069.0,2025-01-01,85069915,CVINST,1900-01-01 18:09:00,1900-01-01 18:08:23,Rdta,60
17419,22016.0,2025-01-01,85070036,FEMA00,1900-01-01 13:08:00,1900-01-01 13:08:40,Rdta,60
17420,22032.0,2025-01-01,85070041,DPRDTA00,1900-01-01 10:08:00,1900-01-01 10:12:32,Rdta,60
17421,22069.0,2025-01-01,85070022,GXAI00,1900-01-01 13:01:00,1900-01-01 13:04:43,Rdta,60
17422,22016.0,2025-01-01,85070024,FEMA00,1900-01-01 10:08:00,1900-01-01 10:08:26,Rdta,60
17423,22016.0,2025-01-01,85070039,CVIN03,1900-01-01 13:39:00,1900-01-01 13:42:18,Rdta,60
17424,22014.0,2025-01-01,85070010,CVIN03,1900-01-01 09:10:00,1900-01-01 09:10:11,Rdta,60
17425,22032.0,2025-01-01,85069931,CVIN03,1900-01-01 19:40:00,1900-01-01 19:35:09,Rdta,60
17426,22016.0,2025-01-01,85070038,CVINST,1900-01-01 13:38:00,1900-01-01 13:41:03,Rdta,60
17427,22069.0,2025-01-01,85070018,GXAI01,1900-01-01 11:10:00,1900-01-01 11:10:35,Rdta,60
17428,22033.0,2025-01-01,85070060,CVINST,1900-01-01 16:08:00,1900-01-01 16:07:56,Rdta,60
17429,22032.0,2025-01-01,85069930,CVINST,1900-01-01 19:39:00,1900-01-01 19:34:49,Rdta,60
17430,22033.0,2025-01-01,85070061,CVIN03,1900-01-01 16:09:00,1900-01-01 16:10:26,Rdta,60
17431,22069.0,2025-01-01,85070019,CVIN01,1900-01-01 12:02:00,1900-01-01 12:05:55,Rdta,60
17432,22032.0,2025-01-01,85070045,CVIN03,1900-01-01 11:10:00,1900-01-01 11:13:35,Rdta,60
17433,22016.0,2025-01-01,85069943,CVIN01,1900-01-01 19:02:00,1900-01-01 19:05:06,Rdta,60
17434,22016.0,2025-01-01,85070030,CVINST,1900-01-01 11:38:00,1900-01-01 11:37:55,Rdta,60
17435,22033.0,2025-01-01,85070053,GXAI01,1900-01-01 13:10:00,1900-01-01 13:11:26,Rdta,60
17436,22032.0,2025-01-01,85069929,CVIN01,1900-01-01 19:31:00,1900-01-01 19:33:01,Rdta,60
17437,22069.0,2025-01-01,85070020,CVINST,1900-01-01 12:09:00,1900-01-01 12:07:51,Rdta,60
17438,22014.0,2025-01-01,85070011,GXAI00,1900-01-01 10:00:00,1900-01-01 09:57:40,Rdta,60
17439,22032.0,2025-01-01,85070046,GXAI00,1900-01-01 12:01:00,1900-01-01 12:03:06,Rdta,60
17440,22032.0,2025-01-01,85070051,GXAI00,1900-01-01 14:02:00,1900-01-01 14:05:50,Rdta,60
17441,22032.0,2025-01-01,85070050,CVIN03,1900-01-01 13:10:00,1900-01-01 13:12:10,Rdta,60
17442,22017.0,2025-01-01,85070077,CVIN01,1900-01-01 17:33:00,1900-01-01 17:33:01,Rdta,60
17443,22016.0,2025-01-01,85070037,CVIN01,1900-01-01 13:32:00,1900-01-01 13:38:50,Rdta,60
17444,22032.0,2025-01-01,85070049,CVINST,1900-01-01 13:09:00,1900-01-01 13:08:03,Rdta,60
17445,22032.0,2025-01-01,85069926,CVINST,1900-01-01 18:39:00,1900-01-01 18:34:33,Rdta,60
17446,22069.0,2025-01-01,85070013,GXAI01,1900-01-01 09:11:00,1900-01-01 09:11:15,Rdta,60
17447,22033.0,2025-01-01,85070062,GXAI00,1900-01-01 17:02:00,1900-01-01 17:03:38,Rdta,60
17448,22016.0,2025-01-01,85070029,CVIN01,1900-01-01 11:31:00,1900-01-01 11:35:50,Rdta,60
17449,22069.0,2025-01-01,85070014,CVIN01,1900-01-01 10:01:00,1900-01-01 10:07:09,Rdta,60
17450,22017.0,2025-01-01,85070064,FEMA00,1900-01-01 14:08:00,1900-01-01 14:08:50,Rdta,60
17451,22016.0,2025-01-01,85069942,GXAI01,1900-01-01 18:10:00,1900-01-01 18:12:54,Rdta,60
17452,22017.0,2025-01-01,85069948,GXGC01,1900-01-01 20:11:21,1900-01-01 20:09:39,Rdta,60
17453,22016.0,2025-01-01,85070028,FEMA00,1900-01-01 11:08:00,1900-01-01 11:09:10,Rdta,60
17454,22032.0,2025-01-01,85070048,CVIN01,1900-01-01 13:02:00,1900-01-01 13:05:04,Rdta,60
17455,22014.0,2025-01-01,85070004,CVINST,1900-01-01 07:09:00,1900-01-01 07:01:13,Rdta,60
17456,22017.0,2025-01-01,85070066,CVINST,1900-01-01 14:38:00,1900-01-01 14:36:04,Rdta,60
17457,22014.0,2025-01-01,85070007,GXAI01,1900-01-01 08:11:00,1900-01-01 08:11:43,Rdta,60
17458,22069.0,2025-01-01,85070015,CVINST,1900-01-01 10:09:00,1900-01-01 10:09:21,Rdta,60
17459,22032.0,2025-01-01,85070047,GXAI01,1900-01-01 12:10:00,1900-01-01 12:11:31,Rdta,60
17460,22069.0,2025-01-01,85070016,CVIN03,1900-01-01 10:10:00,1900-01-01 10:10:30,Rdta,60
17461,22069.0,2025-01-01,85070017,GXAI00,1900-01-01 11:00:00,1900-01-01 11:02:54,Rdta,60
17462,22017.0,2025-01-01,85070065,CVIN01,1900-01-01 14:32:00,1900-01-01 14:34:44,Rdta,60
17463,22069.0,2025-01-01,85069920,CVINST,1900-01-01 20:09:00,1900-01-01 20:06:05,Rdta,60
17464,22032.0,2025-01-01,85069940,FEMA00,1900-01-01 22:03:00,1900-01-01 21:59:55,Rdta,60
17465,22069.0,2025-01-01,85069918,GXAI01,1900-01-01 19:09:00,1900-01-01 19:11:40,Rdta,60
17466,22016.0,2025-01-01,85069944,CVINST,1900-01-01 19:09:00,1900-01-01 19:06:14,Rdta,60
17467,22069.0,2025-01-01,85069914,CVIN01,1900-01-01 18:02:00,1900-01-01 18:05:55,Rdta,60
17468,22016.0,2025-01-01,85070034,CVINST,1900-01-01 12:38:00,1900-01-01 12:37:52,Rdta,60
17469,22041.0,2025-01-01,85069998,CVINST,1900-01-01 09:39:00,1900-01-01 09:34:16,Rdta,60
17470,22041.0,2025-01-01,85069984,GXAI01,1900-01-01 05:42:00,1900-01-01 05:44:24,Rdta,60
17471,22033.0,2025-01-01,85070054,CVIN01,1900-01-01 14:02:00,1900-01-01 14:08:17,Rdta,60
17472,22033.0,2025-01-01,85070055,CVINST,1900-01-01 14:09:00,1900-01-01 14:09:23,Rdta,60
17473,22032.0,2025-01-01,85070042,GXAI01,1900-01-01 10:10:00,1900-01-01 10:15:40,Rdta,60
17474,22041.0,2025-01-01,85069985,CVIN01,1900-01-01 06:27:00,1900-01-01 06:32:45,Rdta,60
17475,22069.0,2025-01-01,85069913,GXAI01,1900-01-01 17:08:00,1900-01-01 17:08:54,Rdta,60
17476,22016.0,2025-01-01,85070033,CVIN01,1900-01-01 12:32:00,1900-01-01 12:35:14,Rdta,60
17477,22041.0,2025-01-01,85069986,CVINST,1900-01-01 06:39:00,1900-01-01 06:33:54,Rdta,60
17478,22016.0,2025-01-01,85069977,CVIN03,1900-01-01 23:40:00,1900-01-01 23:41:20,Rdta,60
17479,22041.0,2025-01-01,85069983,DPRDTA00,1900-01-01 05:40:00,1900-01-01 05:40:22,Rdta,60
17480,22032.0,2025-01-01,85069928,FEMA00,1900-01-01 19:09:00,1900-01-01 19:11:49,Rdta,60
17481,22014.0,2025-01-01,85070005,CVIN03,1900-01-01 07:10:00,1900-01-01 07:10:10,Rdta,60
17482,22014.0,2025-01-01,85070006,GXAI00,1900-01-01 07:57:00,1900-01-01 07:55:10,Rdta,60
17483,22069.0,2025-01-01,85069922,GXAI00,1900-01-01 21:02:00,1900-01-01 21:08:57,Rdta,60
17484,22032.0,2025-01-01,85070043,CVIN01,1900-01-01 11:02:00,1900-01-01 11:08:55,Rdta,60
17485,22016.0,2025-01-01,85070027,CVIN03,1900-01-01 10:40:00,1900-01-01 10:42:13,Rdta,60
17486,22032.0,2025-01-01,85069924,FEMA00,1900-01-01 18:09:00,1900-01-01 18:09:57,Rdta,60
17487,22016.0,2025-01-01,85070026,CVINST,1900-01-01 10:39:00,1900-01-01 10:34:46,Rdta,60
17488,22014.0,2025-01-01,85070008,CVIN01,1900-01-01 09:00:00,1900-01-01 08:59:35,Rdta,60
17489,22032.0,2025-01-01,85070044,CVINST,1900-01-01 11:09:00,1900-01-01 11:10:59,Rdta,60
17490,22032.0,2025-01-01,85069927,CVIN03,1900-01-01 18:40:00,1900-01-01 18:43:53,Rdta,60
17491,22033.0,2025-01-01,85070056,CVIN03,1900-01-01 14:10:00,1900-01-01 14:11:09,Rdta,60
17492,22016.0,2025-01-01,85069899,CVIN03,1900-01-01 06:10:00,1900-01-01 06:13:02,Rdta,60
17493,22069.0,2025-01-01,85069917,GXAI00,1900-01-01 19:02:00,1900-01-01 19:10:22,Rdta,60
17494,22033.0,2025-01-01,85070057,GXAI00,1900-01-01 15:02:00,1900-01-01 15:05:06,Rdta,60
17495,22016.0,2025-01-01,85070035,CVIN03,1900-01-01 12:39:00,1900-01-01 12:40:26,Rdta,60
17496,22032.0,2025-01-01,85069939,CVIN03,1900-01-01 21:40:00,1900-01-01 21:40:25,Rdta,60
17497,22014.0,2025-01-01,85070009,CVINST,1900-01-01 09:09:00,1900-01-01 09:01:00,Rdta,60
17498,22069.0,2025-01-01,85069921,CVIN03,1900-01-01 20:10:00,1900-01-01 20:12:30,Rdta,60
17499,22016.0,2025-01-01,85070025,CVIN01,1900-01-01 10:31:00,1900-01-01 10:33:46,Rdta,60
17500,22041.0,2025-01-01,85069999,CVIN03,1900-01-01 09:40:00,1900-01-01 09:41:16,Rdta,60
17501,22015.0,2025-01-01,85069910,CVIN03,1900-01-01 17:10:00,1900-01-01 17:13:16,Rdta,60
17502,22015.0,2025-01-01,85069911,GXAI00,1900-01-01 18:02:00,1900-01-01 18:10:14,Rdta,60
17503,22033.0,2025-01-01,85070058,GXAI01,1900-01-01 15:09:00,1900-01-01 15:11:22,Rdta,60
17504,22016.0,2025-01-01,85070032,FEMA00,1900-01-01 12:08:00,1900-01-01 12:09:32,Rdta,60
17505,22032.0,2025-01-01,85069932,FEMA00,1900-01-01 20:09:00,1900-01-01 20:10:18,Rdta,60
17506,22041.0,2025-01-01,85070000,FEMA00,1900-01-01 10:02:00,1900-01-01 10:04:56,Rdta,60
17507,22014.0,2025-01-01,85086538,CVINST,1900-01-01 15:09:00,1900-01-01 15:09:38,Rdta,60
19629,22216.0,2025-01-01,85070135,AERO06,1900-01-01 11:56:00,1900-01-01 12:00:12,GEM’BUS,66
19630,22215.0,2025-01-01,85070087,DPGBU300,1900-01-01 06:05:00,1900-01-01 06:04:59,GEM’BUS,66
19631,22221.0,2025-01-01,85070145,AERO02,1900-01-01 16:21:00,1900-01-01 16:21:33,GEM’BUS,66
19632,22221.0,2025-01-01,85070159,AERO06,1900-01-01 23:49:00,1900-01-01 23:53:33,GEM’BUS,66
19633,22221.0,2025-01-01,85070154,VATH00,1900-01-01 21:14:00,1900-01-01 21:14:41,GEM’BUS,66
19634,22215.0,2025-01-01,85070120,VATH00,1900-01-01 22:14:00,1900-01-01 22:16:25,GEM’BUS,66
19635,22215.0,2025-01-01,85070096,VATH00,1900-01-01 10:15:00,1900-01-01 10:17:08,GEM’BUS,66
19636,22215.0,2025-01-01,85070088,VATH00,1900-01-01 06:15:00,1900-01-01 06:16:17,GEM’BUS,66
19637,22215.0,2025-01-01,85072665,FRET01,1900-01-01 21:26:05,1900-01-01 21:27:47,GEM’BUS,66
19638,22215.0,2025-01-01,85070116,VATH00,1900-01-01 20:14:00,1900-01-01 20:15:34,GEM’BUS,66
19639,22221.0,2025-01-01,85070146,VATH00,1900-01-01 17:15:00,1900-01-01 17:15:33,GEM’BUS,66
19640,22216.0,2025-01-01,85070130,VATH00,1900-01-01 09:15:00,1900-01-01 09:15:33,GEM’BUS,66
19641,22221.0,2025-01-01,85070150,VATH00,1900-01-01 19:15:00,1900-01-01 19:19:23,GEM’BUS,66
19642,22215.0,2025-01-01,85072664,FRET00,1900-01-01 20:49:16,1900-01-01 21:26:36,GEM’BUS,66
19643,22221.0,2025-01-01,85070141,AERO02,1900-01-01 14:21:00,1900-01-01 14:21:16,GEM’BUS,66
19644,22215.0,2025-01-01,85070107,AERO02,1900-01-01 15:21:00,1900-01-01 15:21:29,GEM’BUS,66
19645,22221.0,2025-01-01,85070147,AERO06,1900-01-01 17:55:00,1900-01-01 17:59:11,GEM’BUS,66
19646,22215.0,2025-01-01,85070106,AEROST,1900-01-01 15:20:00,1900-01-01 15:03:40,GEM’BUS,66
19647,22216.0,2025-01-01,85070134,VATH00,1900-01-01 11:15:00,1900-01-01 11:17:34,GEM’BUS,66
19648,22221.0,2025-01-01,85070158,VATH00,1900-01-01 23:14:00,1900-01-01 23:15:42,GEM’BUS,66
19649,22215.0,2025-01-01,85070105,AERO06,1900-01-01 14:56:00,1900-01-01 15:02:24,GEM’BUS,66
19650,22215.0,2025-01-01,85070119,AERO02,1900-01-01 21:21:00,1900-01-01 21:15:37,GEM’BUS,66
19651,22221.0,2025-01-01,85070148,AEROST,1900-01-01 18:20:00,1900-01-01 18:00:28,GEM’BUS,66
19652,22221.0,2025-01-01,85070149,AERO02,1900-01-01 18:21:00,1900-01-01 18:23:07,GEM’BUS,66
19653,22215.0,2025-01-01,85070118,AEROST,1900-01-01 21:20:00,1900-01-01 20:59:59,GEM’BUS,66
19654,22215.0,2025-01-01,85070123,AERO02,1900-01-01 23:21:00,1900-01-01 23:22:20,GEM’BUS,66
19655,22215.0,2025-01-01,85070104,VATH00,1900-01-01 14:15:00,1900-01-01 14:16:16,GEM’BUS,66
19656,22215.0,2025-01-01,85070117,AERO06,1900-01-01 20:51:00,1900-01-01 20:53:00,GEM’BUS,66
19657,22215.0,2025-01-01,85070122,AEROST,1900-01-01 23:20:00,1900-01-01 23:05:53,GEM’BUS,66
19658,22215.0,2025-01-01,85070121,AERO06,1900-01-01 22:50:00,1900-01-01 22:53:37,GEM’BUS,66
19659,22221.0,2025-01-01,85070155,AERO06,1900-01-01 21:50:00,1900-01-01 21:55:07,GEM’BUS,66
19660,22216.0,2025-01-01,85070133,AERO02,1900-01-01 10:21:00,1900-01-01 10:20:51,GEM’BUS,66
19661,22215.0,2025-01-01,85070100,VATH00,1900-01-01 12:15:00,1900-01-01 12:16:23,GEM’BUS,66
19662,22215.0,2025-01-01,85070103,AERO02,1900-01-01 13:21:00,1900-01-01 13:21:13,GEM’BUS,66
19663,22215.0,2025-01-01,85070102,AEROST,1900-01-01 13:20:00,1900-01-01 12:58:44,GEM’BUS,66
19664,22216.0,2025-01-01,85070132,AEROST,1900-01-01 10:20:00,1900-01-01 09:57:06,GEM’BUS,66
19665,22215.0,2025-01-01,85070101,AERO06,1900-01-01 12:56:00,1900-01-01 12:57:22,GEM’BUS,66
19666,22221.0,2025-01-01,85070156,AEROST,1900-01-01 22:20:00,1900-01-01 22:02:00,GEM’BUS,66
19667,22216.0,2025-01-01,85070131,AERO06,1900-01-01 09:56:00,1900-01-01 09:55:58,GEM’BUS,66
19668,22221.0,2025-01-01,85070157,AERO02,1900-01-01 22:21:00,1900-01-01 22:21:26,GEM’BUS,66
19669,22215.0,2025-01-01,85070093,AERO06,1900-01-01 08:55:00,1900-01-01 08:57:30,GEM’BUS,66
19670,22215.0,2025-01-01,85070094,AEROST,1900-01-01 09:20:00,1900-01-01 08:58:51,GEM’BUS,66
19671,22215.0,2025-01-01,85070095,AERO02,1900-01-01 09:21:00,1900-01-01 09:21:29,GEM’BUS,66
19672,22216.0,2025-01-01,85059731,AERO06,1900-01-01 00:49:00,1900-01-01 00:57:43,GEM’BUS,66
19673,22215.0,2025-01-01,85070112,VATH00,1900-01-01 18:15:00,1900-01-01 18:15:50,GEM’BUS,66
19674,22215.0,2025-01-01,85072663,AERO02,1900-01-01 07:21:00,1900-01-01 07:21:10,GEM’BUS,66
19675,22221.0,2025-01-01,85072667,SHUM01,1900-01-01 13:25:04,1900-01-01 13:32:25,GEM’BUS,66
19676,22215.0,2025-01-01,85070109,AERO06,1900-01-01 16:55:00,1900-01-01 17:03:18,GEM’BUS,66
19677,22215.0,2025-01-01,85072662,AEROST,1900-01-01 07:20:00,1900-01-01 07:07:17,GEM’BUS,66
19678,22215.0,2025-01-01,85070110,AEROST,1900-01-01 17:20:00,1900-01-01 17:04:39,GEM’BUS,66
19679,22221.0,2025-01-01,85070142,VATH00,1900-01-01 15:15:00,1900-01-01 15:16:13,GEM’BUS,66
19680,22215.0,2025-01-01,85070111,AERO02,1900-01-01 17:21:00,1900-01-01 17:21:30,GEM’BUS,66
19681,22215.0,2025-01-01,85070113,AERO06,1900-01-01 18:53:00,1900-01-01 18:56:31,GEM’BUS,66
19682,22221.0,2025-01-01,85072668,FRET00,1900-01-01 15:54:15,1900-01-01 16:27:27,GEM’BUS,66
19683,22215.0,2025-01-01,85070114,AEROST,1900-01-01 19:20:00,1900-01-01 18:57:49,GEM’BUS,66
19684,22215.0,2025-01-01,85070115,AERO02,1900-01-01 19:21:00,1900-01-01 19:21:16,GEM’BUS,66
19685,22221.0,2025-01-01,85072669,FRET01,1900-01-01 16:26:14,1900-01-01 16:28:32,GEM’BUS,66
19686,22216.0,2025-01-01,85059730,VATH00,1900-01-01 00:14:00,1900-01-01 00:17:07,GEM’BUS,66
19687,22221.0,2025-01-01,85072671,FRET01,1900-01-01 22:25:41,1900-01-01 22:27:58,GEM’BUS,66
19688,22221.0,2025-01-01,85070153,AERO02,1900-01-01 20:21:00,1900-01-01 20:22:14,GEM’BUS,66
19689,22216.0,2025-01-01,85070138,VATH00,1900-01-01 13:15:00,1900-01-01 13:09:09,GEM’BUS,66
19690,22216.0,2025-01-01,85070127,AERO06,1900-01-01 07:54:00,1900-01-01 07:57:29,GEM’BUS,66
19691,21961.0,2025-01-01,85059665,AEROST,1900-01-01 00:20:00,1900-01-01 00:06:58,GEM’BUS,66
19692,21961.0,2025-01-01,85059666,AERO02,1900-01-01 00:21:00,1900-01-01 00:20:45,GEM’BUS,66
19693,22216.0,2025-01-01,85070128,AEROST,1900-01-01 08:20:00,1900-01-01 07:58:46,GEM’BUS,66
19694,22216.0,2025-01-01,85070129,AERO02,1900-01-01 08:21:00,1900-01-01 08:21:08,GEM’BUS,66
19695,22215.0,2025-01-01,85070089,AERO06,1900-01-01 06:53:00,1900-01-01 06:56:39,GEM’BUS,66
19696,22215.0,2025-01-01,85070090,AEROST,1900-01-01 07:20:00,1900-01-01 06:57:27,GEM’BUS,66
19697,22215.0,2025-01-01,85070091,AERO02,1900-01-01 07:21:00,1900-01-01 06:57:49,GEM’BUS,66
19698,22215.0,2025-01-01,85070108,VATH00,1900-01-01 16:15:00,1900-01-01 16:15:43,GEM’BUS,66
19699,22221.0,2025-01-01,85070144,AEROST,1900-01-01 16:20:00,1900-01-01 16:03:08,GEM’BUS,66
19700,22216.0,2025-01-01,85070126,VATH00,1900-01-01 07:15:00,1900-01-01 07:15:07,GEM’BUS,66
19701,22215.0,2025-01-01,85070092,VATH00,1900-01-01 08:15:00,1900-01-01 08:15:33,GEM’BUS,66
19702,22221.0,2025-01-01,85070139,AERO06,1900-01-01 13:56:00,1900-01-01 13:59:37,GEM’BUS,66
19703,22216.0,2025-01-01,85070125,DPGBU300,1900-01-01 07:05:00,1900-01-01 07:05:33,GEM’BUS,66
19704,22221.0,2025-01-01,85070152,AEROST,1900-01-01 20:20:00,1900-01-01 19:57:48,GEM’BUS,66
19705,22221.0,2025-01-01,85070143,AERO06,1900-01-01 15:56:00,1900-01-01 16:01:39,GEM’BUS,66
19706,22221.0,2025-01-01,85072670,FRET00,1900-01-01 21:48:07,1900-01-01 22:26:49,GEM’BUS,66
19707,22216.0,2025-01-01,85070136,AEROST,1900-01-01 12:20:00,1900-01-01 12:01:24,GEM’BUS,66
19708,22216.0,2025-01-01,85070137,AERO02,1900-01-01 12:21:00,1900-01-01 12:21:34,GEM’BUS,66
19709,22215.0,2025-01-01,85070099,AERO02,1900-01-01 11:21:00,1900-01-01 11:20:47,GEM’BUS,66
19710,22215.0,2025-01-01,85070098,AEROST,1900-01-01 11:20:00,1900-01-01 10:59:28,GEM’BUS,66
19711,22221.0,2025-01-01,85070140,AEROST,1900-01-01 14:20:00,1900-01-01 14:01:04,GEM’BUS,66
19712,22221.0,2025-01-01,85070151,AERO06,1900-01-01 19:53:00,1900-01-01 19:56:41,GEM’BUS,66
19713,22215.0,2025-01-01,85070097,AERO06,1900-01-01 10:56:00,1900-01-01 10:58:06,GEM’BUS,66
20635,22051.0,2025-01-01,85070177,GRVI06,1900-01-01 17:29:00,1900-01-01 17:28:53,GLOBE,67
20636,22051.0,2025-01-01,85070166,GRVI03,1900-01-01 09:26:00,1900-01-01 09:28:37,GLOBE,67
20637,22051.0,2025-01-01,85070174,GRVI06,1900-01-01 15:29:00,1900-01-01 15:12:10,GLOBE,67
20638,22083.0,2025-01-01,85070203,GRVI06,1900-01-01 22:34:00,1900-01-01 22:36:14,GLOBE,67
20639,22051.0,2025-01-01,85070173,CROE00,1900-01-01 14:20:00,1900-01-01 14:20:09,GLOBE,67
20640,22083.0,2025-01-01,85070197,GRVI06,1900-01-01 18:29:00,1900-01-01 18:30:28,GLOBE,67
20641,22051.0,2025-01-01,85070167,CROE00,1900-01-01 10:20:00,1900-01-01 10:23:18,GLOBE,67
20642,22083.0,2025-01-01,85070184,CROE00,1900-01-01 09:20:00,1900-01-01 09:20:33,GLOBE,67
20643,22051.0,2025-01-01,85070179,CROE00,1900-01-01 18:20:00,1900-01-01 18:20:20,GLOBE,67
20644,22083.0,2025-01-01,85070185,GRVI06,1900-01-01 10:25:00,1900-01-01 09:58:50,GLOBE,67
20645,22086.0,2025-01-01,85059831,CROE00,1900-01-01 01:08:00,1900-01-01 01:07:24,GLOBE,67
20646,22083.0,2025-01-01,85070202,CROE00,1900-01-01 21:20:00,1900-01-01 21:22:10,GLOBE,67
20647,22051.0,2025-01-01,85072424,GRVI06,1900-01-01 15:29:00,1900-01-01 15:28:23,GLOBE,67
20648,22083.0,2025-01-01,85070205,CROE00,1900-01-01 23:20:00,1900-01-01 23:21:59,GLOBE,67
20649,22083.0,2025-01-01,85070198,GRVI03,1900-01-01 18:30:00,1900-01-01 18:31:51,GLOBE,67
20650,22051.0,2025-01-01,85070176,CROE00,1900-01-01 16:20:00,1900-01-01 16:20:41,GLOBE,67
20651,22083.0,2025-01-01,85070186,GRVI03,1900-01-01 10:26:00,1900-01-01 10:27:14,GLOBE,67
20652,22086.0,2025-01-01,85059830,GRVI03,1900-01-01 00:35:00,1900-01-01 00:36:17,GLOBE,67
20653,22083.0,2025-01-01,85070196,CROE00,1900-01-01 17:20:00,1900-01-01 17:20:36,GLOBE,67
20654,22051.0,2025-01-01,85070178,GRVI03,1900-01-01 17:30:00,1900-01-01 17:30:14,GLOBE,67
20655,22083.0,2025-01-01,85070201,GRVI03,1900-01-01 20:30:00,1900-01-01 20:31:43,GLOBE,67
20656,22083.0,2025-01-01,85070187,CROE00,1900-01-01 11:20:00,1900-01-01 11:21:37,GLOBE,67
20657,22051.0,2025-01-01,85070175,GRVI03,1900-01-01 15:30:00,1900-01-01 15:30:21,GLOBE,67
20658,22083.0,2025-01-01,85070199,CROE00,1900-01-01 19:20:00,1900-01-01 19:21:58,GLOBE,67
20659,22083.0,2025-01-01,85070188,GRVI06,1900-01-01 12:25:00,1900-01-01 12:27:38,GLOBE,67
20660,22083.0,2025-01-01,85070204,GRVI03,1900-01-01 22:35:00,1900-01-01 22:37:36,GLOBE,67
20661,22051.0,2025-01-01,85070164,CROE00,1900-01-01 08:20:00,1900-01-01 08:22:08,GLOBE,67
20662,22083.0,2025-01-01,85070200,GRVI06,1900-01-01 20:29:00,1900-01-01 20:30:20,GLOBE,67
20663,22083.0,2025-01-01,85070189,GRVI03,1900-01-01 12:26:00,1900-01-01 12:29:02,GLOBE,67
20664,22051.0,2025-01-01,85070180,GRVI06,1900-01-01 19:29:00,1900-01-01 19:29:20,GLOBE,67
20665,22051.0,2025-01-01,85070181,GRVI03,1900-01-01 19:30:00,1900-01-01 19:30:40,GLOBE,67
20666,22083.0,2025-01-01,85070193,CROE00,1900-01-01 15:20:00,1900-01-01 15:22:10,GLOBE,67
20667,22051.0,2025-01-01,85070163,GRVI03,1900-01-01 07:26:00,1900-01-01 07:28:15,GLOBE,67
20668,22051.0,2025-01-01,85070168,GRVI06,1900-01-01 11:25:00,1900-01-01 11:24:23,GLOBE,67
20669,22051.0,2025-01-01,85070170,CROE00,1900-01-01 12:20:00,1900-01-01 12:21:10,GLOBE,67
20670,22083.0,2025-01-01,85070194,GRVI06,1900-01-01 16:29:00,1900-01-01 16:31:05,GLOBE,67
20671,22083.0,2025-01-01,85070192,GRVI03,1900-01-01 14:30:00,1900-01-01 14:31:15,GLOBE,67
20672,22083.0,2025-01-01,85070195,GRVI03,1900-01-01 16:30:00,1900-01-01 16:32:30,GLOBE,67
20673,22051.0,2025-01-01,85070165,GRVI06,1900-01-01 09:25:00,1900-01-01 09:21:13,GLOBE,67
20674,22083.0,2025-01-01,85070190,CROE00,1900-01-01 13:20:00,1900-01-01 13:20:27,GLOBE,67
20675,22051.0,2025-01-01,85070162,GRVI06,1900-01-01 07:25:00,1900-01-01 07:27:02,GLOBE,67
20676,22051.0,2025-01-01,85070161,CROE00,1900-01-01 06:20:00,1900-01-01 06:21:31,GLOBE,67
20677,22051.0,2025-01-01,85070169,GRVI03,1900-01-01 11:26:00,1900-01-01 11:26:31,GLOBE,67
20678,22051.0,2025-01-01,85070171,GRVI06,1900-01-01 13:25:00,1900-01-01 12:58:04,GLOBE,67
20679,22051.0,2025-01-01,85070172,GRVI03,1900-01-01 13:26:00,1900-01-01 13:26:25,GLOBE,67
20680,22083.0,2025-01-01,85070191,GRVI06,1900-01-01 14:29:00,1900-01-01 14:29:33,GLOBE,67
21377,22212.0,2025-01-01,85070212,BLDO04,1900-01-01 08:04:00,1900-01-01 08:05:13,GEM’BUS,68
21378,22212.0,2025-01-01,85070211,VATH01,1900-01-01 06:53:00,1900-01-01 06:53:39,GEM’BUS,68
21379,22212.0,2025-01-01,85070217,VATH01,1900-01-01 13:00:00,1900-01-01 13:01:53,GEM’BUS,68
21380,22212.0,2025-01-01,85070213,VATH01,1900-01-01 09:10:00,1900-01-01 09:15:25,GEM’BUS,68
21381,22212.0,2025-01-01,85070209,DPGBU300,1900-01-01 05:43:00,1900-01-01 05:43:36,GEM’BUS,68
21382,22212.0,2025-01-01,85070210,BLDO04,1900-01-01 06:03:00,1900-01-01 06:03:17,GEM’BUS,68
21383,22212.0,2025-01-01,85070219,VATH01,1900-01-01 15:00:00,1900-01-01 15:02:04,GEM’BUS,68
21384,22212.0,2025-01-01,85070222,BLDO04,1900-01-01 17:52:00,1900-01-01 17:53:15,GEM’BUS,68
21385,22212.0,2025-01-01,85070214,BLDO04,1900-01-01 10:03:00,1900-01-01 10:06:32,GEM’BUS,68
21386,22212.0,2025-01-01,85070220,BLDO04,1900-01-01 15:53:00,1900-01-01 15:54:49,GEM’BUS,68
21387,22214.0,2025-01-01,85070234,BLDO04,1900-01-01 09:05:00,1900-01-01 09:06:54,GEM’BUS,68
21388,22212.0,2025-01-01,85070225,VATH01,1900-01-01 20:50:00,1900-01-01 20:51:15,GEM’BUS,68
21389,22214.0,2025-01-01,85070233,VATH01,1900-01-01 08:10:00,1900-01-01 08:12:17,GEM’BUS,68
21390,22212.0,2025-01-01,85070226,BLDO04,1900-01-01 21:54:00,1900-01-01 21:55:36,GEM’BUS,68
21391,22214.0,2025-01-01,85070240,BLDO04,1900-01-01 14:53:00,1900-01-01 14:54:39,GEM’BUS,68
21392,22212.0,2025-01-01,85070224,BLDO04,1900-01-01 19:53:00,1900-01-01 19:54:00,GEM’BUS,68
21393,22214.0,2025-01-01,85070242,BLDO04,1900-01-01 16:52:00,1900-01-01 16:53:09,GEM’BUS,68
21394,22214.0,2025-01-01,85070230,DPGBU300,1900-01-01 05:40:00,1900-01-01 05:42:39,GEM’BUS,68
21395,22212.0,2025-01-01,85070223,VATH01,1900-01-01 19:00:00,1900-01-01 19:00:50,GEM’BUS,68
21396,22214.0,2025-01-01,85070246,BLDO04,1900-01-01 20:53:00,1900-01-01 20:55:22,GEM’BUS,68
21397,22214.0,2025-01-01,85070243,VATH01,1900-01-01 18:07:00,1900-01-01 18:08:38,GEM’BUS,68
21398,22214.0,2025-01-01,85070245,VATH01,1900-01-01 20:00:00,1900-01-01 20:03:26,GEM’BUS,68
21399,22221.0,2025-01-01,85059997,BLDO04,1900-01-01 00:55:00,1900-01-01 00:56:06,GEM’BUS,68
21400,22214.0,2025-01-01,85070231,VATH01,1900-01-01 05:50:00,1900-01-01 05:51:33,GEM’BUS,68
21401,22212.0,2025-01-01,85070215,VATH01,1900-01-01 11:10:00,1900-01-01 11:15:51,GEM’BUS,68
21402,22214.0,2025-01-01,85070232,BLDO04,1900-01-01 07:03:00,1900-01-01 07:04:45,GEM’BUS,68
21403,22212.0,2025-01-01,85070216,BLDO04,1900-01-01 12:03:00,1900-01-01 12:06:33,GEM’BUS,68
21404,22212.0,2025-01-01,85070228,BLDO04,1900-01-01 23:55:00,1900-01-01 23:55:53,GEM’BUS,68
21405,22220.0,2025-01-01,85059913,SGBO00,1900-01-01 02:12:00,1900-01-01 02:18:47,GEM’BUS,68
21406,22214.0,2025-01-01,85070249,VATH01,1900-01-01 23:51:00,1900-01-01 23:53:16,GEM’BUS,68
21407,22220.0,2025-01-01,85059914,SGBO01,1900-01-01 02:21:00,1900-01-01 02:22:37,GEM’BUS,68
21408,22220.0,2025-01-01,85059915,BLDO04,1900-01-01 03:01:00,1900-01-01 03:04:30,GEM’BUS,68
21409,22214.0,2025-01-01,85070235,VATH01,1900-01-01 10:10:00,1900-01-01 10:12:55,GEM’BUS,68
21410,22221.0,2025-01-01,85059998,DPGBU300,1900-01-01 01:43:00,1900-01-01 01:36:16,GEM’BUS,68
21411,22214.0,2025-01-01,85070236,BLDO04,1900-01-01 11:06:00,1900-01-01 11:06:40,GEM’BUS,68
21412,22212.0,2025-01-01,85070227,VATH01,1900-01-01 22:51:00,1900-01-01 22:54:24,GEM’BUS,68
21413,22221.0,2025-01-01,85059996,JMON01,1900-01-01 00:21:00,1900-01-01 00:21:45,GEM’BUS,68
21414,22220.0,2025-01-01,85059916,SGBO00,1900-01-01 03:29:00,1900-01-01 03:30:25,GEM’BUS,68
21415,22214.0,2025-01-01,85070237,VATH01,1900-01-01 12:10:00,1900-01-01 12:12:46,GEM’BUS,68
21416,22214.0,2025-01-01,85070248,BLDO04,1900-01-01 23:02:00,1900-01-01 23:03:21,GEM’BUS,68
21417,22214.0,2025-01-01,85070238,BLDO04,1900-01-01 13:03:00,1900-01-01 13:03:42,GEM’BUS,68
21418,22214.0,2025-01-01,85070247,VATH01,1900-01-01 21:41:00,1900-01-01 21:41:38,GEM’BUS,68
21419,22220.0,2025-01-01,85059912,BLDO04,1900-01-01 01:44:00,1900-01-01 01:47:28,GEM’BUS,68
21420,22220.0,2025-01-01,85059911,VATH01,1900-01-01 00:52:00,1900-01-01 00:54:58,GEM’BUS,68
21421,22214.0,2025-01-01,85070239,VATH01,1900-01-01 14:00:00,1900-01-01 14:02:15,GEM’BUS,68
21422,22212.0,2025-01-01,85070218,BLDO04,1900-01-01 13:53:00,1900-01-01 13:56:12,GEM’BUS,68
21423,22018.0,2025-01-01,85059887,JMON00,1900-01-01 00:50:00,1900-01-01 00:51:15,GEM’BUS,68
21424,22212.0,2025-01-01,85070221,VATH01,1900-01-01 16:55:00,1900-01-01 16:55:54,GEM’BUS,68
21425,22214.0,2025-01-01,85070244,BLDO04,1900-01-01 18:52:00,1900-01-01 18:54:41,GEM’BUS,68
21426,22018.0,2025-01-01,85059886,BLDO04,1900-01-01 00:26:00,1900-01-01 00:27:17,GEM’BUS,68
21427,22214.0,2025-01-01,85070241,VATH01,1900-01-01 16:00:00,1900-01-01 16:01:48,GEM’BUS,68
22354,22008.0,2025-01-01,85070509,CRCO04,1900-01-01 16:20:00,1900-01-01 16:36:27,ODIER,70
22355,22008.0,2025-01-01,85070505,CRCO05,1900-01-01 15:38:00,1900-01-01 15:38:58,ODIER,70
22356,22003.0,2025-01-01,85070488,SYGA00,1900-01-01 11:35:00,1900-01-01 11:36:29,ODIER,70
22357,22048.0,2025-01-01,85060432,CRCO05,1900-01-01 00:39:00,1900-01-01 00:38:51,ODIER,70
22358,22008.0,2025-01-01,85070506,SYGA01,1900-01-01 15:54:00,1900-01-01 15:57:10,ODIER,70
22359,22008.0,2025-01-01,85070507,SYGAST,1900-01-01 16:04:00,1900-01-01 16:05:24,ODIER,70
22360,22008.0,2025-01-01,85070508,SYGA00,1900-01-01 16:05:00,1900-01-01 16:06:32,ODIER,70
22361,22048.0,2025-01-01,85060431,CRCO04,1900-01-01 00:22:00,1900-01-01 00:24:55,ODIER,70
22362,22008.0,2025-01-01,85070510,CRCO05,1900-01-01 16:38:00,1900-01-01 16:39:29,ODIER,70
22363,22003.0,2025-01-01,85070489,CRCO04,1900-01-01 11:50:00,1900-01-01 11:54:00,ODIER,70
22364,22048.0,2025-01-01,85060430,SYGA00,1900-01-01 00:08:00,1900-01-01 00:09:07,ODIER,70
22365,22008.0,2025-01-01,85070511,SYGA01,1900-01-01 16:54:00,1900-01-01 16:56:35,ODIER,70
22366,22003.0,2025-01-01,85070490,CRCO05,1900-01-01 12:08:00,1900-01-01 12:08:04,ODIER,70
22367,22003.0,2025-01-01,85070484,CRCO04,1900-01-01 10:50:00,1900-01-01 10:53:41,ODIER,70
22368,22003.0,2025-01-01,85070478,SYCS01,1900-01-01 09:36:04,1900-01-01 09:38:37,ODIER,70
22369,22008.0,2025-01-01,85070512,SYGAST,1900-01-01 17:04:00,1900-01-01 17:04:59,ODIER,70
22370,22003.0,2025-01-01,85070481,SYGA01,1900-01-01 10:25:00,1900-01-01 10:28:21,ODIER,70
22371,22003.0,2025-01-01,85070491,SYGA01,1900-01-01 12:25:00,1900-01-01 12:29:15,ODIER,70
22372,22003.0,2025-01-01,85070479,CRCO04,1900-01-01 09:50:00,1900-01-01 09:56:07,ODIER,70
22373,22048.0,2025-01-01,85060429,SYGAST,1900-01-01 00:07:00,1900-01-01 00:07:32,ODIER,70
22374,22048.0,2025-01-01,85060433,SYGA01,1900-01-01 00:53:00,1900-01-01 00:56:23,ODIER,70
22375,22008.0,2025-01-01,85070493,SYGA00,1900-01-01 13:05:00,1900-01-01 13:05:41,ODIER,70
22376,22008.0,2025-01-01,85070496,SYGA01,1900-01-01 13:55:00,1900-01-01 13:55:26,ODIER,70
22377,22008.0,2025-01-01,85070504,CRCO04,1900-01-01 15:20:00,1900-01-01 15:35:00,ODIER,70
22378,22008.0,2025-01-01,85070495,CRCO05,1900-01-01 13:38:00,1900-01-01 13:39:18,ODIER,70
22379,22008.0,2025-01-01,85070497,SYGAST,1900-01-01 14:04:00,1900-01-01 14:04:45,ODIER,70
22380,22003.0,2025-01-01,85070480,CRCO05,1900-01-01 10:09:00,1900-01-01 10:10:15,ODIER,70
22381,22008.0,2025-01-01,85070498,SYGA00,1900-01-01 14:05:00,1900-01-01 14:06:14,ODIER,70
22382,22003.0,2025-01-01,85070487,SYGAST,1900-01-01 11:34:00,1900-01-01 11:28:28,ODIER,70
22383,22008.0,2025-01-01,85070503,SYGA00,1900-01-01 15:05:00,1900-01-01 15:06:00,ODIER,70
22384,22003.0,2025-01-01,85070486,SYGA01,1900-01-01 11:25:00,1900-01-01 11:27:32,ODIER,70
22385,22008.0,2025-01-01,85070494,CRCO04,1900-01-01 13:20:00,1900-01-01 13:38:07,ODIER,70
22386,22008.0,2025-01-01,85070502,SYGAST,1900-01-01 15:04:00,1900-01-01 15:05:07,ODIER,70
22387,22008.0,2025-01-01,85070501,SYGA01,1900-01-01 14:54:00,1900-01-01 14:56:21,ODIER,70
22388,22048.0,2025-01-01,85060434,SYGAST,1900-01-01 01:20:00,1900-01-01 00:56:38,ODIER,70
22389,22008.0,2025-01-01,85070513,SYGA00,1900-01-01 17:05:00,1900-01-01 17:06:09,ODIER,70
22390,22008.0,2025-01-01,85070499,CRCO04,1900-01-01 14:20:00,1900-01-01 14:38:02,ODIER,70
22391,22003.0,2025-01-01,85070483,SYGA00,1900-01-01 10:35:00,1900-01-01 10:36:39,ODIER,70
22392,22008.0,2025-01-01,85070500,CRCO05,1900-01-01 14:38:00,1900-01-01 14:39:15,ODIER,70
22393,22003.0,2025-01-01,85070485,CRCO05,1900-01-01 11:08:00,1900-01-01 11:09:01,ODIER,70
22394,22008.0,2025-01-01,85070514,CRCO04,1900-01-01 17:20:00,1900-01-01 17:23:09,ODIER,70
22609,22058.0,2025-01-01,85070597,SYGA01,1900-01-01 14:35:00,1900-01-01 14:36:09,GLOBE,71
22610,22174.0,2025-01-01,85070560,MYCT00,1900-01-01 10:37:00,1900-01-01 10:38:01,GLOBE,71
22611,22174.0,2025-01-01,85072636,SYGA01,1900-01-01 15:35:00,1900-01-01 15:35:23,GLOBE,71
22612,22010.0,2025-01-01,85060523,HTOU03,1900-01-01 01:49:00,1900-01-01 01:50:43,GLOBE,71
22613,22010.0,2025-01-01,85060524,HTOU02,1900-01-01 02:00:00,1900-01-01 02:00:12,GLOBE,71
22614,22058.0,2025-01-01,85070585,SYGA01,1900-01-01 06:35:00,1900-01-01 06:35:52,GLOBE,71
22615,22174.0,2025-01-01,85070562,SYGA01,1900-01-01 11:35:00,1900-01-01 11:36:50,GLOBE,71
22616,22174.0,2025-01-01,85072637,MYCT00,1900-01-01 16:35:00,1900-01-01 15:55:35,GLOBE,71
22617,22049.0,2025-01-01,85060518,MYCT00,1900-01-01 00:06:00,1900-01-01 00:00:45,GLOBE,71
22618,22170.0,2025-01-01,85070606,SYGA01,1900-01-01 20:35:00,1900-01-01 20:36:30,GLOBE,71
22619,22174.0,2025-01-01,85070563,MYCT00,1900-01-01 12:36:00,1900-01-01 12:37:06,GLOBE,71
22620,22174.0,2025-01-01,85070565,SYGA01,1900-01-01 13:35:00,1900-01-01 13:35:50,GLOBE,71
22621,22174.0,2025-01-01,85072634,MALG01,1900-01-01 07:53:13,1900-01-01 08:23:47,GLOBE,71
22622,22170.0,2025-01-01,85070603,SYGA01,1900-01-01 18:35:00,1900-01-01 18:35:18,GLOBE,71
22623,22049.0,2025-01-01,85070569,MYCT00,1900-01-01 16:35:00,1900-01-01 16:41:34,GLOBE,71
22624,22046.0,2025-01-01,85070578,MYCT00,1900-01-01 22:36:00,1900-01-01 22:38:24,GLOBE,71
22625,22046.0,2025-01-01,85070580,SYGA01,1900-01-01 23:35:00,1900-01-01 23:35:50,GLOBE,71
22626,22049.0,2025-01-01,85070571,SYGA01,1900-01-01 17:35:00,1900-01-01 17:35:21,GLOBE,71
22627,22046.0,2025-01-01,85070581,MYCT00,1900-01-01 23:55:00,1900-01-01 23:58:48,GLOBE,71
22628,22058.0,2025-01-01,85070592,MALG00,1900-01-01 11:38:48,1900-01-01 11:39:39,GLOBE,71
22629,22058.0,2025-01-01,85070588,SYGA01,1900-01-01 08:35:00,1900-01-01 08:35:36,GLOBE,71
22630,22058.0,2025-01-01,85070583,MALG00,1900-01-01 05:38:48,1900-01-01 05:43:46,GLOBE,71
22631,22058.0,2025-01-01,85070595,MALG00,1900-01-01 13:38:48,1900-01-01 13:39:57,GLOBE,71
22632,22058.0,2025-01-01,85070586,MYCT00,1900-01-01 07:36:00,1900-01-01 07:37:55,GLOBE,71
22633,22170.0,2025-01-01,85070607,MYCT00,1900-01-01 21:36:00,1900-01-01 21:36:34,GLOBE,71
22634,22170.0,2025-01-01,85070609,SYGA01,1900-01-01 22:35:00,1900-01-01 22:35:11,GLOBE,71
22635,22058.0,2025-01-01,85070591,SYGA01,1900-01-01 10:35:00,1900-01-01 10:39:54,GLOBE,71
22636,22046.0,2025-01-01,85070574,SYGA01,1900-01-01 19:35:00,1900-01-01 19:36:47,GLOBE,71
22637,22170.0,2025-01-01,85070610,MYCT00,1900-01-01 23:36:00,1900-01-01 23:37:56,GLOBE,71
22638,22010.0,2025-01-01,85060519,SYGA00,1900-01-01 00:30:00,1900-01-01 00:27:50,GLOBE,71
22639,22046.0,2025-01-01,85070575,MYCT00,1900-01-01 20:37:00,1900-01-01 20:39:09,GLOBE,71
22640,22046.0,2025-01-01,85070577,SYGA01,1900-01-01 21:35:00,1900-01-01 21:37:42,GLOBE,71
22641,22010.0,2025-01-01,85060520,HTOU02,1900-01-01 01:00:00,1900-01-01 00:36:15,GLOBE,71
22642,22010.0,2025-01-01,85060522,SYGA01,1900-01-01 01:40:00,1900-01-01 01:41:35,GLOBE,71
22643,22010.0,2025-01-01,85060526,SYGA01,1900-01-01 02:40:00,1900-01-01 02:40:45,GLOBE,71
22644,22049.0,2025-01-01,85060568,SYGA01,1900-01-01 00:35:00,1900-01-01 00:35:10,GLOBE,71
22645,22010.0,2025-01-01,85060528,HTOU02,1900-01-01 03:00:00,1900-01-01 03:00:12,GLOBE,71
22646,22010.0,2025-01-01,85060527,HTOU03,1900-01-01 02:49:00,1900-01-01 02:48:48,GLOBE,71
22647,22058.0,2025-01-01,85070594,VROT01,1900-01-01 12:42:56,1900-01-01 12:46:48,GLOBE,71
22648,22174.0,2025-01-01,85072635,MYCT00,1900-01-01 08:36:00,1900-01-01 08:35:43,GLOBE,71
22649,22174.0,2025-01-01,85072633,DPGLOB00,1900-01-01 05:23:00,1900-01-01 05:18:03,GLOBE,71
22650,22170.0,2025-01-01,85072624,MYCT00,1900-01-01 15:36:00,1900-01-01 15:36:57,GLOBE,71
22651,22058.0,2025-01-01,85070589,MALG00,1900-01-01 09:38:48,1900-01-01 09:39:10,GLOBE,71
22652,22170.0,2025-01-01,85072623,MALG01,1900-01-01 14:53:13,1900-01-01 15:28:37,GLOBE,71
22653,22046.0,2025-01-01,85070572,MYCT00,1900-01-01 18:35:00,1900-01-01 18:35:57,GLOBE,71
22654,22170.0,2025-01-01,85070601,MYCT00,1900-01-01 17:35:00,1900-01-01 17:38:36,GLOBE,71
22655,22174.0,2025-01-01,85070553,SYGA01,1900-01-01 05:35:00,1900-01-01 05:37:38,GLOBE,71
22656,22170.0,2025-01-01,85070604,MYCT00,1900-01-01 19:36:00,1900-01-01 19:37:57,GLOBE,71
22657,22058.0,2025-01-01,85070598,MYCT00,1900-01-01 15:36:00,1900-01-01 15:00:15,GLOBE,71
22658,22174.0,2025-01-01,85070559,SYGA01,1900-01-01 09:35:00,1900-01-01 09:37:24,GLOBE,71
22659,22174.0,2025-01-01,85070566,MYST01,1900-01-01 14:37:57,1900-01-01 14:38:59,GLOBE,71
22660,22170.0,2025-01-01,85070600,SYGA01,1900-01-01 16:35:00,1900-01-01 16:35:27,GLOBE,71
22661,22010.0,2025-01-01,85072353,HTOU02,1900-01-01 01:00:00,1900-01-01 01:00:16,GLOBE,71
22662,22010.0,2025-01-01,85072352,MALG00,1900-01-01 00:08:48,1900-01-01 00:10:23,GLOBE,71
22663,22049.0,2025-01-01,85070568,MALG01,1900-01-01 15:53:13,1900-01-01 16:40:18,GLOBE,71
22664,22174.0,2025-01-01,85070557,MYCT00,1900-01-01 08:36:00,1900-01-01 07:55:18,GLOBE,71
22665,22174.0,2025-01-01,85070554,MYCT00,1900-01-01 06:36:00,1900-01-01 06:36:25,GLOBE,71
22666,22174.0,2025-01-01,85070556,SYGA01,1900-01-01 07:35:00,1900-01-01 07:36:05,GLOBE,71
23509,22010.0,2025-01-01,85060529,SYGA00,1900-01-01 03:20:00,1900-01-01 03:20:09,GLOBE,72
23510,22058.0,2025-01-01,85070584,SYGA00,1900-01-01 06:05:00,1900-01-01 06:05:31,GLOBE,72
23511,22058.0,2025-01-01,85070596,SYGA00,1900-01-01 14:05:00,1900-01-01 14:07:17,GLOBE,72
23512,22174.0,2025-01-01,85070567,SYGA00,1900-01-01 15:05:00,1900-01-01 15:05:51,GLOBE,72
23513,22010.0,2025-01-01,85060525,SYGA00,1900-01-01 02:20:00,1900-01-01 02:21:18,GLOBE,72
23514,22049.0,2025-01-01,85070570,SYGA00,1900-01-01 17:05:00,1900-01-01 17:06:23,GLOBE,72
23515,22174.0,2025-01-01,85070555,SYGA00,1900-01-01 07:05:00,1900-01-01 07:05:56,GLOBE,72
23516,22010.0,2025-01-01,85060521,SYGA00,1900-01-01 01:20:00,1900-01-01 01:20:48,GLOBE,72
23517,22174.0,2025-01-01,85070558,SYGA00,1900-01-01 09:05:00,1900-01-01 09:05:21,GLOBE,72
23518,22046.0,2025-01-01,85070579,SYGA00,1900-01-01 23:07:00,1900-01-01 23:07:45,GLOBE,72
23519,22046.0,2025-01-01,85070573,SYGA00,1900-01-01 19:05:00,1900-01-01 19:06:06,GLOBE,72
23520,22010.0,2025-01-01,85060530,SYGA01,1900-01-01 03:39:00,1900-01-01 03:36:07,GLOBE,72
23521,22049.0,2025-01-01,85060567,SYGA00,1900-01-01 00:07:00,1900-01-01 23:27:48,GLOBE,72
23522,22170.0,2025-01-01,85070605,SYGA00,1900-01-01 20:05:00,1900-01-01 20:05:18,GLOBE,72
23523,22174.0,2025-01-01,85070561,SYGA00,1900-01-01 11:05:00,1900-01-01 11:07:28,GLOBE,72
23524,22058.0,2025-01-01,85070587,SYGA00,1900-01-01 08:05:00,1900-01-01 08:05:57,GLOBE,72
23525,22170.0,2025-01-01,85070608,SYGA00,1900-01-01 22:07:00,1900-01-01 22:07:17,GLOBE,72
23526,22058.0,2025-01-01,85070593,SYGA00,1900-01-01 12:05:00,1900-01-01 12:05:29,GLOBE,72
23527,22049.0,2025-01-01,85072675,SYGA00,1900-01-01 00:07:00,1900-01-01 00:10:48,GLOBE,72
23528,22058.0,2025-01-01,85070590,SYGA00,1900-01-01 10:05:00,1900-01-01 10:05:23,GLOBE,72
23529,22174.0,2025-01-01,85070564,SYGA00,1900-01-01 13:05:00,1900-01-01 13:05:09,GLOBE,72
23530,22046.0,2025-01-01,85070576,SYGA00,1900-01-01 21:07:00,1900-01-01 21:07:52,GLOBE,72
23531,22170.0,2025-01-01,85070599,SYGA00,1900-01-01 16:05:00,1900-01-01 16:05:51,GLOBE,72
23532,22170.0,2025-01-01,85070602,SYGA00,1900-01-01 18:05:00,1900-01-01 18:05:28,GLOBE,72
23886,22010.0,2025-01-01,85070667,ZIMG00,1900-01-01 18:02:00,1900-01-01 18:03:15,GLOBE,73
23887,22007.0,2025-01-01,85070664,SYGA01,1900-01-01 17:22:00,1900-01-01 17:21:59,GLOBE,73
23888,22007.0,2025-01-01,85070665,SYGAST,1900-01-01 17:33:00,1900-01-01 17:26:23,GLOBE,73
23889,21970.0,2025-01-01,85070636,SYGA01,1900-01-01 10:22:00,1900-01-01 10:22:33,GLOBE,73
23890,21970.0,2025-01-01,85070643,ZIMG00,1900-01-01 12:02:00,1900-01-01 12:02:18,GLOBE,73
23891,21970.0,2025-01-01,85070635,ZIMG00,1900-01-01 10:02:00,1900-01-01 10:02:17,GLOBE,73
23892,21970.0,2025-01-01,85070644,SYGA01,1900-01-01 12:22:00,1900-01-01 12:23:44,GLOBE,73
23893,22007.0,2025-01-01,85070630,SYGA00,1900-01-01 08:35:00,1900-01-01 08:35:19,GLOBE,73
23894,21970.0,2025-01-01,85070642,SYGA00,1900-01-01 11:34:00,1900-01-01 11:34:10,GLOBE,73
23895,22007.0,2025-01-01,85070666,SYGA00,1900-01-01 17:34:00,1900-01-01 17:35:19,GLOBE,73
23896,21970.0,2025-01-01,85070641,SYGAST,1900-01-01 11:33:00,1900-01-01 11:33:22,GLOBE,73
23897,22010.0,2025-01-01,85070668,SYGA01,1900-01-01 18:22:00,1900-01-01 18:33:26,GLOBE,73
23898,22010.0,2025-01-01,85070675,ZIMG00,1900-01-01 20:02:00,1900-01-01 20:03:07,GLOBE,73
23899,22010.0,2025-01-01,85070676,SYGA01,1900-01-01 20:22:00,1900-01-01 20:25:15,GLOBE,73
23900,21970.0,2025-01-01,85070640,SYGA01,1900-01-01 11:22:00,1900-01-01 11:24:28,GLOBE,73
23901,22010.0,2025-01-01,85070677,SYGAST,1900-01-01 20:34:00,1900-01-01 20:35:09,GLOBE,73
23902,21970.0,2025-01-01,85070634,SYGA00,1900-01-01 09:35:00,1900-01-01 09:35:24,GLOBE,73
23903,21970.0,2025-01-01,85070639,ZIMG00,1900-01-01 11:02:00,1900-01-01 11:02:13,GLOBE,73
23904,22010.0,2025-01-01,85070669,SYGAST,1900-01-01 18:34:00,1900-01-01 18:34:21,GLOBE,73
23905,22010.0,2025-01-01,85070670,SYGA00,1900-01-01 18:35:00,1900-01-01 18:35:24,GLOBE,73
23906,22010.0,2025-01-01,85070678,SYGA00,1900-01-01 20:35:00,1900-01-01 20:35:43,GLOBE,73
23907,22007.0,2025-01-01,85070659,ZIMG00,1900-01-01 16:02:00,1900-01-01 16:03:12,GLOBE,73
23908,21970.0,2025-01-01,85070637,SYGAST,1900-01-01 10:33:00,1900-01-01 10:33:46,GLOBE,73
23909,22007.0,2025-01-01,85070660,SYGA01,1900-01-01 16:22:00,1900-01-01 16:23:00,GLOBE,73
23910,21970.0,2025-01-01,85070649,SYGAST,1900-01-01 13:34:00,1900-01-01 13:24:07,GLOBE,73
23911,22007.0,2025-01-01,85070661,SYGAST,1900-01-01 16:33:00,1900-01-01 16:28:32,GLOBE,73
23912,21970.0,2025-01-01,85070648,SYGA01,1900-01-01 13:22:00,1900-01-01 13:23:28,GLOBE,73
23913,22007.0,2025-01-01,85070662,SYGA00,1900-01-01 16:34:00,1900-01-01 16:35:35,GLOBE,73
23914,21970.0,2025-01-01,85070647,ZIMG00,1900-01-01 13:02:00,1900-01-01 13:02:13,GLOBE,73
23915,21970.0,2025-01-01,85070633,SYGAST,1900-01-01 09:34:00,1900-01-01 09:24:36,GLOBE,73
23916,22007.0,2025-01-01,85070631,ZIMG00,1900-01-01 09:02:00,1900-01-01 09:02:38,GLOBE,73
23917,21970.0,2025-01-01,85070638,SYGA00,1900-01-01 10:34:00,1900-01-01 10:34:16,GLOBE,73
23918,22010.0,2025-01-01,85070679,ZIMG00,1900-01-01 20:54:00,1900-01-01 20:57:36,GLOBE,73
23919,22007.0,2025-01-01,85070629,SYGAST,1900-01-01 08:34:00,1900-01-01 08:33:52,GLOBE,73
23920,22007.0,2025-01-01,85070628,SYGA01,1900-01-01 08:22:00,1900-01-01 08:22:34,GLOBE,73
23921,22007.0,2025-01-01,85070627,ZIMG00,1900-01-01 08:02:00,1900-01-01 08:02:34,GLOBE,73
23922,22007.0,2025-01-01,85070615,ZIMG00,1900-01-01 05:02:00,1900-01-01 05:03:27,GLOBE,73
23923,22007.0,2025-01-01,85070614,ZIMG00,1900-01-01 05:02:00,1900-01-01 04:50:00,GLOBE,73
23924,22007.0,2025-01-01,85070616,SYGA01,1900-01-01 05:21:00,1900-01-01 05:21:57,GLOBE,73
23925,22007.0,2025-01-01,85070617,SYGAST,1900-01-01 05:34:00,1900-01-01 05:22:24,GLOBE,73
23926,22007.0,2025-01-01,85070618,SYGA00,1900-01-01 05:35:00,1900-01-01 05:35:43,GLOBE,73
23927,22010.0,2025-01-01,85070672,SYGA01,1900-01-01 19:22:00,1900-01-01 19:25:06,GLOBE,73
23928,22010.0,2025-01-01,85070671,ZIMG00,1900-01-01 19:02:00,1900-01-01 19:02:29,GLOBE,73
23929,21970.0,2025-01-01,85070645,SYGAST,1900-01-01 12:34:00,1900-01-01 12:34:18,GLOBE,73
23930,22007.0,2025-01-01,85070654,SYGA00,1900-01-01 14:35:00,1900-01-01 14:36:06,GLOBE,73
23931,21970.0,2025-01-01,85070646,SYGA00,1900-01-01 12:35:00,1900-01-01 12:34:54,GLOBE,73
23932,22007.0,2025-01-01,85070655,ZIMG00,1900-01-01 15:02:00,1900-01-01 15:02:45,GLOBE,73
23933,22007.0,2025-01-01,85070656,SYGA01,1900-01-01 15:22:00,1900-01-01 15:22:11,GLOBE,73
23934,21970.0,2025-01-01,85070650,SYGA00,1900-01-01 13:35:00,1900-01-01 13:35:50,GLOBE,73
23935,22007.0,2025-01-01,85070657,SYGAST,1900-01-01 15:34:00,1900-01-01 15:22:41,GLOBE,73
23936,22010.0,2025-01-01,85070673,SYGAST,1900-01-01 19:34:00,1900-01-01 19:35:02,GLOBE,73
23937,22007.0,2025-01-01,85070619,ZIMG00,1900-01-01 06:02:00,1900-01-01 06:02:43,GLOBE,73
23938,22010.0,2025-01-01,85070674,SYGA00,1900-01-01 19:35:00,1900-01-01 19:35:52,GLOBE,73
23939,22007.0,2025-01-01,85070621,SYGAST,1900-01-01 06:34:00,1900-01-01 06:33:03,GLOBE,73
23940,22007.0,2025-01-01,85070622,SYGA00,1900-01-01 06:35:00,1900-01-01 06:35:06,GLOBE,73
23941,22007.0,2025-01-01,85070651,ZIMG00,1900-01-01 14:02:00,1900-01-01 14:03:01,GLOBE,73
23942,22007.0,2025-01-01,85070658,SYGA00,1900-01-01 15:35:00,1900-01-01 15:36:26,GLOBE,73
23943,22007.0,2025-01-01,85070626,SYGA00,1900-01-01 07:36:00,1900-01-01 07:36:08,GLOBE,73
23944,22007.0,2025-01-01,85070625,SYGAST,1900-01-01 07:35:00,1900-01-01 07:35:16,GLOBE,73
23945,22007.0,2025-01-01,85070624,SYGA01,1900-01-01 07:24:00,1900-01-01 07:26:49,GLOBE,73
23946,22007.0,2025-01-01,85070623,ZIMG00,1900-01-01 07:02:00,1900-01-01 07:02:43,GLOBE,73
23947,22007.0,2025-01-01,85070663,ZIMG00,1900-01-01 17:02:00,1900-01-01 17:02:30,GLOBE,73
23948,22007.0,2025-01-01,85070652,SYGA01,1900-01-01 14:22:00,1900-01-01 14:24:33,GLOBE,73
24531,21972.0,2025-01-01,85060793,PLAI00,1900-01-01 00:16:00,1900-01-01 00:17:27,GLOBE,74
24532,21972.0,2025-01-01,85060792,PLAI01,1900-01-01 00:11:00,1900-01-01 00:13:39,GLOBE,74
24533,21972.0,2025-01-01,85060794,RUSS01,1900-01-01 00:38:00,1900-01-01 00:43:07,GLOBE,74
24534,22056.0,2025-01-01,85070723,RUSS00,1900-01-01 15:49:00,1900-01-01 15:49:22,GLOBE,74
24535,22056.0,2025-01-01,85070722,RUSS01,1900-01-01 15:39:00,1900-01-01 15:40:49,GLOBE,74
24536,22081.0,2025-01-01,85070743,RUSS00,1900-01-01 20:49:00,1900-01-01 20:49:22,GLOBE,74
24537,22081.0,2025-01-01,85070742,RUSS01,1900-01-01 20:39:00,1900-01-01 20:41:30,GLOBE,74
24538,22056.0,2025-01-01,85060795,CHMA00,1900-01-01 01:01:00,1900-01-01 01:02:03,GLOBE,74
24539,22193.0,2025-01-01,85070697,PLAI00,1900-01-01 09:16:00,1900-01-01 09:17:11,GLOBE,74
24540,22193.0,2025-01-01,85070696,PLAI01,1900-01-01 09:12:00,1900-01-01 09:16:04,GLOBE,74
24541,22056.0,2025-01-01,85070724,PLAI01,1900-01-01 16:12:00,1900-01-01 16:10:37,GLOBE,74
24542,22081.0,2025-01-01,85070739,RUSS00,1900-01-01 19:48:00,1900-01-01 19:49:17,GLOBE,74
24543,22193.0,2025-01-01,85070695,RUSS00,1900-01-01 08:49:00,1900-01-01 08:48:47,GLOBE,74
24544,22193.0,2025-01-01,85070694,RUSS01,1900-01-01 08:38:00,1900-01-01 08:44:20,GLOBE,74
24545,22081.0,2025-01-01,85070744,PLAI01,1900-01-01 21:12:00,1900-01-01 21:13:37,GLOBE,74
24546,22056.0,2025-01-01,85070729,PLAI00,1900-01-01 17:16:00,1900-01-01 17:18:32,GLOBE,74
24547,22056.0,2025-01-01,85070720,PLAI01,1900-01-01 15:12:00,1900-01-01 15:11:43,GLOBE,74
24548,22056.0,2025-01-01,85070725,PLAI00,1900-01-01 16:16:00,1900-01-01 16:18:10,GLOBE,74
24549,22056.0,2025-01-01,85070721,PLAI00,1900-01-01 15:16:00,1900-01-01 15:16:46,GLOBE,74
24550,22081.0,2025-01-01,85070745,PLAI00,1900-01-01 21:16:00,1900-01-01 21:16:24,GLOBE,74
24551,22056.0,2025-01-01,85060796,PLAI01,1900-01-01 01:20:00,1900-01-01 01:21:10,GLOBE,74
24552,22193.0,2025-01-01,85070689,PLAI00,1900-01-01 07:16:00,1900-01-01 07:19:17,GLOBE,74
24553,22056.0,2025-01-01,85060797,PLAI00,1900-01-01 01:25:00,1900-01-01 01:26:16,GLOBE,74
24554,22193.0,2025-01-01,85070688,PLAI01,1900-01-01 07:12:00,1900-01-01 07:18:37,GLOBE,74
24555,22056.0,2025-01-01,85060798,RUSS01,1900-01-01 01:47:00,1900-01-01 01:48:25,GLOBE,74
24556,22081.0,2025-01-01,85070748,PLAI01,1900-01-01 22:11:00,1900-01-01 22:20:17,GLOBE,74
24557,22081.0,2025-01-01,85070749,PLAI00,1900-01-01 22:16:00,1900-01-01 22:20:53,GLOBE,74
24558,22056.0,2025-01-01,85060799,RUSS00,1900-01-01 01:57:00,1900-01-01 01:57:55,GLOBE,74
24559,22193.0,2025-01-01,85070687,RUSS00,1900-01-01 06:49:00,1900-01-01 06:49:16,GLOBE,74
24560,22081.0,2025-01-01,85070732,PLAI01,1900-01-01 18:12:00,1900-01-01 18:14:18,GLOBE,74
24561,22056.0,2025-01-01,85070731,RUSS00,1900-01-01 17:49:00,1900-01-01 17:40:24,GLOBE,74
24562,22081.0,2025-01-01,85070741,PLAI00,1900-01-01 20:16:00,1900-01-01 20:16:46,GLOBE,74
24563,22048.0,2025-01-01,85070700,PLAI01,1900-01-01 10:12:00,1900-01-01 10:12:41,GLOBE,74
24564,22081.0,2025-01-01,85070740,PLAI01,1900-01-01 20:12:00,1900-01-01 20:13:28,GLOBE,74
24565,22048.0,2025-01-01,85070701,PLAI00,1900-01-01 10:16:00,1900-01-01 10:16:13,GLOBE,74
24566,22056.0,2025-01-01,85070730,RUSS01,1900-01-01 17:38:00,1900-01-01 17:39:09,GLOBE,74
24567,22048.0,2025-01-01,85070714,RUSS01,1900-01-01 13:39:00,1900-01-01 13:39:52,GLOBE,74
24568,22056.0,2025-01-01,85070715,RUSS00,1900-01-01 13:49:00,1900-01-01 13:46:45,GLOBE,74
24569,22081.0,2025-01-01,85070738,RUSS01,1900-01-01 19:39:00,1900-01-01 19:42:08,GLOBE,74
24570,22082.0,2025-01-01,85070680,DPGLOB00,1900-01-01 04:57:00,1900-01-01 04:24:46,GLOBE,74
24571,22082.0,2025-01-01,85070681,RUSS00,1900-01-01 05:17:00,1900-01-01 05:06:34,GLOBE,74
24572,22048.0,2025-01-01,85070702,RUSS01,1900-01-01 10:39:00,1900-01-01 10:39:18,GLOBE,74
24573,22048.0,2025-01-01,85070703,RUSS00,1900-01-01 10:49:00,1900-01-01 10:49:37,GLOBE,74
24574,22056.0,2025-01-01,85070719,RUSS00,1900-01-01 14:49:00,1900-01-01 14:50:07,GLOBE,74
24575,22048.0,2025-01-01,85070705,PLAI00,1900-01-01 11:16:00,1900-01-01 11:16:22,GLOBE,74
24576,22048.0,2025-01-01,85070713,PLAI00,1900-01-01 13:16:00,1900-01-01 13:16:14,GLOBE,74
24577,22048.0,2025-01-01,85070712,PLAI01,1900-01-01 13:12:00,1900-01-01 13:13:22,GLOBE,74
24578,22048.0,2025-01-01,85070707,RUSS00,1900-01-01 11:49:00,1900-01-01 11:49:25,GLOBE,74
24579,22193.0,2025-01-01,85070692,PLAI01,1900-01-01 08:12:00,1900-01-01 08:16:11,GLOBE,74
24580,22048.0,2025-01-01,85070711,RUSS00,1900-01-01 12:49:00,1900-01-01 12:49:35,GLOBE,74
24581,22193.0,2025-01-01,85070686,RUSS01,1900-01-01 06:38:00,1900-01-01 06:40:56,GLOBE,74
24582,22193.0,2025-01-01,85070693,PLAI00,1900-01-01 08:16:00,1900-01-01 08:17:28,GLOBE,74
24583,22081.0,2025-01-01,85070735,RUSS00,1900-01-01 18:48:00,1900-01-01 18:49:24,GLOBE,74
24584,22081.0,2025-01-01,85070734,RUSS01,1900-01-01 18:38:00,1900-01-01 18:40:30,GLOBE,74
24585,22048.0,2025-01-01,85070708,PLAI01,1900-01-01 12:12:00,1900-01-01 12:13:15,GLOBE,74
24586,22048.0,2025-01-01,85070709,PLAI00,1900-01-01 12:16:00,1900-01-01 12:16:41,GLOBE,74
24587,22056.0,2025-01-01,85070728,PLAI01,1900-01-01 17:12:00,1900-01-01 17:14:56,GLOBE,74
24588,22056.0,2025-01-01,85070716,PLAI00,1900-01-01 14:13:00,1900-01-01 14:17:46,GLOBE,74
24589,22056.0,2025-01-01,85070717,PLAI00,1900-01-01 14:16:00,1900-01-01 14:18:11,GLOBE,74
24590,22193.0,2025-01-01,85070691,RUSS00,1900-01-01 07:49:00,1900-01-01 07:49:16,GLOBE,74
24591,22193.0,2025-01-01,85070690,RUSS01,1900-01-01 07:38:00,1900-01-01 07:42:35,GLOBE,74
24592,22081.0,2025-01-01,85070733,PLAI00,1900-01-01 18:16:00,1900-01-01 18:16:42,GLOBE,74
24593,22048.0,2025-01-01,85070699,RUSS00,1900-01-01 09:49:00,1900-01-01 09:49:39,GLOBE,74
24594,22056.0,2025-01-01,85070726,RUSS01,1900-01-01 16:39:00,1900-01-01 16:39:55,GLOBE,74
24595,22056.0,2025-01-01,85070727,RUSS00,1900-01-01 16:49:00,1900-01-01 16:50:17,GLOBE,74
24596,22193.0,2025-01-01,85070698,RUSS01,1900-01-01 09:38:00,1900-01-01 09:42:13,GLOBE,74
24597,22193.0,2025-01-01,85070685,PLAI00,1900-01-01 06:16:00,1900-01-01 06:17:03,GLOBE,74
24598,22193.0,2025-01-01,85070684,PLAI01,1900-01-01 06:12:00,1900-01-01 06:15:52,GLOBE,74
24599,22082.0,2025-01-01,85070682,PLAI01,1900-01-01 05:40:00,1900-01-01 05:42:28,GLOBE,74
24600,22081.0,2025-01-01,85070750,RUSS01,1900-01-01 22:39:00,1900-01-01 22:40:38,GLOBE,74
24601,22081.0,2025-01-01,85070751,RUSS00,1900-01-01 22:48:00,1900-01-01 22:49:24,GLOBE,74
24602,22081.0,2025-01-01,85070753,PLAI00,1900-01-01 23:16:00,1900-01-01 23:16:29,GLOBE,74
24603,22056.0,2025-01-01,85060804,PLAI01,1900-01-01 03:20:00,1900-01-01 03:20:03,GLOBE,74
24604,22081.0,2025-01-01,85070737,PLAI00,1900-01-01 19:16:00,1900-01-01 19:16:52,GLOBE,74
24605,22056.0,2025-01-01,85060801,PLAI00,1900-01-01 02:25:00,1900-01-01 02:26:24,GLOBE,74
24606,22081.0,2025-01-01,85070755,RUSS00,1900-01-01 23:48:00,1900-01-01 23:49:04,GLOBE,74
24607,22081.0,2025-01-01,85070752,PLAI01,1900-01-01 23:11:00,1900-01-01 23:11:37,GLOBE,74
24608,22081.0,2025-01-01,85070754,RUSS01,1900-01-01 23:39:00,1900-01-01 23:40:15,GLOBE,74
24609,22056.0,2025-01-01,85060805,PLAI00,1900-01-01 03:26:00,1900-01-01 03:26:26,GLOBE,74
24610,22081.0,2025-01-01,85070736,PLAI01,1900-01-01 19:12:00,1900-01-01 19:13:28,GLOBE,74
24611,22081.0,2025-01-01,85072465,RUSS00,1900-01-01 17:49:00,1900-01-01 17:49:40,GLOBE,74
24612,22056.0,2025-01-01,85060800,PLAI01,1900-01-01 02:20:00,1900-01-01 02:18:31,GLOBE,74
24613,22056.0,2025-01-01,85060803,RUSS00,1900-01-01 02:57:00,1900-01-01 02:57:51,GLOBE,74
25291,22198.0,2025-01-01,85070896,BAIR07,1900-01-01 11:54:00,1900-01-01 11:57:25,GEM’BUS,80
25292,22202.0,2025-01-01,85071012,SJSN04,1900-01-01 18:20:00,1900-01-01 18:24:42,GEM’BUS,80
25293,21989.0,2025-01-01,85070989,SJSN04,1900-01-01 14:47:00,1900-01-01 14:48:46,GEM’BUS,80
25294,22198.0,2025-01-01,85070905,SJSN04,1900-01-01 17:35:00,1900-01-01 17:37:14,GEM’BUS,80
25295,21989.0,2025-01-01,85070994,BAIR07,1900-01-01 17:55:00,1900-01-01 17:56:47,GEM’BUS,80
25296,21989.0,2025-01-01,85070980,BAIR07,1900-01-01 08:55:00,1900-01-01 08:56:35,GEM’BUS,80
25297,21989.0,2025-01-01,85070978,BAIR07,1900-01-01 07:35:00,1900-01-01 07:36:24,GEM’BUS,80
25298,22198.0,2025-01-01,85070890,BAIR07,1900-01-01 07:55:00,1900-01-01 07:56:15,GEM’BUS,80
25299,22201.0,2025-01-01,85070921,SJSN04,1900-01-01 09:00:00,1900-01-01 09:02:04,GEM’BUS,80
25300,21989.0,2025-01-01,85070988,BAIR07,1900-01-01 14:09:00,1900-01-01 14:09:44,GEM’BUS,80
25301,22201.0,2025-01-01,85070931,SJSN04,1900-01-01 15:17:00,1900-01-01 15:17:20,GEM’BUS,80
25302,21989.0,2025-01-01,85070987,SJSN04,1900-01-01 13:32:00,1900-01-01 13:32:45,GEM’BUS,80
25303,22201.0,2025-01-01,85070924,BAIR07,1900-01-01 10:52:00,1900-01-01 10:53:06,GEM’BUS,80
25304,21989.0,2025-01-01,85070977,SJSN04,1900-01-01 07:00:00,1900-01-01 07:01:09,GEM’BUS,80
25305,22202.0,2025-01-01,85071016,SJSN04,1900-01-01 21:00:00,1900-01-01 21:02:14,GEM’BUS,80
25306,22202.0,2025-01-01,85071018,SJSN04,1900-01-01 22:20:00,1900-01-01 22:21:15,GEM’BUS,80
25307,22202.0,2025-01-01,85071014,SJSN04,1900-01-01 19:35:00,1900-01-01 19:37:20,GEM’BUS,80
25308,22198.0,2025-01-01,85070897,SJSN04,1900-01-01 12:32:00,1900-01-01 12:34:02,GEM’BUS,80
25309,21989.0,2025-01-01,85070986,BAIR07,1900-01-01 12:54:00,1900-01-01 12:55:16,GEM’BUS,80
25310,22198.0,2025-01-01,85070898,BAIR07,1900-01-01 13:09:00,1900-01-01 13:11:08,GEM’BUS,80
25311,22198.0,2025-01-01,85070904,BAIR07,1900-01-01 16:55:00,1900-01-01 16:55:46,GEM’BUS,80
25312,22198.0,2025-01-01,85070891,SJSN04,1900-01-01 08:40:00,1900-01-01 08:43:16,GEM’BUS,80
25313,22201.0,2025-01-01,85070925,SJSN04,1900-01-01 11:32:00,1900-01-01 11:33:43,GEM’BUS,80
25314,22198.0,2025-01-01,85070903,SJSN04,1900-01-01 16:18:00,1900-01-01 16:20:51,GEM’BUS,80
25315,21989.0,2025-01-01,85070985,SJSN04,1900-01-01 12:17:00,1900-01-01 12:19:54,GEM’BUS,80
25316,22198.0,2025-01-01,85070892,BAIR07,1900-01-01 09:15:00,1900-01-01 09:16:05,GEM’BUS,80
25317,22198.0,2025-01-01,85070893,SJSN04,1900-01-01 09:59:00,1900-01-01 10:01:30,GEM’BUS,80
25318,22198.0,2025-01-01,85070894,BAIR07,1900-01-01 10:35:00,1900-01-01 10:35:56,GEM’BUS,80
25319,22198.0,2025-01-01,85070906,BAIR07,1900-01-01 18:11:00,1900-01-01 18:11:39,GEM’BUS,80
25320,22201.0,2025-01-01,85070926,BAIR07,1900-01-01 12:09:00,1900-01-01 12:10:25,GEM’BUS,80
25321,22198.0,2025-01-01,85070902,BAIR07,1900-01-01 15:39:00,1900-01-01 15:40:04,GEM’BUS,80
25322,21989.0,2025-01-01,85070984,BAIR07,1900-01-01 11:39:00,1900-01-01 11:40:34,GEM’BUS,80
25323,22198.0,2025-01-01,85070907,SJSN04,1900-01-01 18:50:00,1900-01-01 18:50:23,GEM’BUS,80
25324,22201.0,2025-01-01,85070922,BAIR07,1900-01-01 09:35:00,1900-01-01 09:36:54,GEM’BUS,80
25325,22201.0,2025-01-01,85070917,SJSN04,1900-01-01 06:20:00,1900-01-01 06:21:53,GEM’BUS,80
25326,22202.0,2025-01-01,85071005,BAIR07,1900-01-01 13:54:00,1900-01-01 13:54:54,GEM’BUS,80
25327,22198.0,2025-01-01,85070914,BAIR07,1900-01-01 23:20:00,1900-01-01 23:22:24,GEM’BUS,80
25328,22202.0,2025-01-01,85071004,SJSN04,1900-01-01 13:17:00,1900-01-01 13:17:50,GEM’BUS,80
25329,22201.0,2025-01-01,85070918,BAIR07,1900-01-01 06:55:00,1900-01-01 06:58:12,GEM’BUS,80
25330,22202.0,2025-01-01,85071000,SJSN04,1900-01-01 10:45:00,1900-01-01 10:46:23,GEM’BUS,80
25331,22198.0,2025-01-01,85070913,SJSN04,1900-01-01 22:40:00,1900-01-01 22:43:51,GEM’BUS,80
25332,22201.0,2025-01-01,85070923,SJSN04,1900-01-01 10:15:00,1900-01-01 10:16:15,GEM’BUS,80
25333,22202.0,2025-01-01,85071008,SJSN04,1900-01-01 15:48:00,1900-01-01 15:49:56,GEM’BUS,80
25334,22203.0,2025-01-01,85061195,BAIR07,1900-01-01 00:00:00,1900-01-01 00:01:07,GEM’BUS,80
25335,22202.0,2025-01-01,85071009,BAIR07,1900-01-01 16:25:00,1900-01-01 16:26:38,GEM’BUS,80
25336,22202.0,2025-01-01,85071007,BAIR07,1900-01-01 15:09:00,1900-01-01 15:10:16,GEM’BUS,80
25337,22203.0,2025-01-01,85061196,SJSN04,1900-01-01 00:27:00,1900-01-01 00:28:28,GEM’BUS,80
25338,22198.0,2025-01-01,85070899,SJSN04,1900-01-01 13:47:00,1900-01-01 13:48:59,GEM’BUS,80
25339,22202.0,2025-01-01,85071010,SJSN04,1900-01-01 17:04:00,1900-01-01 17:08:44,GEM’BUS,80
25340,22200.0,2025-01-01,85061330,BAIR07,1900-01-01 00:20:00,1900-01-01 00:21:03,GEM’BUS,80
25341,22198.0,2025-01-01,85070912,BAIR07,1900-01-01 22:00:00,1900-01-01 22:01:52,GEM’BUS,80
25342,22202.0,2025-01-01,85071011,BAIR07,1900-01-01 17:40:00,1900-01-01 17:42:57,GEM’BUS,80
25343,22202.0,2025-01-01,85071006,SJSN04,1900-01-01 14:32:00,1900-01-01 14:34:16,GEM’BUS,80
25344,22202.0,2025-01-01,85071013,BAIR07,1900-01-01 18:57:00,1900-01-01 19:00:13,GEM’BUS,80
25345,22200.0,2025-01-01,85061331,SJSN04,1900-01-01 00:47:00,1900-01-01 00:51:02,GEM’BUS,80
25346,21989.0,2025-01-01,85070993,SJSN04,1900-01-01 17:19:00,1900-01-01 17:21:56,GEM’BUS,80
25347,22198.0,2025-01-01,85070901,SJSN04,1900-01-01 15:02:00,1900-01-01 15:06:28,GEM’BUS,80
25348,22198.0,2025-01-01,85070900,BAIR07,1900-01-01 14:24:00,1900-01-01 14:25:09,GEM’BUS,80
25349,22202.0,2025-01-01,85071001,BAIR07,1900-01-01 11:24:00,1900-01-01 11:25:30,GEM’BUS,80
25350,22198.0,2025-01-01,85070911,SJSN04,1900-01-01 21:20:00,1900-01-01 21:21:29,GEM’BUS,80
25351,22202.0,2025-01-01,85071002,SJSN04,1900-01-01 12:02:00,1900-01-01 12:04:31,GEM’BUS,80
25352,21989.0,2025-01-01,85070992,BAIR07,1900-01-01 16:40:00,1900-01-01 16:41:26,GEM’BUS,80
25353,21989.0,2025-01-01,85070998,BAIR07,1900-01-01 20:19:00,1900-01-01 20:21:51,GEM’BUS,80
25354,21989.0,2025-01-01,85070997,SJSN04,1900-01-01 19:50:00,1900-01-01 19:52:33,GEM’BUS,80
25355,22202.0,2025-01-01,85071003,BAIR07,1900-01-01 12:39:00,1900-01-01 12:40:02,GEM’BUS,80
25356,22202.0,2025-01-01,85071015,BAIR07,1900-01-01 20:20:00,1900-01-01 20:21:36,GEM’BUS,80
25357,21989.0,2025-01-01,85070996,BAIR07,1900-01-01 19:12:00,1900-01-01 19:12:58,GEM’BUS,80
25358,22201.0,2025-01-01,85070919,SJSN04,1900-01-01 07:40:00,1900-01-01 07:41:28,GEM’BUS,80
25359,22198.0,2025-01-01,85070910,BAIR07,1900-01-01 20:40:00,1900-01-01 20:40:15,GEM’BUS,80
25360,22202.0,2025-01-01,85071017,BAIR07,1900-01-01 21:40:00,1900-01-01 21:40:42,GEM’BUS,80
25361,22198.0,2025-01-01,85070909,SJSN04,1900-01-01 20:07:00,1900-01-01 20:07:27,GEM’BUS,80
25362,22202.0,2025-01-01,85071020,SJSN04,1900-01-01 23:40:00,1900-01-01 23:41:28,GEM’BUS,80
25363,22202.0,2025-01-01,85071019,BAIR07,1900-01-01 23:00:00,1900-01-01 23:00:28,GEM’BUS,80
25364,21989.0,2025-01-01,85070991,SJSN04,1900-01-01 16:03:00,1900-01-01 16:04:13,GEM’BUS,80
25365,22201.0,2025-01-01,85070920,BAIR07,1900-01-01 08:15:00,1900-01-01 08:16:21,GEM’BUS,80
25366,21989.0,2025-01-01,85070995,SJSN04,1900-01-01 18:35:00,1900-01-01 18:37:56,GEM’BUS,80
25367,22198.0,2025-01-01,85070887,CMRE00,1900-01-01 06:13:31,1900-01-01 06:25:11,GEM’BUS,80
25368,22198.0,2025-01-01,85070908,BAIR07,1900-01-01 19:27:00,1900-01-01 19:27:22,GEM’BUS,80
25369,22198.0,2025-01-01,85070888,BAIR07,1900-01-01 06:35:00,1900-01-01 06:40:05,GEM’BUS,80
25370,22198.0,2025-01-01,85070895,SJSN04,1900-01-01 11:17:00,1900-01-01 11:18:33,GEM’BUS,80
25371,22198.0,2025-01-01,85070889,SJSN04,1900-01-01 07:20:00,1900-01-01 07:21:38,GEM’BUS,80
25372,21989.0,2025-01-01,85070990,BAIR07,1900-01-01 15:24:00,1900-01-01 15:25:16,GEM’BUS,80
25373,22198.0,2025-01-01,85070915,SJSN04,1900-01-01 23:47:00,1900-01-01 23:49:07,GEM’BUS,80
25374,22201.0,2025-01-01,85070937,SJSN04,1900-01-01 19:05:00,1900-01-01 19:06:19,GEM’BUS,80
25375,22201.0,2025-01-01,85070933,SJSN04,1900-01-01 16:33:00,1900-01-01 16:33:42,GEM’BUS,80
25376,22204.0,2025-01-01,85070961,SJSN04,1900-01-01 15:32:00,1900-01-01 15:34:02,GEM’BUS,80
25377,22204.0,2025-01-01,85070969,SJSN04,1900-01-01 20:40:00,1900-01-01 20:43:19,GEM’BUS,80
25378,22204.0,2025-01-01,85070962,BAIR07,1900-01-01 16:09:00,1900-01-01 16:11:12,GEM’BUS,80
25379,22201.0,2025-01-01,85070938,BAIR07,1900-01-01 19:42:00,1900-01-01 19:42:27,GEM’BUS,80
25380,22204.0,2025-01-01,85070960,BAIR07,1900-01-01 14:54:00,1900-01-01 14:55:28,GEM’BUS,80
25381,21989.0,2025-01-01,85070981,SJSN04,1900-01-01 09:39:00,1900-01-01 09:42:14,GEM’BUS,80
25382,22201.0,2025-01-01,85070932,BAIR07,1900-01-01 15:54:00,1900-01-01 15:54:14,GEM’BUS,80
25383,22204.0,2025-01-01,85070968,BAIR07,1900-01-01 19:58:00,1900-01-01 20:00:02,GEM’BUS,80
25384,22204.0,2025-01-01,85070959,SJSN04,1900-01-01 14:17:00,1900-01-01 14:20:17,GEM’BUS,80
25385,22204.0,2025-01-01,85070972,BAIR07,1900-01-01 22:40:00,1900-01-01 22:43:59,GEM’BUS,80
25386,22204.0,2025-01-01,85070955,SJSN04,1900-01-01 11:47:00,1900-01-01 11:48:29,GEM’BUS,80
25387,22204.0,2025-01-01,85070953,SJSN04,1900-01-01 10:30:00,1900-01-01 10:31:37,GEM’BUS,80
25388,22201.0,2025-01-01,85070934,BAIR07,1900-01-01 17:10:00,1900-01-01 17:10:14,GEM’BUS,80
25389,22201.0,2025-01-01,85070930,BAIR07,1900-01-01 14:39:00,1900-01-01 14:39:19,GEM’BUS,80
25390,22204.0,2025-01-01,85070967,SJSN04,1900-01-01 19:20:00,1900-01-01 19:25:35,GEM’BUS,80
25391,22204.0,2025-01-01,85070948,BAIR07,1900-01-01 07:15:00,1900-01-01 07:16:16,GEM’BUS,80
25392,22204.0,2025-01-01,85070963,SJSN04,1900-01-01 16:48:00,1900-01-01 16:49:08,GEM’BUS,80
25393,22204.0,2025-01-01,85070952,BAIR07,1900-01-01 09:55:00,1900-01-01 09:56:36,GEM’BUS,80
25394,22204.0,2025-01-01,85070956,BAIR07,1900-01-01 12:24:00,1900-01-01 12:26:06,GEM’BUS,80
25395,22204.0,2025-01-01,85070966,BAIR07,1900-01-01 18:41:00,1900-01-01 18:43:44,GEM’BUS,80
25396,22204.0,2025-01-01,85070957,SJSN04,1900-01-01 13:02:00,1900-01-01 13:06:28,GEM’BUS,80
25397,22204.0,2025-01-01,85070964,BAIR07,1900-01-01 17:25:00,1900-01-01 17:25:50,GEM’BUS,80
25398,22204.0,2025-01-01,85070954,BAIR07,1900-01-01 11:09:00,1900-01-01 11:10:02,GEM’BUS,80
25399,22204.0,2025-01-01,85070951,SJSN04,1900-01-01 09:20:00,1900-01-01 09:22:33,GEM’BUS,80
25400,22204.0,2025-01-01,85070947,SJSN04,1900-01-01 06:40:00,1900-01-01 06:43:57,GEM’BUS,80
25401,22201.0,2025-01-01,85070929,SJSN04,1900-01-01 14:02:00,1900-01-01 14:03:06,GEM’BUS,80
25402,22204.0,2025-01-01,85070965,SJSN04,1900-01-01 18:05:00,1900-01-01 18:05:51,GEM’BUS,80
25403,22204.0,2025-01-01,85070973,SJSN04,1900-01-01 23:20:00,1900-01-01 23:22:56,GEM’BUS,80
25404,22204.0,2025-01-01,85070949,SJSN04,1900-01-01 08:00:00,1900-01-01 08:02:20,GEM’BUS,80
25405,21989.0,2025-01-01,85070983,SJSN04,1900-01-01 11:02:00,1900-01-01 11:03:15,GEM’BUS,80
25406,22201.0,2025-01-01,85070935,SJSN04,1900-01-01 17:50:00,1900-01-01 17:51:22,GEM’BUS,80
25407,22204.0,2025-01-01,85070958,BAIR07,1900-01-01 13:39:00,1900-01-01 13:41:28,GEM’BUS,80
25408,22204.0,2025-01-01,85070950,BAIR07,1900-01-01 08:35:00,1900-01-01 08:36:47,GEM’BUS,80
25409,21989.0,2025-01-01,85070979,SJSN04,1900-01-01 08:20:00,1900-01-01 08:22:38,GEM’BUS,80
25410,22201.0,2025-01-01,85070942,BAIR07,1900-01-01 22:20:00,1900-01-01 22:20:35,GEM’BUS,80
25411,22204.0,2025-01-01,85070971,SJSN04,1900-01-01 22:00:00,1900-01-01 22:04:16,GEM’BUS,80
25412,22201.0,2025-01-01,85070941,SJSN04,1900-01-01 21:40:00,1900-01-01 21:43:04,GEM’BUS,80
25413,22201.0,2025-01-01,85070939,SJSN04,1900-01-01 20:22:00,1900-01-01 20:23:23,GEM’BUS,80
25414,22201.0,2025-01-01,85070928,BAIR07,1900-01-01 13:24:00,1900-01-01 13:25:56,GEM’BUS,80
25415,22201.0,2025-01-01,85070927,SJSN04,1900-01-01 12:47:00,1900-01-01 12:48:51,GEM’BUS,80
25416,22201.0,2025-01-01,85070944,BAIR07,1900-01-01 23:40:00,1900-01-01 23:40:34,GEM’BUS,80
25417,22201.0,2025-01-01,85070943,SJSN04,1900-01-01 23:00:00,1900-01-01 23:02:39,GEM’BUS,80
25418,22201.0,2025-01-01,85070936,BAIR07,1900-01-01 18:26:00,1900-01-01 18:27:29,GEM’BUS,80
25419,22204.0,2025-01-01,85070970,BAIR07,1900-01-01 21:20:00,1900-01-01 21:23:23,GEM’BUS,80
25420,22201.0,2025-01-01,85070940,BAIR07,1900-01-01 21:00:00,1900-01-01 21:00:29,GEM’BUS,80
25421,21989.0,2025-01-01,85070982,BAIR07,1900-01-01 10:15:00,1900-01-01 10:15:53,GEM’BUS,80
28202,22056.0,2025-01-01,85071489,BSEJ00,1900-01-01 23:00:00,1900-01-01 23:02:00,GLOBE,91
28203,22082.0,2025-01-01,85062102,JOPO00,1900-01-01 00:17:00,1900-01-01 00:18:20,GLOBE,91
28204,22170.0,2025-01-01,85071419,BSEJ00,1900-01-01 08:30:00,1900-01-01 08:30:43,GLOBE,91
28205,22170.0,2025-01-01,85071415,BSEJ00,1900-01-01 06:30:00,1900-01-01 06:30:23,GLOBE,91
28206,22082.0,2025-01-01,85071478,JOPO00,1900-01-01 17:39:00,1900-01-01 17:41:45,GLOBE,91
28207,22082.0,2025-01-01,85071479,BSEJ00,1900-01-01 18:00:00,1900-01-01 18:01:06,GLOBE,91
28208,22176.0,2025-01-01,85072642,JOPO00,1900-01-01 14:09:00,1900-01-01 14:11:11,GLOBE,91
28209,22082.0,2025-01-01,85072472,JOPO00,1900-01-01 12:40:00,1900-01-01 12:44:20,GLOBE,91
28210,22082.0,2025-01-01,85071463,BSEJ00,1900-01-01 10:00:00,1900-01-01 10:02:01,GLOBE,91
28211,22056.0,2025-01-01,85071486,JOCT02,1900-01-01 21:44:20,1900-01-01 21:43:55,GLOBE,91
28212,22176.0,2025-01-01,85071435,BSEJ00,1900-01-01 16:30:00,1900-01-01 16:31:33,GLOBE,91
28213,22082.0,2025-01-01,85071473,BSEJ00,1900-01-01 15:00:00,1900-01-01 15:01:13,GLOBE,91
28214,22082.0,2025-01-01,85071462,JOPO00,1900-01-01 09:41:00,1900-01-01 09:43:48,GLOBE,91
28215,22170.0,2025-01-01,85071417,BSEJ00,1900-01-01 07:30:00,1900-01-01 07:30:16,GLOBE,91
28216,22176.0,2025-01-01,85071445,BSEJ00,1900-01-01 21:30:00,1900-01-01 21:30:53,GLOBE,91
28217,22176.0,2025-01-01,85071434,JOPO00,1900-01-01 16:09:00,1900-01-01 16:10:19,GLOBE,91
28218,22176.0,2025-01-01,85071444,JOPO00,1900-01-01 21:12:00,1900-01-01 21:12:42,GLOBE,91
28219,22170.0,2025-01-01,85071416,JOPO00,1900-01-01 07:12:00,1900-01-01 07:12:11,GLOBE,91
28220,22082.0,2025-01-01,85071466,JOPO00,1900-01-01 11:41:00,1900-01-01 11:41:34,GLOBE,91
28221,22176.0,2025-01-01,85071438,JOPO00,1900-01-01 18:09:00,1900-01-01 18:10:27,GLOBE,91
28222,22176.0,2025-01-01,85071439,BSEJ00,1900-01-01 18:30:00,1900-01-01 18:31:35,GLOBE,91
28223,22176.0,2025-01-01,85071440,JOPO00,1900-01-01 19:09:00,1900-01-01 19:10:47,GLOBE,91
28224,22170.0,2025-01-01,85071418,JOPO00,1900-01-01 08:12:00,1900-01-01 08:12:50,GLOBE,91
28225,22176.0,2025-01-01,85071446,JOPO00,1900-01-01 22:13:00,1900-01-01 22:14:16,GLOBE,91
28226,22176.0,2025-01-01,85071433,BSEJ00,1900-01-01 15:30:00,1900-01-01 15:31:30,GLOBE,91
28227,22082.0,2025-01-01,85071480,JOPO00,1900-01-01 18:39:00,1900-01-01 18:42:03,GLOBE,91
28228,22176.0,2025-01-01,85071441,BSEJ00,1900-01-01 19:30:00,1900-01-01 19:30:45,GLOBE,91
28229,22082.0,2025-01-01,85071467,BSEJ00,1900-01-01 12:00:00,1900-01-01 12:00:34,GLOBE,91
28230,22176.0,2025-01-01,85072641,JOCT09,1900-01-01 13:46:24,1900-01-01 14:02:13,GLOBE,91
28231,22172.0,2025-01-01,85071423,BSEJ00,1900-01-01 10:30:00,1900-01-01 10:30:33,GLOBE,91
28232,22176.0,2025-01-01,85071447,BSEJ00,1900-01-01 22:30:00,1900-01-01 22:31:30,GLOBE,91
28233,22082.0,2025-01-01,85071477,BSEJ00,1900-01-01 17:00:00,1900-01-01 17:01:24,GLOBE,91
28234,22082.0,2025-01-01,85071475,BSEJ00,1900-01-01 16:00:00,1900-01-01 16:02:03,GLOBE,91
28235,22082.0,2025-01-01,85071476,JOPO00,1900-01-01 16:39:00,1900-01-01 16:40:39,GLOBE,91
28236,22082.0,2025-01-01,85071474,JOPO00,1900-01-01 15:39:00,1900-01-01 15:40:33,GLOBE,91
28237,22082.0,2025-01-01,85071461,BSEJ00,1900-01-01 09:00:00,1900-01-01 09:08:25,GLOBE,91
28238,22082.0,2025-01-01,85071481,BSEJ00,1900-01-01 19:00:00,1900-01-01 19:01:15,GLOBE,91
28239,22170.0,2025-01-01,85071413,BSEJ00,1900-01-01 05:30:00,1900-01-01 05:31:45,GLOBE,91
28240,22081.0,2025-01-01,85062034,JOPO00,1900-01-01 00:11:00,1900-01-01 00:11:04,GLOBE,91
28241,22170.0,2025-01-01,85071420,JOPO00,1900-01-01 09:11:00,1900-01-01 09:11:43,GLOBE,91
28242,22081.0,2025-01-01,85062035,BSEJ00,1900-01-01 00:30:00,1900-01-01 00:30:08,GLOBE,91
28243,22170.0,2025-01-01,85071421,BSEJ00,1900-01-01 09:30:00,1900-01-01 09:28:20,GLOBE,91
28244,22176.0,2025-01-01,85071443,BSEJ00,1900-01-01 20:30:00,1900-01-01 20:31:01,GLOBE,91
28245,22176.0,2025-01-01,85071442,JOPO00,1900-01-01 20:11:00,1900-01-01 19:50:39,GLOBE,91
28246,22056.0,2025-01-01,85071490,JOPO00,1900-01-01 23:42:00,1900-01-01 23:43:12,GLOBE,91
28247,22172.0,2025-01-01,85071426,JOPO00,1900-01-01 12:10:00,1900-01-01 12:11:07,GLOBE,91
28248,22172.0,2025-01-01,85071427,BSEJ00,1900-01-01 12:30:00,1900-01-01 12:30:24,GLOBE,91
28249,22170.0,2025-01-01,85071414,JOPO00,1900-01-01 06:12:00,1900-01-01 06:12:52,GLOBE,91
28250,22170.0,2025-01-01,85071411,DPGLOB00,1900-01-01 04:54:00,1900-01-01 04:51:54,GLOBE,91
28251,22081.0,2025-01-01,85062036,JOPO00,1900-01-01 00:47:00,1900-01-01 00:48:38,GLOBE,91
28252,22176.0,2025-01-01,85071431,BSEJ00,1900-01-01 14:30:00,1900-01-01 14:31:02,GLOBE,91
28253,22176.0,2025-01-01,85071437,BSEJ00,1900-01-01 17:30:00,1900-01-01 17:33:27,GLOBE,91
28254,22056.0,2025-01-01,85071484,UNIM04,1900-01-01 20:49:40,1900-01-01 20:51:35,GLOBE,91
28255,22056.0,2025-01-01,85071487,BSEJ00,1900-01-01 22:00:00,1900-01-01 22:00:32,GLOBE,91
28256,22082.0,2025-01-01,85071468,JOPO00,1900-01-01 12:40:00,1900-01-01 12:35:07,GLOBE,91
28257,22056.0,2025-01-01,85071485,BSEJ00,1900-01-01 21:00:00,1900-01-01 21:00:20,GLOBE,91
28258,22172.0,2025-01-01,85072627,JOPO00,1900-01-01 10:11:00,1900-01-01 10:12:32,GLOBE,91
28259,22082.0,2025-01-01,85071470,JOPO00,1900-01-01 13:39:00,1900-01-01 13:40:37,GLOBE,91
28260,22082.0,2025-01-01,85071482,JOPO00,1900-01-01 19:39:00,1900-01-01 19:42:14,GLOBE,91
28261,22082.0,2025-01-01,85071471,BSEJ00,1900-01-01 14:00:00,1900-01-01 14:01:15,GLOBE,91
28262,22172.0,2025-01-01,85072626,VSUI01,1900-01-01 09:43:20,1900-01-01 10:03:56,GLOBE,91
28263,22172.0,2025-01-01,85071424,JOPO00,1900-01-01 11:11:00,1900-01-01 11:11:39,GLOBE,91
28264,22172.0,2025-01-01,85071429,BSEJ00,1900-01-01 13:30:00,1900-01-01 13:30:26,GLOBE,91
28265,22172.0,2025-01-01,85071430,JOPO00,1900-01-01 14:09:00,1900-01-01 13:50:32,GLOBE,91
28266,22082.0,2025-01-01,85071469,BSEJ00,1900-01-01 13:00:00,1900-01-01 13:00:30,GLOBE,91
28267,22172.0,2025-01-01,85071425,BSEJ00,1900-01-01 11:30:00,1900-01-01 11:30:43,GLOBE,91
28268,22082.0,2025-01-01,85071483,BSEJ00,1900-01-01 20:00:00,1900-01-01 20:01:58,GLOBE,91
28269,22172.0,2025-01-01,85071428,JOPO00,1900-01-01 13:09:00,1900-01-01 13:10:17,GLOBE,91
28270,22176.0,2025-01-01,85071436,JOPO00,1900-01-01 17:09:00,1900-01-01 17:07:36,GLOBE,91
28271,22082.0,2025-01-01,85062101,BSEJ00,1900-01-01 00:00:00,1900-01-01 00:01:23,GLOBE,91
28272,22176.0,2025-01-01,85071432,JOPO00,1900-01-01 15:09:00,1900-01-01 15:11:04,GLOBE,91
28273,22170.0,2025-01-01,85071412,JOPO00,1900-01-01 05:12:00,1900-01-01 05:12:32,GLOBE,91
28274,22176.0,2025-01-01,85071449,BSEJ00,1900-01-01 23:30:00,1900-01-01 23:30:39,GLOBE,91
28275,22056.0,2025-01-01,85071488,JOCT02,1900-01-01 22:45:20,1900-01-01 22:45:47,GLOBE,91
28276,22170.0,2025-01-01,85071422,JOPO00,1900-01-01 10:11:00,1900-01-01 09:46:43,GLOBE,91
28277,22082.0,2025-01-01,85071465,BSEJ00,1900-01-01 11:00:00,1900-01-01 11:00:25,GLOBE,91
28278,22082.0,2025-01-01,85071472,JOPO00,1900-01-01 14:39:00,1900-01-01 14:40:39,GLOBE,91
28279,22082.0,2025-01-01,85071464,JOPO00,1900-01-01 10:41:00,1900-01-01 10:41:31,GLOBE,91
28280,22176.0,2025-01-01,85071448,JOPO00,1900-01-01 23:13:00,1900-01-01 23:14:33,GLOBE,91
28281,22082.0,2025-01-01,85072473,JOPO00,1900-01-01 20:41:00,1900-01-01 20:17:48,GLOBE,91
29239,22169.0,2025-01-01,85071519,PNEF00,1900-01-01 13:47:00,1900-01-01 13:53:05,GLOBE,92
29240,22169.0,2025-01-01,85071527,PNEF00,1900-01-01 15:48:00,1900-01-01 15:48:04,GLOBE,92
29241,22169.0,2025-01-01,85071520,HVIL00,1900-01-01 14:16:40,1900-01-01 14:20:52,GLOBE,92
29242,22191.0,2025-01-01,85072646,PNEF00,1900-01-01 11:17:00,1900-01-01 11:18:52,GLOBE,92
29243,22169.0,2025-01-01,85071528,PNEV05,1900-01-01 16:00:00,1900-01-01 16:00:29,GLOBE,92
29244,22169.0,2025-01-01,85071537,PNEF00,1900-01-01 18:18:00,1900-01-01 18:15:57,GLOBE,92
29245,22169.0,2025-01-01,85071518,PNEV05,1900-01-01 13:30:00,1900-01-01 13:30:43,GLOBE,92
29246,22169.0,2025-01-01,85071517,PNEF00,1900-01-01 13:17:00,1900-01-01 13:25:04,GLOBE,92
29247,22191.0,2025-01-01,85071500,PNEV05,1900-01-01 09:00:00,1900-01-01 09:01:20,GLOBE,92
29248,22191.0,2025-01-01,85071501,PNEF00,1900-01-01 09:16:00,1900-01-01 09:16:28,GLOBE,92
29249,22169.0,2025-01-01,85071523,PNEF00,1900-01-01 14:47:00,1900-01-01 14:54:12,GLOBE,92
29250,22169.0,2025-01-01,85071529,PNEF00,1900-01-01 16:19:00,1900-01-01 16:17:17,GLOBE,92
29251,22191.0,2025-01-01,85071502,PNEV05,1900-01-01 09:30:00,1900-01-01 09:31:40,GLOBE,92
29252,22169.0,2025-01-01,85071521,PNEF00,1900-01-01 14:17:00,1900-01-01 14:31:39,GLOBE,92
29253,22169.0,2025-01-01,85071522,PNEV05,1900-01-01 14:30:00,1900-01-01 14:31:53,GLOBE,92
29254,22191.0,2025-01-01,85071498,PNEV05,1900-01-01 08:30:00,1900-01-01 08:32:32,GLOBE,92
29255,22169.0,2025-01-01,85071526,PNEV05,1900-01-01 15:30:00,1900-01-01 15:30:41,GLOBE,92
29256,22169.0,2025-01-01,85071516,PNEV05,1900-01-01 13:00:00,1900-01-01 13:00:52,GLOBE,92
29257,22191.0,2025-01-01,85071506,PNEV05,1900-01-01 10:30:00,1900-01-01 10:30:44,GLOBE,92
29258,22191.0,2025-01-01,85071497,PNEF00,1900-01-01 08:17:00,1900-01-01 08:18:47,GLOBE,92
29259,22169.0,2025-01-01,85071531,PNEF00,1900-01-01 16:48:00,1900-01-01 16:48:48,GLOBE,92
29260,22169.0,2025-01-01,85071533,PNEF00,1900-01-01 17:18:00,1900-01-01 17:18:24,GLOBE,92
29261,22191.0,2025-01-01,85071505,PNEF00,1900-01-01 10:16:00,1900-01-01 10:18:56,GLOBE,92
29262,22191.0,2025-01-01,85071495,PNEF00,1900-01-01 07:47:00,1900-01-01 07:47:23,GLOBE,92
29263,22169.0,2025-01-01,85071510,PNEV05,1900-01-01 11:30:00,1900-01-01 11:30:52,GLOBE,92
29264,22191.0,2025-01-01,85071494,BAIR05,1900-01-01 07:32:00,1900-01-01 07:33:05,GLOBE,92
29265,22169.0,2025-01-01,85071515,PNEF00,1900-01-01 12:47:00,1900-01-01 12:52:33,GLOBE,92
29266,22169.0,2025-01-01,85071512,PNEV05,1900-01-01 12:00:00,1900-01-01 12:00:23,GLOBE,92
29267,22169.0,2025-01-01,85071536,PNEV05,1900-01-01 18:00:00,1900-01-01 18:00:54,GLOBE,92
29268,22191.0,2025-01-01,85071504,PNEV05,1900-01-01 10:00:00,1900-01-01 10:02:19,GLOBE,92
29269,22169.0,2025-01-01,85071514,SLEG00,1900-01-01 12:42:05,1900-01-01 12:44:16,GLOBE,92
29270,22191.0,2025-01-01,85071503,PNEF00,1900-01-01 09:46:00,1900-01-01 09:48:40,GLOBE,92
29271,22169.0,2025-01-01,85071534,PNEV05,1900-01-01 17:30:00,1900-01-01 17:30:20,GLOBE,92
29272,22191.0,2025-01-01,85071507,PNEF00,1900-01-01 10:47:00,1900-01-01 10:48:20,GLOBE,92
29273,22169.0,2025-01-01,85071509,PNEF00,1900-01-01 11:17:00,1900-01-01 11:30:33,GLOBE,92
29274,22191.0,2025-01-01,85071496,PNEV05,1900-01-01 08:00:00,1900-01-01 08:01:38,GLOBE,92
29275,22169.0,2025-01-01,85071530,SANT00,1900-01-01 16:36:22,1900-01-01 16:37:05,GLOBE,92
29276,22169.0,2025-01-01,85071532,PNEV05,1900-01-01 17:00:00,1900-01-01 17:00:21,GLOBE,92
29277,22191.0,2025-01-01,85071508,PNEV05,1900-01-01 11:00:00,1900-01-01 11:02:07,GLOBE,92
29278,22169.0,2025-01-01,85071535,PNEF00,1900-01-01 17:48:00,1900-01-01 17:47:34,GLOBE,92
29279,22169.0,2025-01-01,85071513,PNEF00,1900-01-01 12:17:00,1900-01-01 12:22:11,GLOBE,92
29280,22169.0,2025-01-01,85071511,PNEF00,1900-01-01 11:47:00,1900-01-01 11:50:46,GLOBE,92
29565,22083.0,2025-01-01,85071583,VEGR02,1900-01-01 03:33:00,1900-01-01 03:33:57,GLOBE,A1
29566,22083.0,2025-01-01,85071588,FRET01,1900-01-01 05:53:00,1900-01-01 05:55:35,GLOBE,A1
29567,22083.0,2025-01-01,85071585,CRGE04,1900-01-01 04:14:00,1900-01-01 04:14:57,GLOBE,A1
29568,22083.0,2025-01-01,85071587,CRGE04,1900-01-01 05:18:00,1900-01-01 05:18:21,GLOBE,A1
29629,22087.0,2025-01-01,85071594,SIMO01,1900-01-01 04:23:00,1900-01-01 04:24:49,GLOBE,A2
29630,22087.0,2025-01-01,85071590,JVIL01,1900-01-01 03:33:13,1900-01-01 03:33:25,GLOBE,A2
29631,22087.0,2025-01-01,85071596,SIMO01,1900-01-01 04:55:00,1900-01-01 04:56:22,GLOBE,A2
29632,22087.0,2025-01-01,85071599,FRET01,1900-01-01 05:50:00,1900-01-01 05:51:54,GLOBE,A2
29633,22087.0,2025-01-01,85071598,SIMO01,1900-01-01 05:27:00,1900-01-01 05:27:41,GLOBE,A2
29634,22087.0,2025-01-01,85071592,SIMO01,1900-01-01 03:51:00,1900-01-01 03:52:37,GLOBE,A2
29710,22051.0,2025-01-01,85071608,ESRT03,1900-01-01 03:53:00,1900-01-01 03:54:20,GLOBE,A4
29711,22051.0,2025-01-01,85071610,PRBE04,1900-01-01 04:41:00,1900-01-01 04:42:20,GLOBE,A4
29712,22051.0,2025-01-01,85071607,DPGLOB00,1900-01-01 03:46:00,1900-01-01 03:42:54,GLOBE,A4
29763,22048.0,2025-01-01,85071622,GDHA00,1900-01-01 05:50:00,1900-01-01 05:50:51,GLOBE,A5
29764,22048.0,2025-01-01,85071616,GDHA00,1900-01-01 04:20:00,1900-01-01 04:20:59,GLOBE,A5
29765,22048.0,2025-01-01,85071619,FEMA01,1900-01-01 05:05:00,1900-01-01 05:03:52,GLOBE,A5
29766,22048.0,2025-01-01,85071617,FEMA01,1900-01-01 04:35:00,1900-01-01 04:31:32,GLOBE,A5
29767,22048.0,2025-01-01,85071614,GDHA00,1900-01-01 03:50:00,1900-01-01 03:50:19,GLOBE,A5
29768,22048.0,2025-01-01,85071613,FEMA01,1900-01-01 03:35:00,1900-01-01 03:35:24,GLOBE,A5
29769,22048.0,2025-01-01,85071615,FEMA01,1900-01-01 04:05:00,1900-01-01 04:06:25,GLOBE,A5
29770,22048.0,2025-01-01,85071620,GDHA00,1900-01-01 05:20:00,1900-01-01 05:20:08,GLOBE,A5
29771,22048.0,2025-01-01,85071621,FEMA01,1900-01-01 05:35:00,1900-01-01 05:29:54,GLOBE,A5
29772,22048.0,2025-01-01,85071618,GDHA00,1900-01-01 04:50:00,1900-01-01 04:52:16,GLOBE,A5
29838,22152.0,2025-01-01,85071624,CCHA01,1900-01-01 03:42:00,1900-01-01 03:45:17,GLOBE,A6
29839,22152.0,2025-01-01,85071626,CCHA01,1900-01-01 04:42:00,1900-01-01 04:44:11,GLOBE,A6
29900,22128.0,2025-01-01,85062853,ATEC02,1900-01-01 01:27:00,1900-01-01 01:28:22,ODIER,L
29901,22128.0,2025-01-01,85071783,CRCO04,1900-01-01 17:26:00,1900-01-01 17:28:25,ODIER,L
29902,22165.0,2025-01-01,85071752,CRCO04,1900-01-01 07:24:00,1900-01-01 07:30:16,ODIER,L
29903,22128.0,2025-01-01,85062854,CRCO04,1900-01-01 01:58:00,1900-01-01 01:58:50,ODIER,L
29904,22165.0,2025-01-01,85071756,CRCO05,1900-01-01 08:32:00,1900-01-01 08:32:08,ODIER,L
29905,22128.0,2025-01-01,85062855,PRBE03,1900-01-01 02:00:40,1900-01-01 02:00:34,ODIER,L
29906,22165.0,2025-01-01,85071755,CRCO04,1900-01-01 08:24:00,1900-01-01 08:29:45,ODIER,L
29907,22165.0,2025-01-01,85071754,ATEC02,1900-01-01 08:02:00,1900-01-01 08:03:14,ODIER,L
29908,22128.0,2025-01-01,85071784,CRCO05,1900-01-01 17:32:00,1900-01-01 17:33:20,ODIER,L
29909,22165.0,2025-01-01,85071771,PRBE03,1900-01-01 13:33:40,1900-01-01 13:35:47,ODIER,L
29910,22165.0,2025-01-01,85071772,ATEC02,1900-01-01 14:02:00,1900-01-01 14:02:59,ODIER,L
29911,22128.0,2025-01-01,85071785,ATEC02,1900-01-01 18:02:00,1900-01-01 18:02:33,ODIER,L
29912,22128.0,2025-01-01,85071782,ATEC02,1900-01-01 17:02:00,1900-01-01 17:02:30,ODIER,L
29913,22165.0,2025-01-01,85071751,ATEC02,1900-01-01 07:02:00,1900-01-01 07:03:08,ODIER,L
29914,22128.0,2025-01-01,85071780,CRCO04,1900-01-01 16:26:00,1900-01-01 16:33:10,ODIER,L
29915,22128.0,2025-01-01,85071786,CRCO04,1900-01-01 18:26:00,1900-01-01 18:33:32,ODIER,L
29916,22128.0,2025-01-01,85071781,CRCO05,1900-01-01 16:32:00,1900-01-01 16:34:31,ODIER,L
29917,22128.0,2025-01-01,85071787,CRCO05,1900-01-01 18:32:00,1900-01-01 18:35:10,ODIER,L
29918,22165.0,2025-01-01,85071757,ATEC02,1900-01-01 09:02:00,1900-01-01 09:03:54,ODIER,L
29919,22128.0,2025-01-01,85071779,ATEC02,1900-01-01 16:02:00,1900-01-01 16:03:19,ODIER,L
29920,22165.0,2025-01-01,85071760,ATEC02,1900-01-01 10:02:00,1900-01-01 10:02:34,ODIER,L
29921,22128.0,2025-01-01,85071792,CRCO04,1900-01-01 20:25:00,1900-01-01 20:33:31,ODIER,L
29922,22128.0,2025-01-01,85062859,ATEC02,1900-01-01 03:23:00,1900-01-01 03:22:51,ODIER,L
29923,22165.0,2025-01-01,85071770,CRCO04,1900-01-01 13:25:00,1900-01-01 13:33:55,ODIER,L
29924,22165.0,2025-01-01,85071761,CRCO04,1900-01-01 10:25:00,1900-01-01 10:27:16,ODIER,L
29925,22165.0,2025-01-01,85071773,CRCO04,1900-01-01 14:26:00,1900-01-01 14:28:10,ODIER,L
29926,22165.0,2025-01-01,85071753,CRCO05,1900-01-01 07:32:00,1900-01-01 07:32:47,ODIER,L
29927,22128.0,2025-01-01,85062856,ATEC02,1900-01-01 02:27:00,1900-01-01 02:27:52,ODIER,L
29928,22128.0,2025-01-01,85072534,CRCO04,1900-01-01 21:24:00,1900-01-01 21:35:10,ODIER,L
29929,22128.0,2025-01-01,85072533,CRCO04,1900-01-01 15:26:00,1900-01-01 15:35:21,ODIER,L
29930,22128.0,2025-01-01,85071788,ATEC02,1900-01-01 19:02:00,1900-01-01 19:03:40,ODIER,L
29931,22165.0,2025-01-01,85071762,CRCO05,1900-01-01 10:32:00,1900-01-01 10:33:09,ODIER,L
29932,22128.0,2025-01-01,85062857,CRCO04,1900-01-01 02:58:00,1900-01-01 02:59:00,ODIER,L
29933,22128.0,2025-01-01,85062858,PRBE03,1900-01-01 03:00:40,1900-01-01 03:01:07,ODIER,L
29934,22128.0,2025-01-01,85071776,ATEC02,1900-01-01 15:02:00,1900-01-01 15:03:11,ODIER,L
29935,22128.0,2025-01-01,85071791,ATEC02,1900-01-01 20:02:00,1900-01-01 20:03:58,ODIER,L
29936,22165.0,2025-01-01,85071750,CRCO05,1900-01-01 06:32:00,1900-01-01 06:34:05,ODIER,L
29937,22128.0,2025-01-01,85071777,CRCO04,1900-01-01 15:26:00,1900-01-01 15:33:25,ODIER,L
29938,22128.0,2025-01-01,85071789,CRCO04,1900-01-01 19:25:00,1900-01-01 19:34:31,ODIER,L
29939,22165.0,2025-01-01,85071769,ATEC02,1900-01-01 13:02:00,1900-01-01 13:03:10,ODIER,L
29940,22128.0,2025-01-01,85071778,CRCO05,1900-01-01 15:32:00,1900-01-01 15:35:34,ODIER,L
29941,22130.0,2025-01-01,85071800,ATEC02,1900-01-01 23:03:00,1900-01-01 23:03:42,ODIER,L
29942,22165.0,2025-01-01,85071759,CRCO05,1900-01-01 09:32:00,1900-01-01 09:36:45,ODIER,L
29943,22130.0,2025-01-01,85071801,CRCO04,1900-01-01 23:23:00,1900-01-01 23:26:38,ODIER,L
29944,22130.0,2025-01-01,85071799,CRCO05,1900-01-01 22:33:00,1900-01-01 22:33:30,ODIER,L
29945,22165.0,2025-01-01,85072602,CRCO04,1900-01-01 06:23:00,1900-01-01 06:33:42,ODIER,L
29946,22128.0,2025-01-01,85071796,CRCO05,1900-01-01 21:33:00,1900-01-01 21:35:29,ODIER,L
29947,22128.0,2025-01-01,85062851,CRCO04,1900-01-01 00:24:00,1900-01-01 00:45:10,ODIER,L
29948,22165.0,2025-01-01,85072603,CRCO04,1900-01-01 11:25:00,1900-01-01 11:34:27,ODIER,L
29949,22128.0,2025-01-01,85071795,CRCO04,1900-01-01 21:24:00,1900-01-01 21:34:59,ODIER,L
29950,22165.0,2025-01-01,85071768,PRBE03,1900-01-01 12:33:40,1900-01-01 12:34:27,ODIER,L
29951,22165.0,2025-01-01,85071748,ATEC02,1900-01-01 06:02:00,1900-01-01 06:02:51,ODIER,L
29952,22128.0,2025-01-01,85062850,ATEC02,1900-01-01 00:03:00,1900-01-01 23:57:08,ODIER,L
29953,22165.0,2025-01-01,85071758,CRCO04,1900-01-01 09:25:00,1900-01-01 09:28:14,ODIER,L
29954,22128.0,2025-01-01,85071794,ATEC02,1900-01-01 21:02:00,1900-01-01 21:03:29,ODIER,L
29955,22165.0,2025-01-01,85071749,CRCO04,1900-01-01 06:23:00,1900-01-01 06:32:42,ODIER,L
29956,22128.0,2025-01-01,85071797,ATEC02,1900-01-01 22:02:00,1900-01-01 22:04:56,ODIER,L
29957,22130.0,2025-01-01,85071798,CRCO04,1900-01-01 22:23:00,1900-01-01 22:24:41,ODIER,L
29958,22165.0,2025-01-01,85071767,CRCO04,1900-01-01 12:25:00,1900-01-01 12:32:27,ODIER,L
29959,22165.0,2025-01-01,85071766,ATEC02,1900-01-01 12:02:00,1900-01-01 12:03:45,ODIER,L
29960,22128.0,2025-01-01,85062852,CRCO05,1900-01-01 00:45:00,1900-01-01 00:45:49,ODIER,L
29961,22128.0,2025-01-01,85071793,CRCO05,1900-01-01 20:32:00,1900-01-01 20:33:50,ODIER,L
29962,22165.0,2025-01-01,85071745,ATEC02,1900-01-01 04:56:00,1900-01-01 04:56:49,ODIER,L
29963,22128.0,2025-01-01,85071775,CRCO05,1900-01-01 14:32:00,1900-01-01 14:34:13,ODIER,L
29964,22165.0,2025-01-01,85071764,CRCO04,1900-01-01 11:25:00,1900-01-01 11:33:45,ODIER,L
29965,22128.0,2025-01-01,85071790,CRCO05,1900-01-01 19:32:00,1900-01-01 19:35:07,ODIER,L
29966,22165.0,2025-01-01,85071763,ATEC02,1900-01-01 11:02:00,1900-01-01 10:57:01,ODIER,L
29967,22130.0,2025-01-01,85071802,CRCO05,1900-01-01 23:33:00,1900-01-01 23:33:14,ODIER,L
29968,22165.0,2025-01-01,85071765,PRBE03,1900-01-01 11:33:40,1900-01-01 11:35:51,ODIER,L
29969,22128.0,2025-01-01,85072683,CRCO04,1900-01-01 01:58:00,1900-01-01 01:59:28,ODIER,L
29970,22165.0,2025-01-01,85071747,CRCO05,1900-01-01 05:32:00,1900-01-01 05:32:56,ODIER,L
29971,22165.0,2025-01-01,85071746,CRCO04,1900-01-01 05:17:00,1900-01-01 05:31:23,ODIER,L
