,parcveh,DateCourse,IdCourse,stop,end_deptheo,end_real,Category,Ligne
0,22151.0,2025-01-01,85067764,AERO07,1900-01-01 20:55:00,1900-01-01 20:58:26,GLOBE,28
9,22149.0,2025-01-01,85067622,AERO07,1900-01-01 04:46:00,1900-01-01 04:50:00,GLOBE,28
11,22147.0,2025-01-01,85067631,AEROST,1900-01-01 07:16:00,1900-01-01 07:18:15,GLOBE,28
13,22147.0,2025-01-01,85067621,FRRE03,1900-01-01 04:38:20,1900-01-01 05:12:18,GLOBE,28
18,22149.0,2025-01-01,85067708,AERO07,1900-01-01 06:36:00,1900-01-01 06:40:04,GLOBE,28
21,22147.0,2025-01-01,85067655,AEROST,1900-01-01 13:19:00,1900-01-01 13:22:43,GLOBE,28
25,22147.0,2025-01-01,85067642,AERO07,1900-01-01 10:09:00,1900-01-01 10:09:36,GLOBE,28
27,22149.0,2025-01-01,85067712,AERO07,1900-01-01 07:39:00,1900-01-01 07:41:07,GLOBE,28
32,22147.0,2025-01-01,85067674,AERO07,1900-01-01 18:20:00,1900-01-01 18:21:36,GLOBE,28
35,22147.0,2025-01-01,85067634,AERO07,1900-01-01 08:07:00,1900-01-01 08:08:30,GLOBE,28
36,22147.0,2025-01-01,85067684,AERO05,1900-01-01 20:33:00,1900-01-01 20:29:49,GLOBE,28
37,22147.0,2025-01-01,85067683,AEROST,1900-01-01 20:32:00,1900-01-01 20:32:38,GLOBE,28
39,22147.0,2025-01-01,85067682,AERO07,1900-01-01 20:25:00,1900-01-01 20:28:28,GLOBE,28
42,22087.0,2025-01-01,85067686,AERO07,1900-01-01 21:26:00,1900-01-01 21:29:58,GLOBE,28
44,22087.0,2025-01-01,85067687,AEROST,1900-01-01 21:33:00,1900-01-01 21:33:22,GLOBE,28
45,22087.0,2025-01-01,85067688,AERO05,1900-01-01 21:34:00,1900-01-01 21:31:55,GLOBE,28
48,22151.0,2025-01-01,85067744,AERO07,1900-01-01 15:47:00,1900-01-01 15:45:24,GLOBE,28
49,22151.0,2025-01-01,85067745,AEROST,1900-01-01 15:51:00,1900-01-01 15:52:40,GLOBE,28
50,22151.0,2025-01-01,85067746,AERO05,1900-01-01 15:52:00,1900-01-01 15:50:17,GLOBE,28
52,22151.0,2025-01-01,85067738,AERO05,1900-01-01 13:50:00,1900-01-01 13:47:12,GLOBE,28
56,22087.0,2025-01-01,85067691,AEROST,1900-01-01 22:33:00,1900-01-01 22:32:11,GLOBE,28
60,22151.0,2025-01-01,85067748,AERO07,1900-01-01 16:48:00,1900-01-01 16:49:10,GLOBE,28
61,22151.0,2025-01-01,85067749,AEROST,1900-01-01 16:53:00,1900-01-01 16:53:00,GLOBE,28
62,22151.0,2025-01-01,85067736,AERO07,1900-01-01 13:45:00,1900-01-01 13:47:11,GLOBE,28
67,22151.0,2025-01-01,85067752,AERO07,1900-01-01 17:50:00,1900-01-01 17:50:05,GLOBE,28
71,22151.0,2025-01-01,85067768,AERO07,1900-01-01 21:55:00,1900-01-01 21:53:12,GLOBE,28
75,22151.0,2025-01-01,85067760,AERO07,1900-01-01 19:53:00,1900-01-01 19:52:50,GLOBE,28
78,22147.0,2025-01-01,85067659,AEROST,1900-01-01 14:19:00,1900-01-01 14:21:26,GLOBE,28
81,22147.0,2025-01-01,85067639,AEROST,1900-01-01 09:15:00,1900-01-01 09:18:31,GLOBE,28
86,22149.0,2025-01-01,85067724,AERO07,1900-01-01 10:40:00,1900-01-01 10:42:23,GLOBE,28
89,22147.0,2025-01-01,85067663,AEROST,1900-01-01 15:20:00,1900-01-01 15:23:30,GLOBE,28
92,22147.0,2025-01-01,85067678,AERO07,1900-01-01 19:21:00,1900-01-01 19:24:02,GLOBE,28
97,22149.0,2025-01-01,85067704,AERO07,1900-01-01 05:22:00,1900-01-01 05:24:30,GLOBE,28
100,22149.0,2025-01-01,85067728,AERO07,1900-01-01 11:42:00,1900-01-01 11:44:00,GLOBE,28
102,22151.0,2025-01-01,85067756,AERO07,1900-01-01 18:51:00,1900-01-01 18:54:27,GLOBE,28
104,22087.0,2025-01-01,85055037,AERO07,1900-01-01 00:21:00,1900-01-01 00:20:33,GLOBE,28
108,22147.0,2025-01-01,85067670,AERO07,1900-01-01 17:19:00,1900-01-01 17:18:26,GLOBE,28
112,22151.0,2025-01-01,85067776,AERO07,1900-01-01 23:53:00,1900-01-01 23:51:44,GLOBE,28
116,22149.0,2025-01-01,85067720,AERO07,1900-01-01 09:38:00,1900-01-01 09:38:56,GLOBE,28
119,22087.0,2025-01-01,85055040,ESRT06,1900-01-01 00:51:00,1900-01-01 00:51:07,GLOBE,28
128,22147.0,2025-01-01,85072560,FRRE03,1900-01-01 11:00:40,1900-01-01 11:22:50,GLOBE,28
130,22147.0,2025-01-01,85067627,AEROST,1900-01-01 06:16:00,1900-01-01 06:22:55,GLOBE,28
133,22147.0,2025-01-01,85072561,FRRE03,1900-01-01 11:00:40,1900-01-01 11:22:55,GLOBE,28
135,22147.0,2025-01-01,85072562,FRRE03,1900-01-01 11:00:40,1900-01-01 11:23:11,GLOBE,28
138,22151.0,2025-01-01,85067741,AEROST,1900-01-01 14:50:00,1900-01-01 14:52:04,GLOBE,28
140,22147.0,2025-01-01,85067667,AEROST,1900-01-01 16:22:00,1900-01-01 16:25:48,GLOBE,28
143,22149.0,2025-01-01,85067731,ESRT06,1900-01-01 12:17:00,1900-01-01 12:15:32,GLOBE,28
145,22149.0,2025-01-01,85067716,AERO07,1900-01-01 08:37:00,1900-01-01 08:39:43,GLOBE,28
147,22151.0,2025-01-01,85067773,AEROST,1900-01-01 23:02:00,1900-01-01 23:03:08,GLOBE,28
148,22151.0,2025-01-01,85067732,AERO07,1900-01-01 12:42:00,1900-01-01 12:45:54,GLOBE,28
152,22149.0,2025-01-01,85067620,ESRT06,1900-01-01 04:24:00,1900-01-01 04:18:26,GLOBE,28
161,22151.0,2025-01-01,85067761,AERO05,1900-01-01 20:01:00,1900-01-01 20:00:32,GLOBE,28
163,22087.0,2025-01-01,85067694,AEROST,1900-01-01 23:26:00,1900-01-01 23:30:33,GLOBE,28
165,22149.0,2025-01-01,85067717,AERO05,1900-01-01 08:46:00,1900-01-01 08:46:57,GLOBE,28
168,22147.0,2025-01-01,85067658,AEROST,1900-01-01 14:16:00,1900-01-01 14:21:21,GLOBE,28
169,22139.0,2025-01-01,85064541,TOCO00,1900-01-01 00:01:52,1900-01-01 00:54:13,GLOBE,28
174,22149.0,2025-01-01,85067721,AERO05,1900-01-01 09:46:00,1900-01-01 09:49:03,GLOBE,28
176,22147.0,2025-01-01,85067638,AEROST,1900-01-01 09:09:00,1900-01-01 09:18:30,GLOBE,28
177,22147.0,2025-01-01,85067666,AEROST,1900-01-01 16:18:00,1900-01-01 16:25:38,GLOBE,28
178,22151.0,2025-01-01,85067757,AERO05,1900-01-01 18:59:00,1900-01-01 18:58:38,GLOBE,28
181,22149.0,2025-01-01,85067725,AERO05,1900-01-01 10:48:00,1900-01-01 10:49:37,GLOBE,28
182,22147.0,2025-01-01,85067662,AEROST,1900-01-01 15:17:00,1900-01-01 15:23:29,GLOBE,28
189,22147.0,2025-01-01,85067623,AERO05,1900-01-01 05:17:00,1900-01-01 05:16:12,GLOBE,28
198,22151.0,2025-01-01,85067772,AEROST,1900-01-01 22:55:00,1900-01-01 23:03:06,GLOBE,28
204,22149.0,2025-01-01,85067729,AERO05,1900-01-01 11:48:00,1900-01-01 11:49:47,GLOBE,28
209,22151.0,2025-01-01,85067740,AEROST,1900-01-01 14:46:00,1900-01-01 14:52:00,GLOBE,28
210,22147.0,2025-01-01,85067654,AEROST,1900-01-01 13:15:00,1900-01-01 13:22:42,GLOBE,28
223,22151.0,2025-01-01,85067737,AERO05,1900-01-01 13:50:00,1900-01-01 13:50:33,GLOBE,28
226,22087.0,2025-01-01,85067690,AEROST,1900-01-01 22:27:00,1900-01-01 22:32:10,GLOBE,28
227,22147.0,2025-01-01,85067626,AEROST,1900-01-01 06:09:00,1900-01-01 06:22:54,GLOBE,28
246,22147.0,2025-01-01,85067630,AEROST,1900-01-01 07:11:00,1900-01-01 07:18:14,GLOBE,28
249,22151.0,2025-01-01,85067753,AERO05,1900-01-01 17:55:00,1900-01-01 17:57:23,GLOBE,28
431,22151.0,2025-01-01,85072570,AERO07,1900-01-01 12:42:20,1900-01-01 12:45:34,GLOBE,28
902,22147.0,2025-01-01,85067649,AERO07,1900-01-01 12:12:20,1900-01-01 12:04:35,GLOBE,28
955,22147.0,2025-01-01,85067645,FRRE03,1900-01-01 11:00:40,1900-01-01 11:22:46,GLOBE,28
1003,22149.0,2025-01-01,85067727,AERO07,1900-01-01 11:42:20,1900-01-01 11:42:02,GLOBE,28
1269,22139.0,2025-01-01,85055004,AERO07,1900-01-01 00:51:20,1900-01-01 00:53:35,GLOBE,28
1280,22087.0,2025-01-01,85055036,AERO07,1900-01-01 00:21:20,1900-01-01 00:20:22,GLOBE,28
1317,22149.0,2025-01-01,85067703,AERO07,1900-01-01 05:22:40,1900-01-01 05:23:58,GLOBE,28
1372,22087.0,2025-01-01,85055039,ESRT06,1900-01-01 00:51:20,1900-01-01 00:50:47,GLOBE,28
1378,22139.0,2025-01-01,85055003,ESRT06,1900-01-01 00:21:20,1900-01-01 00:21:24,GLOBE,28
1453,22147.0,2025-01-01,85072563,ESRT03,1900-01-01 20:57:00,1900-01-01 20:55:38,GLOBE,28
1459,22151.0,2025-01-01,85072572,ESRT06,1900-01-01 16:17:40,1900-01-01 16:21:27,GLOBE,28
1467,22147.0,2025-01-01,85067665,WTC01,1900-01-01 16:16:44,1900-01-01 16:15:05,GLOBE,28
1513,22149.0,2025-01-01,85067730,ESRT03,1900-01-01 12:11:20,1900-01-01 12:14:29,GLOBE,28
1526,22147.0,2025-01-01,85067669,AERO07,1900-01-01 17:19:00,1900-01-01 17:18:20,GLOBE,28
1527,22149.0,2025-01-01,85067707,AERO07,1900-01-01 06:36:20,1900-01-01 06:39:22,GLOBE,28
1528,22151.0,2025-01-01,85067755,AERO07,1900-01-01 18:50:20,1900-01-01 18:52:59,GLOBE,28
1529,22149.0,2025-01-01,85067710,ESRT06,1900-01-01 07:08:20,1900-01-01 07:07:07,GLOBE,28
1530,22149.0,2025-01-01,85067706,ESRT06,1900-01-01 06:08:00,1900-01-01 06:08:07,GLOBE,28
1531,22151.0,2025-01-01,85067734,ESRT06,1900-01-01 13:15:00,1900-01-01 13:14:28,GLOBE,28
1532,22087.0,2025-01-01,85067696,ESRT06,1900-01-01 23:56:40,1900-01-01 23:56:24,GLOBE,28
1533,22147.0,2025-01-01,85067672,ESRT06,1900-01-01 17:50:20,1900-01-01 17:50:42,GLOBE,28
1534,22147.0,2025-01-01,85067673,AERO07,1900-01-01 18:19:40,1900-01-01 18:21:31,GLOBE,28
1535,22087.0,2025-01-01,85067693,AERO07,1900-01-01 23:25:00,1900-01-01 23:22:55,GLOBE,28
1536,22149.0,2025-01-01,85067711,AERO07,1900-01-01 07:39:20,1900-01-01 07:41:01,GLOBE,28
1537,22151.0,2025-01-01,85067739,AERO07,1900-01-01 14:45:40,1900-01-01 14:46:19,GLOBE,28
1538,22147.0,2025-01-01,85067676,ESRT06,1900-01-01 18:52:20,1900-01-01 18:53:49,GLOBE,28
1539,22151.0,2025-01-01,85067762,ESRT06,1900-01-01 20:25:40,1900-01-01 20:27:55,GLOBE,28
1540,22151.0,2025-01-01,85067754,ESRT06,1900-01-01 18:21:20,1900-01-01 18:24:14,GLOBE,28
1541,22087.0,2025-01-01,85067692,ESRT06,1900-01-01 22:57:00,1900-01-01 22:59:32,GLOBE,28
1542,22149.0,2025-01-01,85067714,ESRT06,1900-01-01 08:09:00,1900-01-01 08:07:19,GLOBE,28
1543,22149.0,2025-01-01,85067715,AERO07,1900-01-01 08:37:40,1900-01-01 08:38:30,GLOBE,28
1544,22087.0,2025-01-01,85072486,ESRT06,1900-01-01 21:57:40,1900-01-01 21:58:58,GLOBE,28
1545,22149.0,2025-01-01,85067718,ESRT06,1900-01-01 09:09:00,1900-01-01 09:09:58,GLOBE,28
1546,22147.0,2025-01-01,85067677,AERO07,1900-01-01 19:20:40,1900-01-01 19:23:54,GLOBE,28
1547,22149.0,2025-01-01,85067723,AERO07,1900-01-01 10:40:00,1900-01-01 10:42:18,GLOBE,28
1548,22147.0,2025-01-01,85067680,ESRT06,1900-01-01 19:58:00,1900-01-01 19:57:01,GLOBE,28
1549,22087.0,2025-01-01,85067689,AERO07,1900-01-01 22:26:00,1900-01-01 22:25:59,GLOBE,28
1550,22147.0,2025-01-01,85067681,AERO07,1900-01-01 20:25:40,1900-01-01 20:27:14,GLOBE,28
1551,22149.0,2025-01-01,85067719,AERO07,1900-01-01 09:38:40,1900-01-01 09:38:15,GLOBE,28
1552,22087.0,2025-01-01,85067685,AERO07,1900-01-01 21:26:20,1900-01-01 21:25:34,GLOBE,28
1553,22149.0,2025-01-01,85067722,ESRT06,1900-01-01 10:09:40,1900-01-01 10:09:49,GLOBE,28
1554,22151.0,2025-01-01,85067775,AERO07,1900-01-01 23:53:00,1900-01-01 23:51:30,GLOBE,28
1555,22151.0,2025-01-01,85067774,ESRT06,1900-01-01 23:25:40,1900-01-01 23:23:19,GLOBE,28
1556,22147.0,2025-01-01,85067624,ESRT06,1900-01-01 05:37:40,1900-01-01 05:40:27,GLOBE,28
1557,22151.0,2025-01-01,85067771,AERO07,1900-01-01 22:54:00,1900-01-01 22:52:46,GLOBE,28
1558,22151.0,2025-01-01,85067770,ESRT06,1900-01-01 22:26:00,1900-01-01 22:25:26,GLOBE,28
1559,22147.0,2025-01-01,85067625,AERO07,1900-01-01 06:08:00,1900-01-01 06:12:48,GLOBE,28
1560,22147.0,2025-01-01,85067628,ESRT06,1900-01-01 06:38:20,1900-01-01 06:43:37,GLOBE,28
1561,22151.0,2025-01-01,85067750,ESRT06,1900-01-01 17:19:40,1900-01-01 17:22:51,GLOBE,28
1562,22151.0,2025-01-01,85067763,AERO07,1900-01-01 20:54:40,1900-01-01 20:54:05,GLOBE,28
1563,22147.0,2025-01-01,85067629,AERO07,1900-01-01 07:10:20,1900-01-01 07:10:09,GLOBE,28
1564,22151.0,2025-01-01,85067758,ESRT06,1900-01-01 19:25:20,1900-01-01 19:26:42,GLOBE,28
1565,22147.0,2025-01-01,85067632,ESRT06,1900-01-01 07:38:40,1900-01-01 07:38:49,GLOBE,28
1566,22147.0,2025-01-01,85067633,AERO07,1900-01-01 08:07:40,1900-01-01 08:07:37,GLOBE,28
1567,22151.0,2025-01-01,85067735,AERO07,1900-01-01 13:44:20,1900-01-01 13:45:31,GLOBE,28
1568,22151.0,2025-01-01,85067767,AERO07,1900-01-01 21:55:00,1900-01-01 21:53:02,GLOBE,28
1569,22147.0,2025-01-01,85067636,ESRT06,1900-01-01 08:38:00,1900-01-01 08:44:10,GLOBE,28
1570,22149.0,2025-01-01,85072565,AERO07,1900-01-01 04:46:00,1900-01-01 04:48:52,GLOBE,28
1571,22147.0,2025-01-01,85067637,AERO07,1900-01-01 09:08:00,1900-01-01 09:09:30,GLOBE,28
1572,22147.0,2025-01-01,85067640,ESRT06,1900-01-01 09:39:20,1900-01-01 09:42:42,GLOBE,28
1573,22147.0,2025-01-01,85067641,AERO07,1900-01-01 10:09:00,1900-01-01 10:09:05,GLOBE,28
1574,22147.0,2025-01-01,85067644,ESRT06,1900-01-01 10:39:40,1900-01-01 10:38:23,GLOBE,28
1575,22147.0,2025-01-01,85067652,ESRT06,1900-01-01 12:43:40,1900-01-01 12:44:39,GLOBE,28
1576,22151.0,2025-01-01,85067742,ESRT06,1900-01-01 15:16:00,1900-01-01 15:16:27,GLOBE,28
1577,22147.0,2025-01-01,85067653,AERO07,1900-01-01 13:14:20,1900-01-01 13:15:32,GLOBE,28
1578,22151.0,2025-01-01,85067743,AERO07,1900-01-01 15:47:00,1900-01-01 15:44:41,GLOBE,28
1579,22147.0,2025-01-01,85067656,ESRT06,1900-01-01 13:45:00,1900-01-01 13:47:28,GLOBE,28
1580,22147.0,2025-01-01,85067657,AERO07,1900-01-01 14:14:20,1900-01-01 14:12:54,GLOBE,28
1581,22147.0,2025-01-01,85067660,ESRT06,1900-01-01 14:45:00,1900-01-01 14:47:13,GLOBE,28
1582,22151.0,2025-01-01,85067747,AERO07,1900-01-01 16:48:00,1900-01-01 16:49:05,GLOBE,28
1583,22151.0,2025-01-01,85067751,AERO07,1900-01-01 17:50:00,1900-01-01 17:49:44,GLOBE,28
1584,22151.0,2025-01-01,85072571,ESRT06,1900-01-01 14:15:00,1900-01-01 14:14:40,GLOBE,28
1585,22151.0,2025-01-01,85067766,ESRT06,1900-01-01 21:25:40,1900-01-01 21:26:49,GLOBE,28
1586,22147.0,2025-01-01,85067661,AERO07,1900-01-01 15:15:40,1900-01-01 15:15:26,GLOBE,28
1587,22147.0,2025-01-01,85067664,ESRT06,1900-01-01 15:46:20,1900-01-01 15:49:51,GLOBE,28
1588,22151.0,2025-01-01,85067759,AERO07,1900-01-01 19:53:00,1900-01-01 19:52:39,GLOBE,28
1589,22147.0,2025-01-01,85067668,ESRT06,1900-01-01 16:48:40,1900-01-01 16:50:35,GLOBE,28
1590,22149.0,2025-01-01,85067726,ESRT06,1900-01-01 11:12:00,1900-01-01 11:13:24,GLOBE,28
1592,22155.0,2025-01-01,85068087,PMAR01,1900-01-01 14:13:00,1900-01-01 14:14:25,Genève-Tours,31
1595,22155.0,2025-01-01,85072595,PRSM00,1900-01-01 21:55:00,1900-01-01 21:46:14,Genève-Tours,31
1605,22065.0,2025-01-01,85068140,PRSM00,1900-01-01 23:55:00,1900-01-01 23:46:54,Genève-Tours,31
1611,22095.0,2025-01-01,85055766,PRSM00,1900-01-01 00:44:00,1900-01-01 00:46:35,Genève-Tours,31
1615,22153.0,2025-01-01,85068060,PRSM00,1900-01-01 08:53:00,1900-01-01 08:48:05,Genève-Tours,31
1618,22153.0,2025-01-01,85072582,PRSM00,1900-01-01 22:55:00,1900-01-01 22:49:34,Genève-Tours,31
1620,22153.0,2025-01-01,85072579,PRSM00,1900-01-01 08:53:00,1900-01-01 08:50:01,Genève-Tours,31
2260,22065.0,2025-01-01,85068059,STRC01,1900-01-01 08:42:51,1900-01-01 08:42:31,Genève-Tours,31
2261,22153.0,2025-01-01,85068063,PRSM00,1900-01-01 10:41:40,1900-01-01 10:44:07,Genève-Tours,31
2262,22153.0,2025-01-01,85068102,PRSM00,1900-01-01 18:45:20,1900-01-01 18:48:34,Genève-Tours,31
2263,22155.0,2025-01-01,85068082,PMAR01,1900-01-01 12:12:20,1900-01-01 12:12:54,Genève-Tours,31
2264,22065.0,2025-01-01,85068056,PMAR01,1900-01-01 07:10:20,1900-01-01 07:11:30,Genève-Tours,31
2265,22155.0,2025-01-01,85068110,PMAR01,1900-01-01 16:13:20,1900-01-01 16:14:20,Genève-Tours,31
2266,22155.0,2025-01-01,85068078,PMAR01,1900-01-01 10:11:40,1900-01-01 10:12:13,Genève-Tours,31
2267,22155.0,2025-01-01,85068085,PRSM00,1900-01-01 13:42:20,1900-01-01 13:43:46,Genève-Tours,31
2268,22153.0,2025-01-01,85068124,PMAR01,1900-01-01 21:12:40,1900-01-01 21:13:02,Genève-Tours,31
2269,22155.0,2025-01-01,85068109,PRSM00,1900-01-01 15:45:40,1900-01-01 15:48:06,Genève-Tours,31
2270,22155.0,2025-01-01,85068118,PMAR01,1900-01-01 20:12:40,1900-01-01 20:13:22,Genève-Tours,31
2271,22065.0,2025-01-01,85068055,PRSM00,1900-01-01 06:42:40,1900-01-01 06:43:54,Genève-Tours,31
2272,22153.0,2025-01-01,85068090,PRSM00,1900-01-01 12:42:20,1900-01-01 12:42:34,Genève-Tours,31
2273,22155.0,2025-01-01,85068081,PRSM00,1900-01-01 11:43:20,1900-01-01 11:43:06,Genève-Tours,31
2274,22153.0,2025-01-01,85068098,PRSM00,1900-01-01 16:45:40,1900-01-01 16:48:14,Genève-Tours,31
2275,22153.0,2025-01-01,85072576,PMAR01,1900-01-01 00:13:00,1900-01-01 00:12:06,Genève-Tours,31
2276,22153.0,2025-01-01,85068127,PRSM00,1900-01-01 22:45:20,1900-01-01 22:48:58,Genève-Tours,31
2277,22153.0,2025-01-01,85068123,PRSM00,1900-01-01 20:45:00,1900-01-01 20:46:27,Genève-Tours,31
2278,22155.0,2025-01-01,85068077,PRSM00,1900-01-01 09:42:00,1900-01-01 09:42:46,Genève-Tours,31
2279,22153.0,2025-01-01,85068099,PMAR01,1900-01-01 17:13:00,1900-01-01 17:15:39,Genève-Tours,31
2280,22095.0,2025-01-01,85055765,PRSM00,1900-01-01 00:44:20,1900-01-01 00:46:01,Genève-Tours,31
2281,22153.0,2025-01-01,85072580,PMAR01,1900-01-01 09:10:20,1900-01-01 09:10:59,Genève-Tours,31
2282,22153.0,2025-01-01,85068095,PMAR01,1900-01-01 15:13:00,1900-01-01 15:15:01,Genève-Tours,31
2283,21969.0,2025-01-01,85068128,PMAR01,1900-01-01 23:13:00,1900-01-01 23:10:00,Genève-Tours,31
2284,22155.0,2025-01-01,85068086,PMAR01,1900-01-01 14:13:00,1900-01-01 14:14:12,Genève-Tours,31
2285,22155.0,2025-01-01,85068070,PMAR01,1900-01-01 06:10:20,1900-01-01 06:11:27,Genève-Tours,31
2286,22153.0,2025-01-01,85068103,PMAR01,1900-01-01 19:12:40,1900-01-01 19:13:58,Genève-Tours,31
2287,22153.0,2025-01-01,85068091,PMAR01,1900-01-01 13:12:40,1900-01-01 13:12:58,Genève-Tours,31
2288,22153.0,2025-01-01,85068094,PRSM00,1900-01-01 14:46:00,1900-01-01 14:47:19,Genève-Tours,31
2289,22155.0,2025-01-01,85068074,PMAR01,1900-01-01 08:10:20,1900-01-01 08:11:42,Genève-Tours,31
2290,22155.0,2025-01-01,85068073,PRSM00,1900-01-01 07:42:40,1900-01-01 07:42:14,Genève-Tours,31
2291,22065.0,2025-01-01,85068139,PRSM00,1900-01-01 23:44:20,1900-01-01 23:46:31,Genève-Tours,31
2292,22155.0,2025-01-01,85068114,PMAR01,1900-01-01 18:13:00,1900-01-01 18:13:40,Genève-Tours,31
2293,22155.0,2025-01-01,85068135,PRSM00,1900-01-01 21:45:00,1900-01-01 21:45:30,Genève-Tours,31
2294,22153.0,2025-01-01,85068064,PMAR01,1900-01-01 11:10:40,1900-01-01 11:12:10,Genève-Tours,31
2295,22155.0,2025-01-01,85068113,PRSM00,1900-01-01 17:45:20,1900-01-01 17:46:27,Genève-Tours,31
2296,22065.0,2025-01-01,85068136,PMAR01,1900-01-01 22:13:00,1900-01-01 22:14:12,Genève-Tours,31
2297,22065.0,2025-01-01,85068052,PMAR01,1900-01-01 05:10:20,1900-01-01 05:10:31,Genève-Tours,31
2298,22155.0,2025-01-01,85068117,PRSM00,1900-01-01 19:44:40,1900-01-01 19:46:10,Genève-Tours,31
2299,22065.0,2025-01-01,85068015,PRSM05,1900-01-01 18:55:00,1900-01-01 18:58:26,Genève-Tours,32
2313,22154.0,2025-01-01,85072589,PRSM00,1900-01-01 17:46:00,1900-01-01 17:21:06,Genève-Tours,32
2315,22065.0,2025-01-01,85072456,PRSM00,1900-01-01 21:42:00,1900-01-01 21:39:09,Genève-Tours,32
2318,22155.0,2025-01-01,85067989,PRSM00,1900-01-01 05:55:00,1900-01-01 05:40:31,Genève-Tours,32
2319,22055.0,2025-01-01,85072435,TRNT98,1900-01-01 15:57:36,1900-01-01 16:51:21,Genève-Tours,32
2322,22107.0,2025-01-01,85055528,PRSM00,1900-01-01 00:56:00,1900-01-01 00:54:15,Genève-Tours,32
2330,22153.0,2025-01-01,85068047,PRSM00,1900-01-01 23:53:00,1900-01-01 23:49:59,Genève-Tours,32
2332,21969.0,2025-01-01,85068045,PRSM00,1900-01-01 22:47:00,1900-01-01 22:38:44,Genève-Tours,32
2333,21969.0,2025-01-01,85068037,PRSM05,1900-01-01 20:54:00,1900-01-01 20:54:07,Genève-Tours,32
2376,22095.0,2025-01-01,85055533,DPGETR00,1900-01-01 04:51:00,1900-01-01 04:36:46,Genève-Tours,32
2547,22055.0,2025-01-01,85072436,PRSM05,1900-01-01 16:54:20,1900-01-01 16:59:14,Genève-Tours,32
2971,22055.0,2025-01-01,85068022,CBGE96,1900-01-01 16:45:20,1900-01-01 16:45:05,Genève-Tours,32
2986,22155.0,2025-01-01,85067988,PRSM00,1900-01-01 05:39:40,1900-01-01 05:39:25,Genève-Tours,32
3041,22065.0,2025-01-01,85068041,JUMR01,1900-01-01 21:01:00,1900-01-01 21:03:11,Genève-Tours,32
3044,22065.0,2025-01-01,85067999,JUMR01,1900-01-01 11:31:00,1900-01-01 11:30:14,Genève-Tours,32
3047,21969.0,2025-01-01,85068043,JUMR01,1900-01-01 22:09:00,1900-01-01 22:06:28,Genève-Tours,32
3048,22153.0,2025-01-01,85072575,JUMR01,1900-01-01 23:14:00,1900-01-01 23:16:50,Genève-Tours,32
3052,22154.0,2025-01-01,85068005,JUMR01,1900-01-01 12:15:00,1900-01-01 12:17:16,Genève-Tours,32
3064,22065.0,2025-01-01,85067997,JUMR01,1900-01-01 10:27:40,1900-01-01 10:28:26,Genève-Tours,32
3072,22065.0,2025-01-01,85067998,PRSM00,1900-01-01 10:59:00,1900-01-01 10:57:55,Genève-Tours,32
3075,22095.0,2025-01-01,85055529,PRSM00,1900-01-01 02:13:20,1900-01-01 02:13:43,Genève-Tours,32
3076,22065.0,2025-01-01,85068042,PRSM00,1900-01-01 21:37:00,1900-01-01 21:38:53,Genève-Tours,32
3078,22065.0,2025-01-01,85068000,PRSM05,1900-01-01 12:03:00,1900-01-01 12:06:51,Genève-Tours,32
3081,21969.0,2025-01-01,85068044,PRSM00,1900-01-01 22:39:00,1900-01-01 22:37:41,Genève-Tours,32
3083,22153.0,2025-01-01,85068046,PRSM00,1900-01-01 23:47:00,1900-01-01 23:49:57,Genève-Tours,32
3090,22095.0,2025-01-01,85055531,PRSM00,1900-01-01 03:24:20,1900-01-01 03:22:57,Genève-Tours,32
3091,22107.0,2025-01-01,85055527,PRSM00,1900-01-01 00:51:00,1900-01-01 00:54:09,Genève-Tours,32
3092,22154.0,2025-01-01,85068006,PRSM05,1900-01-01 12:54:00,1900-01-01 12:57:45,Genève-Tours,32
3129,21969.0,2025-01-01,85068035,MONN00,1900-01-01 20:18:00,1900-01-01 20:14:48,Genève-Tours,32
3131,22055.0,2025-01-01,85068250,MONN00,1900-01-01 19:18:00,1900-01-01 19:18:16,Genève-Tours,32
3133,22065.0,2025-01-01,85068013,MONN00,1900-01-01 18:18:20,1900-01-01 18:21:30,Genève-Tours,32
3135,22154.0,2025-01-01,85068009,MONN00,1900-01-01 15:18:00,1900-01-01 15:20:55,Genève-Tours,32
3136,22055.0,2025-01-01,85068021,MONN00,1900-01-01 16:18:00,1900-01-01 16:17:24,Genève-Tours,32
3137,22065.0,2025-01-01,85068027,MONN00,1900-01-01 14:17:40,1900-01-01 14:18:44,Genève-Tours,32
3141,21969.0,2025-01-01,85068031,MONN00,1900-01-01 17:18:00,1900-01-01 17:15:32,Genève-Tours,32
3142,22065.0,2025-01-01,85068028,PRSM04,1900-01-01 14:54:20,1900-01-01 14:54:39,Genève-Tours,32
3145,22065.0,2025-01-01,85068014,PRSM05,1900-01-01 18:55:00,1900-01-01 18:58:22,Genève-Tours,32
3147,21969.0,2025-01-01,85068032,PRSM05,1900-01-01 17:54:40,1900-01-01 17:55:18,Genève-Tours,32
3148,22154.0,2025-01-01,85068010,PRSM05,1900-01-01 15:54:20,1900-01-01 15:57:36,Genève-Tours,32
3150,22055.0,2025-01-01,85068251,PRSM05,1900-01-01 19:55:00,1900-01-01 19:55:31,Genève-Tours,32
3151,21969.0,2025-01-01,85068036,PRSM05,1900-01-01 20:54:00,1900-01-01 20:53:57,Genève-Tours,32
3162,22095.0,2025-01-01,85072517,JUMR01,1900-01-01 01:27:00,1900-01-01 01:31:00,Genève-Tours,32
3163,22095.0,2025-01-01,85055530,JUMR01,1900-01-01 02:53:00,1900-01-01 02:54:02,Genève-Tours,32
3167,22095.0,2025-01-01,85055532,MONN00,1900-01-01 04:03:00,1900-01-01 04:02:48,Genève-Tours,32
3179,22153.0,2025-01-01,85068066,RIVE04,1900-01-01 11:35:00,1900-01-01 11:38:25,Genève-Tours,33
3188,22153.0,2025-01-01,85068105,RIVE04,1900-01-01 19:36:00,1900-01-01 19:38:02,Genève-Tours,33
3206,22155.0,2025-01-01,85068120,RIVE04,1900-01-01 20:36:00,1900-01-01 20:40:13,Genève-Tours,33
3213,22107.0,2025-01-01,85055773,PMAR01,1900-01-01 03:43:00,1900-01-01 03:51:51,Genève-Tours,33
4118,22155.0,2025-01-01,85068072,PMAR00,1900-01-01 07:25:40,1900-01-01 07:27:06,Genève-Tours,33
4119,21969.0,2025-01-01,85068129,RIVE04,1900-01-01 23:33:40,1900-01-01 23:32:14,Genève-Tours,33
4120,22153.0,2025-01-01,85068125,RIVE04,1900-01-01 21:34:20,1900-01-01 21:34:49,Genève-Tours,33
4121,22065.0,2025-01-01,85068054,PMAR00,1900-01-01 06:27:00,1900-01-01 06:27:58,Genève-Tours,33
4122,22055.0,2025-01-01,85055752,RIVE04,1900-01-01 03:09:40,1900-01-01 03:12:13,Genève-Tours,33
4123,22153.0,2025-01-01,85068126,PMAR00,1900-01-01 22:28:40,1900-01-01 22:31:12,Genève-Tours,33
4124,22065.0,2025-01-01,85068138,PMAR00,1900-01-01 23:28:00,1900-01-01 23:30:15,Genève-Tours,33
4125,22107.0,2025-01-01,85055769,RIVE04,1900-01-01 02:09:40,1900-01-01 02:18:17,Genève-Tours,33
4126,22153.0,2025-01-01,85068092,RIVE04,1900-01-01 13:35:00,1900-01-01 13:37:24,Genève-Tours,33
4127,22155.0,2025-01-01,85068111,RIVE04,1900-01-01 16:38:00,1900-01-01 16:43:19,Genève-Tours,33
4128,22155.0,2025-01-01,85068119,RIVE04,1900-01-01 20:35:40,1900-01-01 20:39:28,Genève-Tours,33
4129,22155.0,2025-01-01,85068076,PMAR00,1900-01-01 09:25:40,1900-01-01 09:24:37,Genève-Tours,33
4130,22095.0,2025-01-01,85055764,PMAR00,1900-01-01 00:28:20,1900-01-01 00:28:24,Genève-Tours,33
4131,22155.0,2025-01-01,85068075,RIVE04,1900-01-01 08:32:40,1900-01-01 08:35:16,Genève-Tours,33
4132,22155.0,2025-01-01,85068083,RIVE04,1900-01-01 12:35:40,1900-01-01 12:39:25,Genève-Tours,33
4133,22153.0,2025-01-01,85068065,RIVE04,1900-01-01 11:34:40,1900-01-01 11:37:20,Genève-Tours,33
4134,22153.0,2025-01-01,85068061,RIVE04,1900-01-01 09:33:40,1900-01-01 09:35:25,Genève-Tours,33
4135,22155.0,2025-01-01,85068108,PMAR00,1900-01-01 15:26:40,1900-01-01 15:28:28,Genève-Tours,33
4136,22155.0,2025-01-01,85068080,PMAR00,1900-01-01 11:24:20,1900-01-01 11:25:19,Genève-Tours,33
4137,22155.0,2025-01-01,85068115,RIVE04,1900-01-01 18:37:40,1900-01-01 18:41:16,Genève-Tours,33
4138,22153.0,2025-01-01,85068093,PMAR00,1900-01-01 14:26:40,1900-01-01 14:29:42,Genève-Tours,33
4139,22153.0,2025-01-01,85068101,PMAR00,1900-01-01 18:26:20,1900-01-01 18:29:58,Genève-Tours,33
4140,22055.0,2025-01-01,85055748,RIVE04,1900-01-01 00:33:20,1900-01-01 00:39:38,Genève-Tours,33
4141,22065.0,2025-01-01,85068058,PMAR00,1900-01-01 08:28:20,1900-01-01 08:28:41,Genève-Tours,33
4142,22155.0,2025-01-01,85068112,PMAR00,1900-01-01 17:26:20,1900-01-01 17:28:48,Genève-Tours,33
4143,22155.0,2025-01-01,85068084,PMAR00,1900-01-01 13:24:40,1900-01-01 13:24:13,Genève-Tours,33
4144,22155.0,2025-01-01,85068079,RIVE04,1900-01-01 10:35:00,1900-01-01 10:35:21,Genève-Tours,33
4146,22153.0,2025-01-01,85068096,RIVE04,1900-01-01 15:38:00,1900-01-01 15:41:21,Genève-Tours,33
4147,22065.0,2025-01-01,85068137,RIVE04,1900-01-01 22:34:40,1900-01-01 22:38:12,Genève-Tours,33
4148,22065.0,2025-01-01,85068053,RIVE04,1900-01-01 05:31:00,1900-01-01 05:31:25,Genève-Tours,33
4149,22155.0,2025-01-01,85068116,PMAR00,1900-01-01 19:26:40,1900-01-01 19:26:20,Genève-Tours,33
4151,22153.0,2025-01-01,85068089,PMAR00,1900-01-01 12:24:00,1900-01-01 12:25:15,Genève-Tours,33
4152,22153.0,2025-01-01,85068097,PMAR00,1900-01-01 16:25:20,1900-01-01 16:28:45,Genève-Tours,33
4153,22153.0,2025-01-01,85068122,PMAR00,1900-01-01 20:26:00,1900-01-01 20:28:23,Genève-Tours,33
4155,22153.0,2025-01-01,85068062,PMAR00,1900-01-01 10:25:00,1900-01-01 10:26:41,Genève-Tours,33
4156,22065.0,2025-01-01,85068057,RIVE04,1900-01-01 07:33:00,1900-01-01 07:35:42,Genève-Tours,33
4157,22153.0,2025-01-01,85068104,RIVE04,1900-01-01 19:35:20,1900-01-01 19:37:16,Genève-Tours,33
4158,22155.0,2025-01-01,85068071,RIVE04,1900-01-01 06:31:20,1900-01-01 06:31:49,Genève-Tours,33
4159,22153.0,2025-01-01,85068100,RIVE04,1900-01-01 17:38:00,1900-01-01 17:41:23,Genève-Tours,33
4160,22155.0,2025-01-01,85068134,PMAR00,1900-01-01 21:27:40,1900-01-01 21:29:09,Genève-Tours,33
4167,22055.0,2025-01-01,85055751,PMAR01,1900-01-01 02:42:40,1900-01-01 02:51:41,Genève-Tours,33
4168,22107.0,2025-01-01,85055768,PMAR01,1900-01-01 01:42:40,1900-01-01 01:51:11,Genève-Tours,33
4169,22107.0,2025-01-01,85055772,PMAR01,1900-01-01 03:42:40,1900-01-01 03:49:37,Genève-Tours,33
4170,22092.0,2025-01-01,85068188,COCH01,1900-01-01 14:34:00,1900-01-01 14:36:09,Genève-Tours,34
4171,22093.0,2025-01-01,85068168,COCH01,1900-01-01 06:31:00,1900-01-01 06:38:56,Genève-Tours,34
4172,22092.0,2025-01-01,85068189,COCHST,1900-01-01 14:53:00,1900-01-01 14:40:47,Genève-Tours,34
4178,22093.0,2025-01-01,85068171,CHLX01,1900-01-01 07:20:00,1900-01-01 07:21:04,Genève-Tours,34
4183,22093.0,2025-01-01,85068184,COCHST,1900-01-01 12:53:00,1900-01-01 12:51:42,Genève-Tours,34
4184,22093.0,2025-01-01,85068183,COCH01,1900-01-01 12:35:00,1900-01-01 12:37:02,Genève-Tours,34
4185,22093.0,2025-01-01,85068173,COCH01,1900-01-01 08:33:00,1900-01-01 08:36:46,Genève-Tours,34
4191,22092.0,2025-01-01,85068191,CHLX01,1900-01-01 15:19:00,1900-01-01 15:18:47,Genève-Tours,34
4194,22093.0,2025-01-01,85068178,COCH01,1900-01-01 10:34:00,1900-01-01 10:36:32,Genève-Tours,34
4202,22092.0,2025-01-01,85068147,COCH01,1900-01-01 07:33:00,1900-01-01 07:33:57,Genève-Tours,34
4207,22092.0,2025-01-01,85068146,CHLXST,1900-01-01 07:10:00,1900-01-01 06:25:46,Genève-Tours,34
4210,22092.0,2025-01-01,85068225,COCH01,1900-01-01 20:33:00,1900-01-01 20:35:02,Genève-Tours,34
4214,22093.0,2025-01-01,85068208,CHLXST,1900-01-01 21:10:00,1900-01-01 21:09:46,Genève-Tours,34
4215,22093.0,2025-01-01,85068209,COCH01,1900-01-01 21:33:00,1900-01-01 21:33:10,Genève-Tours,34
4216,22093.0,2025-01-01,85068210,COCHST,1900-01-01 21:52:00,1900-01-01 21:36:36,Genève-Tours,34
4217,22093.0,2025-01-01,85068211,COCH00,1900-01-01 21:53:00,1900-01-01 21:51:23,Genève-Tours,34
4219,22093.0,2025-01-01,85068205,COCHST,1900-01-01 19:53:00,1900-01-01 19:37:51,Genève-Tours,34
4220,22092.0,2025-01-01,85068215,COCH01,1900-01-01 16:35:00,1900-01-01 16:36:40,Genève-Tours,34
4221,22092.0,2025-01-01,85068216,COCHST,1900-01-01 16:53:00,1900-01-01 16:38:52,Genève-Tours,34
4222,22093.0,2025-01-01,85072497,CHLX01,1900-01-01 13:19:00,1900-01-01 13:18:36,Genève-Tours,34
4226,22092.0,2025-01-01,85068220,COCH01,1900-01-01 18:34:00,1900-01-01 18:33:43,Genève-Tours,34
4230,22092.0,2025-01-01,85068150,CHLX01,1900-01-01 08:18:00,1900-01-01 08:18:05,Genève-Tours,34
4234,22093.0,2025-01-01,85068199,COCH01,1900-01-01 17:35:00,1900-01-01 17:38:57,Genève-Tours,34
4241,22092.0,2025-01-01,85068155,CHLX01,1900-01-01 10:19:00,1900-01-01 10:18:47,Genève-Tours,34
4246,22094.0,2025-01-01,85068165,CHLX01,1900-01-01 14:19:00,1900-01-01 14:21:38,Genève-Tours,34
4252,22092.0,2025-01-01,85068230,COCH01,1900-01-01 22:33:00,1900-01-01 22:31:48,Genève-Tours,34
4254,22094.0,2025-01-01,85068160,CHLX01,1900-01-01 12:20:00,1900-01-01 12:20:33,Genève-Tours,34
4255,22094.0,2025-01-01,85068162,COCH01,1900-01-01 13:35:00,1900-01-01 13:36:42,Genève-Tours,34
4257,22092.0,2025-01-01,85068233,CHLX01,1900-01-01 23:16:00,1900-01-01 23:14:10,Genève-Tours,34
4258,22092.0,2025-01-01,85068231,COCHST,1900-01-01 22:52:00,1900-01-01 22:47:13,Genève-Tours,34
4259,22093.0,2025-01-01,85068197,CHLX01,1900-01-01 16:19:00,1900-01-01 16:18:30,Genève-Tours,34
4260,22093.0,2025-01-01,85068194,COCHST,1900-01-01 15:36:00,1900-01-01 15:46:02,Genève-Tours,34
4264,22093.0,2025-01-01,85068207,CHLXST,1900-01-01 20:20:00,1900-01-01 20:21:15,Genève-Tours,34
4265,22093.0,2025-01-01,85068169,COCH00,1900-01-01 06:56:00,1900-01-01 06:55:36,Genève-Tours,34
4268,22093.0,2025-01-01,85068193,VLON01,1900-01-01 15:31:20,1900-01-01 15:41:43,Genève-Tours,34
4270,22094.0,2025-01-01,85068163,COCH00,1900-01-01 13:54:00,1900-01-01 13:54:40,Genève-Tours,34
4277,22092.0,2025-01-01,85068186,CHLXST,1900-01-01 13:20:00,1900-01-01 14:07:50,Genève-Tours,34
4278,22092.0,2025-01-01,85068145,CHLXST,1900-01-01 06:20:00,1900-01-01 06:21:57,Genève-Tours,34
4281,22092.0,2025-01-01,85068185,CHLX01,1900-01-01 13:19:00,1900-01-01 14:07:09,Genève-Tours,34
4283,22093.0,2025-01-01,85068204,COCHST,1900-01-01 19:35:00,1900-01-01 19:37:43,Genève-Tours,34
4287,22093.0,2025-01-01,85068181,CHLXST,1900-01-01 11:20:00,1900-01-01 11:18:25,Genève-Tours,34
4291,22092.0,2025-01-01,85068228,CHLXST,1900-01-01 21:19:00,1900-01-01 21:16:18,Genève-Tours,34
4292,22093.0,2025-01-01,85068203,CHLX00,1900-01-01 19:11:00,1900-01-01 18:22:43,Genève-Tours,34
4294,22093.0,2025-01-01,85068202,CHLXST,1900-01-01 18:20:00,1900-01-01 18:22:09,Genève-Tours,34
4296,22093.0,2025-01-01,85068176,CHLXST,1900-01-01 09:19:00,1900-01-01 09:19:55,Genève-Tours,34
4297,22092.0,2025-01-01,85068152,COCHST,1900-01-01 09:35:00,1900-01-01 09:36:17,Genève-Tours,34
4298,22092.0,2025-01-01,85068153,COCH00,1900-01-01 09:54:00,1900-01-01 09:54:47,Genève-Tours,34
4299,22092.0,2025-01-01,85068148,COCH00,1900-01-01 07:54:00,1900-01-01 07:53:54,Genève-Tours,34
4302,22094.0,2025-01-01,85068158,COCH00,1900-01-01 11:54:00,1900-01-01 11:54:51,Genève-Tours,34
4304,22092.0,2025-01-01,85068223,CHLXST,1900-01-01 19:20:00,1900-01-01 19:17:27,Genève-Tours,34
4305,22094.0,2025-01-01,85068157,COCHST,1900-01-01 11:36:00,1900-01-01 11:36:42,Genève-Tours,34
4316,22094.0,2025-01-01,85072511,CHLXST,1900-01-01 10:20:00,1900-01-01 11:02:43,Genève-Tours,34
4317,22093.0,2025-01-01,85072504,CHLXST,1900-01-01 18:20:00,1900-01-01 19:06:33,Genève-Tours,34
4318,22093.0,2025-01-01,85072503,CHLX01,1900-01-01 18:19:20,1900-01-01 19:05:41,Genève-Tours,34
4321,22093.0,2025-01-01,85072500,COCH01,1900-01-01 15:35:20,1900-01-01 15:45:29,Genève-Tours,34
4920,22093.0,2025-01-01,85068180,CHVR01,1900-01-01 11:18:24,1900-01-01 11:17:38,Genève-Tours,34
4921,22092.0,2025-01-01,85068217,CHVR01,1900-01-01 17:20:20,1900-01-01 17:17:04,Genève-Tours,34
4931,22092.0,2025-01-01,85068154,CHVR01,1900-01-01 10:18:04,1900-01-01 10:18:16,Genève-Tours,34
4952,22093.0,2025-01-01,85068170,CHLX01,1900-01-01 07:20:20,1900-01-01 07:20:55,Genève-Tours,34
4953,22094.0,2025-01-01,85072513,CLVP01,1900-01-01 15:34:19,1900-01-01 15:37:45,Genève-Tours,34
4954,22093.0,2025-01-01,85068201,CHLX01,1900-01-01 18:19:20,1900-01-01 18:21:25,Genève-Tours,34
4955,22092.0,2025-01-01,85068149,CHLX01,1900-01-01 08:18:00,1900-01-01 08:17:59,Genève-Tours,34
4957,22093.0,2025-01-01,85068175,CHLX01,1900-01-01 09:18:00,1900-01-01 09:19:00,Genève-Tours,34
4959,22092.0,2025-01-01,85068222,CHLX01,1900-01-01 19:19:20,1900-01-01 19:17:01,Genève-Tours,34
4962,22093.0,2025-01-01,85072496,CHLX01,1900-01-01 13:19:00,1900-01-01 13:18:32,Genève-Tours,34
4965,22094.0,2025-01-01,85068164,CHLX01,1900-01-01 14:19:00,1900-01-01 14:21:28,Genève-Tours,34
4966,22092.0,2025-01-01,85068227,CHLX01,1900-01-01 21:18:00,1900-01-01 21:15:19,Genève-Tours,34
4970,22093.0,2025-01-01,85068196,CHLX01,1900-01-01 16:19:20,1900-01-01 16:18:18,Genève-Tours,34
4971,22092.0,2025-01-01,85068190,CHLX01,1900-01-01 15:19:20,1900-01-01 15:18:24,Genève-Tours,34
4972,22092.0,2025-01-01,85068144,CHLX01,1900-01-01 06:19:00,1900-01-01 06:21:03,Genève-Tours,34
4973,22093.0,2025-01-01,85072508,CHLX01,1900-01-01 22:16:00,1900-01-01 22:14:36,Genève-Tours,34
4974,22094.0,2025-01-01,85068159,CHLX01,1900-01-01 12:19:40,1900-01-01 12:20:29,Genève-Tours,34
4975,22093.0,2025-01-01,85068206,CHLX01,1900-01-01 20:19:20,1900-01-01 20:20:06,Genève-Tours,34
4981,22092.0,2025-01-01,85068232,CHLX01,1900-01-01 23:16:00,1900-01-01 23:14:04,Genève-Tours,34
4982,22094.0,2025-01-01,85068156,COCH01,1900-01-01 11:35:20,1900-01-01 11:35:50,Genève-Tours,34
4983,22092.0,2025-01-01,85068214,COCH01,1900-01-01 16:35:20,1900-01-01 16:36:35,Genève-Tours,34
4984,22093.0,2025-01-01,85072505,COCH01,1900-01-01 19:34:20,1900-01-01 19:36:35,Genève-Tours,34
4985,22094.0,2025-01-01,85068161,COCH01,1900-01-01 13:35:00,1900-01-01 13:36:36,Genève-Tours,34
4986,22092.0,2025-01-01,85068219,COCH01,1900-01-01 18:34:40,1900-01-01 18:33:20,Genève-Tours,34
4987,22093.0,2025-01-01,85068198,COCH01,1900-01-01 17:35:40,1900-01-01 17:38:50,Genève-Tours,34
4988,22093.0,2025-01-01,85072507,COCH01,1900-01-01 21:33:00,1900-01-01 21:33:06,Genève-Tours,34
4989,22092.0,2025-01-01,85068229,COCH01,1900-01-01 22:33:00,1900-01-01 22:31:43,Genève-Tours,34
4990,22092.0,2025-01-01,85072490,COCH01,1900-01-01 07:33:20,1900-01-01 07:33:51,Genève-Tours,34
4991,22092.0,2025-01-01,85068224,COCH01,1900-01-01 20:33:40,1900-01-01 20:34:31,Genève-Tours,34
4992,22093.0,2025-01-01,85068182,COCH01,1900-01-01 12:35:00,1900-01-01 12:36:34,Genève-Tours,34
4993,22092.0,2025-01-01,85068151,COCH01,1900-01-01 09:34:20,1900-01-01 09:35:21,Genève-Tours,34
4994,22092.0,2025-01-01,85068187,COCH01,1900-01-01 14:34:00,1900-01-01 14:36:03,Genève-Tours,34
4995,22093.0,2025-01-01,85068177,COCH01,1900-01-01 10:34:40,1900-01-01 10:36:25,Genève-Tours,34
4996,22093.0,2025-01-01,85068172,COCH01,1900-01-01 08:33:20,1900-01-01 08:36:34,Genève-Tours,34
4997,22093.0,2025-01-01,85068167,COCH01,1900-01-01 06:31:40,1900-01-01 06:33:26,Genève-Tours,34
5001,22055.0,2025-01-01,85068256,PRSM05,1900-01-01 22:22:00,1900-01-01 22:16:10,Genève-Tours,37
5003,22065.0,2025-01-01,85068003,PRSM00,1900-01-01 13:20:00,1900-01-01 13:20:13,Genève-Tours,37
5008,22153.0,2025-01-01,85068240,PRSM05,1900-01-01 08:26:00,1900-01-01 08:20:25,Genève-Tours,37
5020,22055.0,2025-01-01,85068025,PRSM00,1900-01-01 18:20:00,1900-01-01 18:18:40,Genève-Tours,37
5028,22154.0,2025-01-01,85068244,PRSM05,1900-01-01 10:26:00,1900-01-01 10:20:49,Genève-Tours,37
5062,20983.0,2025-01-01,85056019,DPGETR00,1900-01-01 01:24:00,1900-01-01 01:15:15,Genève-Tours,37
5787,21969.0,2025-01-01,85068034,PRSM00,1900-01-01 19:20:40,1900-01-01 19:18:14,Genève-Tours,37
5788,22154.0,2025-01-01,85068007,LULI00,1900-01-01 13:43:00,1900-01-01 13:47:45,Genève-Tours,37
5789,22065.0,2025-01-01,85068040,PRSM00,1900-01-01 20:20:00,1900-01-01 20:21:15,Genève-Tours,37
5790,22065.0,2025-01-01,85068002,PRSM00,1900-01-01 13:20:00,1900-01-01 13:20:08,Genève-Tours,37
5791,21969.0,2025-01-01,85068033,LULI00,1900-01-01 18:43:40,1900-01-01 18:43:49,Genève-Tours,37
5792,22155.0,2025-01-01,85068259,PRSM05,1900-01-01 00:15:40,1900-01-01 00:16:30,Genève-Tours,37
5793,22153.0,2025-01-01,85068237,PRSM05,1900-01-01 07:19:20,1900-01-01 07:20:34,Genève-Tours,37
5794,22065.0,2025-01-01,85068001,LULI00,1900-01-01 12:43:20,1900-01-01 12:43:50,Genève-Tours,37
5795,22154.0,2025-01-01,85068008,PRSM00,1900-01-01 14:20:20,1900-01-01 14:22:15,Genève-Tours,37
5796,22154.0,2025-01-01,85068242,LULI00,1900-01-01 09:47:00,1900-01-01 09:47:39,Genève-Tours,37
5797,22154.0,2025-01-01,85072587,LULI00,1900-01-01 08:46:40,1900-01-01 08:46:57,Genève-Tours,37
5798,22155.0,2025-01-01,85072596,LULI00,1900-01-01 22:43:00,1900-01-01 22:45:36,Genève-Tours,37
5799,22153.0,2025-01-01,85068236,LULI00,1900-01-01 06:46:20,1900-01-01 06:49:32,Genève-Tours,37
5800,22065.0,2025-01-01,85068039,LULI00,1900-01-01 19:43:20,1900-01-01 19:45:30,Genève-Tours,37
5801,22055.0,2025-01-01,85068253,PRSM05,1900-01-01 21:16:40,1900-01-01 21:15:16,Genève-Tours,37
5802,22153.0,2025-01-01,85068239,PRSM05,1900-01-01 08:19:00,1900-01-01 08:20:14,Genève-Tours,37
5803,22154.0,2025-01-01,85068012,PRSM00,1900-01-01 17:20:40,1900-01-01 17:21:06,Genève-Tours,37
5804,22055.0,2025-01-01,85068019,LULI00,1900-01-01 14:43:00,1900-01-01 14:43:29,Genève-Tours,37
5805,20983.0,2025-01-01,85056018,LULI00,1900-01-01 00:42:40,1900-01-01 00:41:19,Genève-Tours,37
5806,22055.0,2025-01-01,85068020,PRSM00,1900-01-01 15:21:00,1900-01-01 15:20:14,Genève-Tours,37
5807,22154.0,2025-01-01,85068241,PRSM05,1900-01-01 09:19:20,1900-01-01 09:19:14,Genève-Tours,37
5808,21969.0,2025-01-01,85068030,PRSM00,1900-01-01 16:20:40,1900-01-01 16:18:40,Genève-Tours,37
5809,21969.0,2025-01-01,85068029,LULI00,1900-01-01 15:43:20,1900-01-01 15:43:54,Genève-Tours,37
5810,22153.0,2025-01-01,85068238,LULI00,1900-01-01 07:46:40,1900-01-01 07:50:01,Genève-Tours,37
5811,22155.0,2025-01-01,85068257,PRSM05,1900-01-01 23:16:00,1900-01-01 23:17:49,Genève-Tours,37
5812,22055.0,2025-01-01,85068254,LULI00,1900-01-01 21:43:00,1900-01-01 21:43:58,Genève-Tours,37
5813,22153.0,2025-01-01,85068235,PRSM05,1900-01-01 06:04:20,1900-01-01 06:05:46,Genève-Tours,37
5814,22155.0,2025-01-01,85068258,LULI00,1900-01-01 23:43:00,1900-01-01 23:46:02,Genève-Tours,37
5815,22055.0,2025-01-01,85068024,PRSM00,1900-01-01 18:20:20,1900-01-01 18:18:17,Genève-Tours,37
5816,22055.0,2025-01-01,85068023,LULI00,1900-01-01 17:43:20,1900-01-01 17:44:14,Genève-Tours,37
5817,22055.0,2025-01-01,85068252,LULI00,1900-01-01 20:43:20,1900-01-01 20:43:49,Genève-Tours,37
5818,22055.0,2025-01-01,85068255,PRSM05,1900-01-01 22:16:00,1900-01-01 22:15:39,Genève-Tours,37
5819,22154.0,2025-01-01,85068011,LULI00,1900-01-01 16:43:40,1900-01-01 16:45:59,Genève-Tours,37
5820,22154.0,2025-01-01,85068243,PRSM05,1900-01-01 10:19:20,1900-01-01 10:19:50,Genève-Tours,37
5831,22064.0,2025-01-01,85068288,HERM01,1900-01-01 18:07:00,1900-01-01 18:07:46,Genève-Tours,38
5841,22064.0,2025-01-01,85068276,HERM01,1900-01-01 12:05:00,1900-01-01 12:03:52,Genève-Tours,38
5845,22054.0,2025-01-01,85068303,DPGET200,1900-01-01 05:14:00,1900-01-01 04:50:56,Genève-Tours,38
5866,22054.0,2025-01-01,85068262,DPGET200,1900-01-01 05:10:00,1900-01-01 04:42:02,Genève-Tours,38
5867,22064.0,2025-01-01,85072452,DPGET200,1900-01-01 05:14:00,1900-01-01 05:01:29,Genève-Tours,38
5871,22064.0,2025-01-01,85068296,HERM01,1900-01-01 22:05:00,1900-01-01 22:08:14,Genève-Tours,38
5882,22064.0,2025-01-01,85068266,FAVR03,1900-01-01 07:03:00,1900-01-01 07:05:09,Genève-Tours,38
5903,22064.0,2025-01-01,85068270,FAVR04,1900-01-01 09:05:00,1900-01-01 09:02:47,Genève-Tours,38
5907,22064.0,2025-01-01,85068292,HERM02,1900-01-01 20:06:00,1900-01-01 20:07:29,Genève-Tours,38
5908,22064.0,2025-01-01,85056060,FAVR04,1900-01-01 00:04:00,1900-01-01 00:01:32,Genève-Tours,38
5914,22054.0,2025-01-01,85068329,FAVR04,1900-01-01 18:05:00,1900-01-01 18:08:46,Genève-Tours,38
5915,22054.0,2025-01-01,85068337,FAVR04,1900-01-01 22:04:00,1900-01-01 22:06:54,Genève-Tours,38
5916,22064.0,2025-01-01,85068264,HERM02,1900-01-01 06:04:00,1900-01-01 06:07:44,Genève-Tours,38
5917,22054.0,2025-01-01,85068339,HERM02,1900-01-01 23:06:00,1900-01-01 23:09:05,Genève-Tours,38
5918,22064.0,2025-01-01,85068282,FAVR04,1900-01-01 15:05:00,1900-01-01 15:05:02,Genève-Tours,38
5922,22054.0,2025-01-01,85068321,FAVR04,1900-01-01 14:05:00,1900-01-01 14:03:22,Genève-Tours,38
5924,22064.0,2025-01-01,85068290,FAVR04,1900-01-01 19:04:00,1900-01-01 19:05:20,Genève-Tours,38
5925,22054.0,2025-01-01,85068313,FAVR04,1900-01-01 10:05:00,1900-01-01 10:03:35,Genève-Tours,38
5926,22064.0,2025-01-01,85068268,HERM02,1900-01-01 08:05:00,1900-01-01 08:06:55,Genève-Tours,38
5927,22064.0,2025-01-01,85068274,FAVR04,1900-01-01 11:04:00,1900-01-01 11:02:26,Genève-Tours,38
5928,22064.0,2025-01-01,85068294,FAVR04,1900-01-01 21:04:00,1900-01-01 21:05:16,Genève-Tours,38
5929,22054.0,2025-01-01,85068327,HERM02,1900-01-01 17:07:00,1900-01-01 17:07:43,Genève-Tours,38
5932,22064.0,2025-01-01,85068280,HERM02,1900-01-01 14:05:00,1900-01-01 14:09:46,Genève-Tours,38
5935,22054.0,2025-01-01,85068325,FAVR04,1900-01-01 16:05:00,1900-01-01 16:04:24,Genève-Tours,38
5936,22054.0,2025-01-01,85068335,HERM02,1900-01-01 21:06:00,1900-01-01 21:08:33,Genève-Tours,38
5938,22054.0,2025-01-01,85068317,FAVR04,1900-01-01 12:05:00,1900-01-01 12:01:52,Genève-Tours,38
5940,22064.0,2025-01-01,85068298,FAVR04,1900-01-01 23:04:00,1900-01-01 23:04:08,Genève-Tours,38
5945,22054.0,2025-01-01,85068323,HERM02,1900-01-01 15:05:00,1900-01-01 15:06:13,Genève-Tours,38
5946,22054.0,2025-01-01,85068309,FAVR04,1900-01-01 08:04:00,1900-01-01 08:02:41,Genève-Tours,38
5949,22054.0,2025-01-01,85068305,FAVR04,1900-01-01 06:04:00,1900-01-01 06:06:02,Genève-Tours,38
5950,22054.0,2025-01-01,85068331,HERM02,1900-01-01 19:07:00,1900-01-01 19:13:17,Genève-Tours,38
5953,22064.0,2025-01-01,85068272,HERM02,1900-01-01 10:06:00,1900-01-01 10:05:02,Genève-Tours,38
5954,22155.0,2025-01-01,85056119,DPGET200,1900-01-01 01:18:00,1900-01-01 01:17:46,Genève-Tours,38
5957,22054.0,2025-01-01,85068333,FAVR04,1900-01-01 20:05:00,1900-01-01 20:04:42,Genève-Tours,38
5958,22054.0,2025-01-01,85068315,HERM02,1900-01-01 11:06:00,1900-01-01 11:08:58,Genève-Tours,38
5959,22064.0,2025-01-01,85068286,FAVR04,1900-01-01 17:04:00,1900-01-01 17:06:24,Genève-Tours,38
5963,22054.0,2025-01-01,85068307,HERM02,1900-01-01 07:05:00,1900-01-01 07:06:42,Genève-Tours,38
5965,22155.0,2025-01-01,85056117,HERM02,1900-01-01 00:05:00,1900-01-01 00:10:23,Genève-Tours,38
5966,22064.0,2025-01-01,85068284,HERM02,1900-01-01 16:07:00,1900-01-01 16:09:14,Genève-Tours,38
5974,22054.0,2025-01-01,85068319,HERM02,1900-01-01 13:07:00,1900-01-01 13:05:28,Genève-Tours,38
5976,22064.0,2025-01-01,85068278,FAVR04,1900-01-01 13:05:00,1900-01-01 13:03:32,Genève-Tours,38
5977,22054.0,2025-01-01,85068311,HERM02,1900-01-01 09:05:00,1900-01-01 09:06:09,Genève-Tours,38
7523,22054.0,2025-01-01,85068316,CBGO01,1900-01-01 12:02:20,1900-01-01 12:00:50,Genève-Tours,38
7538,22064.0,2025-01-01,85068283,HERM01,1900-01-01 16:06:20,1900-01-01 16:07:16,Genève-Tours,38
7539,22064.0,2025-01-01,85068271,HERM01,1900-01-01 10:05:00,1900-01-01 10:04:31,Genève-Tours,38
7540,22064.0,2025-01-01,85068273,FAVR03,1900-01-01 11:02:40,1900-01-01 11:01:23,Genève-Tours,38
7541,22064.0,2025-01-01,85068291,HERM01,1900-01-01 20:05:20,1900-01-01 20:06:48,Genève-Tours,38
7542,22064.0,2025-01-01,85068293,FAVR03,1900-01-01 21:02:20,1900-01-01 21:04:11,Genève-Tours,38
7543,22064.0,2025-01-01,85068275,HERM01,1900-01-01 12:05:40,1900-01-01 12:03:48,Genève-Tours,38
7544,22064.0,2025-01-01,85068285,FAVR03,1900-01-01 17:02:40,1900-01-01 17:05:04,Genève-Tours,38
7545,22064.0,2025-01-01,85056061,HERM01,1900-01-01 01:03:20,1900-01-01 01:00:32,Genève-Tours,38
7546,22064.0,2025-01-01,85068287,HERM01,1900-01-01 18:07:20,1900-01-01 18:07:38,Genève-Tours,38
7547,22064.0,2025-01-01,85068289,FAVR03,1900-01-01 19:02:40,1900-01-01 19:04:45,Genève-Tours,38
7548,22064.0,2025-01-01,85068281,FAVR03,1900-01-01 15:03:20,1900-01-01 15:03:31,Genève-Tours,38
7549,22064.0,2025-01-01,85068297,FAVR03,1900-01-01 23:02:20,1900-01-01 23:03:12,Genève-Tours,38
7550,22064.0,2025-01-01,85068277,FAVR03,1900-01-01 13:03:00,1900-01-01 13:02:37,Genève-Tours,38
7551,22064.0,2025-01-01,85068295,HERM01,1900-01-01 22:05:20,1900-01-01 22:07:52,Genève-Tours,38
7552,22064.0,2025-01-01,85068279,HERM01,1900-01-01 14:04:40,1900-01-01 14:08:11,Genève-Tours,38
7553,22054.0,2025-01-01,85068308,FAVR03,1900-01-01 08:02:40,1900-01-01 08:01:56,Genève-Tours,38
7554,22054.0,2025-01-01,85068310,HERM01,1900-01-01 09:04:00,1900-01-01 09:05:21,Genève-Tours,38
7555,22054.0,2025-01-01,85068312,FAVR03,1900-01-01 10:03:00,1900-01-01 10:02:15,Genève-Tours,38
7556,22054.0,2025-01-01,85068306,HERM01,1900-01-01 07:04:00,1900-01-01 07:05:47,Genève-Tours,38
7557,22155.0,2025-01-01,85056118,FAVR03,1900-01-01 01:02:40,1900-01-01 00:59:31,Genève-Tours,38
7558,22064.0,2025-01-01,85068299,HERM01,1900-01-01 00:04:40,1900-01-01 00:05:06,Genève-Tours,38
7559,22064.0,2025-01-01,85068269,FAVR03,1900-01-01 09:03:00,1900-01-01 09:02:01,Genève-Tours,38
7560,22064.0,2025-01-01,85068267,HERM01,1900-01-01 08:04:00,1900-01-01 08:06:28,Genève-Tours,38
7561,22054.0,2025-01-01,85068304,FAVR03,1900-01-01 06:02:40,1900-01-01 06:05:03,Genève-Tours,38
7562,22054.0,2025-01-01,85068314,HERM01,1900-01-01 11:05:20,1900-01-01 11:08:25,Genève-Tours,38
7563,22064.0,2025-01-01,85068263,HERM01,1900-01-01 06:03:40,1900-01-01 06:06:48,Genève-Tours,38
7564,22064.0,2025-01-01,85068265,FAVR03,1900-01-01 07:03:00,1900-01-01 07:05:02,Genève-Tours,38
7565,22054.0,2025-01-01,85068318,HERM01,1900-01-01 13:06:40,1900-01-01 13:05:07,Genève-Tours,38
7566,22054.0,2025-01-01,85068320,FAVR03,1900-01-01 14:03:00,1900-01-01 14:02:26,Genève-Tours,38
7567,22054.0,2025-01-01,85068322,HERM01,1900-01-01 15:04:40,1900-01-01 15:05:36,Genève-Tours,38
7568,22054.0,2025-01-01,85068328,FAVR03,1900-01-01 18:03:20,1900-01-01 18:07:33,Genève-Tours,38
7569,22054.0,2025-01-01,85068330,HERM01,1900-01-01 19:06:20,1900-01-01 19:12:24,Genève-Tours,38
7570,22054.0,2025-01-01,85068324,FAVR03,1900-01-01 16:03:00,1900-01-01 16:03:26,Genève-Tours,38
7571,22054.0,2025-01-01,85068332,FAVR03,1900-01-01 20:03:00,1900-01-01 20:03:27,Genève-Tours,38
7572,22054.0,2025-01-01,85068326,HERM01,1900-01-01 17:06:40,1900-01-01 17:06:51,Genève-Tours,38
7573,22054.0,2025-01-01,85068340,FAVR03,1900-01-01 00:03:00,1900-01-01 00:02:48,Genève-Tours,38
7574,22054.0,2025-01-01,85068338,HERM01,1900-01-01 23:05:00,1900-01-01 23:08:35,Genève-Tours,38
7575,22054.0,2025-01-01,85068336,FAVR03,1900-01-01 22:02:40,1900-01-01 22:05:56,Genève-Tours,38
7576,22054.0,2025-01-01,85068334,HERM01,1900-01-01 21:05:20,1900-01-01 21:07:48,Genève-Tours,38
7578,22164.0,2025-01-01,85068459,TCAR01,1900-01-01 10:02:00,1900-01-01 10:01:37,ODIER,41
7582,22127.0,2025-01-01,85068463,TCAR01,1900-01-01 07:00:00,1900-01-01 07:11:52,ODIER,41
7588,22127.0,2025-01-01,85068469,TCAR01,1900-01-01 11:02:00,1900-01-01 11:01:12,ODIER,41
7594,22035.0,2025-01-01,85068509,TCAR01,1900-01-01 21:59:00,1900-01-01 22:00:48,ODIER,41
7617,21927.0,2025-01-01,85068487,TCAR01,1900-01-01 18:02:00,1900-01-01 18:03:34,ODIER,41
7648,20981.0,2025-01-01,85068498,TCAR01,1900-01-01 21:29:00,1900-01-01 21:29:42,ODIER,41
7650,20981.0,2025-01-01,85068497,CRGEST,1900-01-01 21:02:00,1900-01-01 21:04:42,ODIER,41
7652,21951.0,2025-01-01,85056353,DPODIE,1900-01-01 04:15:00,1900-01-01 04:09:06,ODIER,41
7656,22035.0,2025-01-01,85068491,DPODIE,1900-01-01 17:17:00,1900-01-01 17:08:28,ODIER,41
7657,21955.0,2025-01-01,85056447,DPODIE,1900-01-01 01:28:00,1900-01-01 01:25:12,ODIER,41
7664,22164.0,2025-01-01,85068455,CRGEST,1900-01-01 08:03:00,1900-01-01 08:01:04,ODIER,41
7668,22164.0,2025-01-01,85068453,TCAR04,1900-01-01 06:31:20,1900-01-01 06:00:27,ODIER,41
7672,22164.0,2025-01-01,85072599,TCAR01,1900-01-01 06:00:00,1900-01-01 06:17:51,ODIER,41
7675,22164.0,2025-01-01,85068475,DPODIE2,1900-01-01 14:22:00,1900-01-01 14:41:13,ODIER,41
7683,22127.0,2025-01-01,85068481,DPODIE2,1900-01-01 15:22:00,1900-01-01 15:22:35,ODIER,41
8479,21951.0,2025-01-01,85056352,PVEY02,1900-01-01 03:51:40,1900-01-01 03:54:08,ODIER,41
8480,21951.0,2025-01-01,85056350,PVEY02,1900-01-01 02:52:20,1900-01-01 02:52:56,ODIER,41
8485,21951.0,2025-01-01,85056351,TCAR01,1900-01-01 03:20:20,1900-01-01 03:21:49,ODIER,41
8487,21951.0,2025-01-01,85056349,TCAR01,1900-01-01 02:20:20,1900-01-01 02:20:51,ODIER,41
8496,21951.0,2025-01-01,85056348,PVEY02,1900-01-01 01:52:20,1900-01-01 01:58:05,ODIER,41
8845,22127.0,2025-01-01,85068461,FAVR99,1900-01-01 06:03:40,1900-01-01 06:03:42,ODIER,41
8862,22164.0,2025-01-01,85068472,TCAR01,1900-01-01 12:01:00,1900-01-01 12:01:32,ODIER,41
8863,20981.0,2025-01-01,85068500,TCAR01,1900-01-01 22:57:40,1900-01-01 22:58:38,ODIER,41
8864,22035.0,2025-01-01,85068508,TCAR01,1900-01-01 21:59:20,1900-01-01 22:00:30,ODIER,41
8865,22164.0,2025-01-01,85068471,FAVR99,1900-01-01 11:01:40,1900-01-01 11:02:08,ODIER,41
8866,22127.0,2025-01-01,85068466,TCAR01,1900-01-01 09:00:00,1900-01-01 08:57:01,ODIER,41
8867,22035.0,2025-01-01,85068512,TCAR01,1900-01-01 23:58:20,1900-01-01 23:57:21,ODIER,41
8868,20981.0,2025-01-01,85068499,FAVR99,1900-01-01 21:59:20,1900-01-01 21:59:12,ODIER,41
8869,22035.0,2025-01-01,85068506,TCAR01,1900-01-01 20:02:00,1900-01-01 20:01:59,ODIER,41
8870,21927.0,2025-01-01,85068486,TCAR01,1900-01-01 18:01:40,1900-01-01 18:02:54,ODIER,41
8871,21927.0,2025-01-01,85068485,FAVR99,1900-01-01 17:04:00,1900-01-01 17:02:46,ODIER,41
8872,20981.0,2025-01-01,85068493,FAVR99,1900-01-01 18:02:20,1900-01-01 18:01:09,ODIER,41
8873,22127.0,2025-01-01,85068477,FAVR99,1900-01-01 12:00:40,1900-01-01 12:00:26,ODIER,41
8874,22127.0,2025-01-01,85068480,TCAR01,1900-01-01 15:02:00,1900-01-01 15:03:11,ODIER,41
8875,21927.0,2025-01-01,85068484,TCAR01,1900-01-01 16:02:20,1900-01-01 16:03:29,ODIER,41
8876,21955.0,2025-01-01,85056446,FAVR99,1900-01-01 01:00:40,1900-01-01 01:02:21,ODIER,41
8877,22035.0,2025-01-01,85068511,FAVR99,1900-01-01 23:00:20,1900-01-01 23:00:40,ODIER,41
8878,22127.0,2025-01-01,85068479,FAVR99,1900-01-01 14:02:40,1900-01-01 14:03:43,ODIER,41
8879,22164.0,2025-01-01,85068473,FAVR99,1900-01-01 13:01:20,1900-01-01 13:02:35,ODIER,41
8880,22035.0,2025-01-01,85068507,FAVR99,1900-01-01 21:02:00,1900-01-01 21:01:03,ODIER,41
8881,22127.0,2025-01-01,85068467,FAVR99,1900-01-01 10:01:40,1900-01-01 10:00:51,ODIER,41
8882,20981.0,2025-01-01,85068501,FAVR99,1900-01-01 00:00:20,1900-01-01 23:59:53,ODIER,41
8883,20981.0,2025-01-01,85068494,TCAR01,1900-01-01 19:02:00,1900-01-01 19:01:38,ODIER,41
8884,21927.0,2025-01-01,85068483,FAVR99,1900-01-01 15:02:00,1900-01-01 15:00:59,ODIER,41
8885,22164.0,2025-01-01,85068474,TCAR01,1900-01-01 14:01:40,1900-01-01 14:03:12,ODIER,41
8886,22035.0,2025-01-01,85068490,TCAR01,1900-01-01 17:01:40,1900-01-01 17:03:16,ODIER,41
8887,22164.0,2025-01-01,85068452,TCAR01,1900-01-01 06:00:00,1900-01-01 05:59:46,ODIER,41
8888,22164.0,2025-01-01,85068457,FAVR99,1900-01-01 09:01:40,1900-01-01 09:01:03,ODIER,41
8889,22127.0,2025-01-01,85068478,TCAR01,1900-01-01 13:01:40,1900-01-01 13:03:31,ODIER,41
8890,22127.0,2025-01-01,85068462,TCAR01,1900-01-01 07:00:00,1900-01-01 07:00:07,ODIER,41
8891,21951.0,2025-01-01,85056347,TCAR01,1900-01-01 00:55:40,1900-01-01 01:00:06,ODIER,41
8892,22127.0,2025-01-01,85068468,TCAR01,1900-01-01 11:01:40,1900-01-01 11:00:18,ODIER,41
8893,22164.0,2025-01-01,85068458,TCAR01,1900-01-01 10:01:20,1900-01-01 10:01:30,ODIER,41
8894,20981.0,2025-01-01,85068495,FAVR99,1900-01-01 20:00:20,1900-01-01 19:59:17,ODIER,41
8895,22164.0,2025-01-01,85068454,TCAR01,1900-01-01 08:00:20,1900-01-01 07:59:44,ODIER,41
8896,22164.0,2025-01-01,85072600,FAVR99,1900-01-01 07:02:00,1900-01-01 07:01:06,ODIER,41
8897,22035.0,2025-01-01,85068489,FAVR99,1900-01-01 16:02:00,1900-01-01 16:01:51,ODIER,41
8898,22127.0,2025-01-01,85068465,FAVR99,1900-01-01 08:02:00,1900-01-01 08:02:29,ODIER,41
8899,20981.0,2025-01-01,85068496,TCAR01,1900-01-01 20:59:40,1900-01-01 21:02:56,ODIER,41
8900,22035.0,2025-01-01,85068505,FAVR99,1900-01-01 19:01:40,1900-01-01 19:01:03,ODIER,41
8916,22166.0,2025-01-01,85068879,LULY00,1900-01-01 10:24:00,1900-01-01 10:18:39,ODIER,47
8923,22008.0,2025-01-01,85057288,LULY00,1900-01-01 01:12:00,1900-01-01 01:11:56,ODIER,47
8965,22166.0,2025-01-01,85068883,LULY00,1900-01-01 11:54:00,1900-01-01 11:50:20,ODIER,47
9027,22173.0,2025-01-01,85057302,DPGLOB00,1900-01-01 00:58:00,1900-01-01 00:59:51,ODIER,47
9708,22166.0,2025-01-01,85072611,CRCO02,1900-01-01 12:05:40,1900-01-01 12:06:18,ODIER,47
9721,21970.0,2025-01-01,85068907,CRCO02,1900-01-01 21:04:40,1900-01-01 21:08:06,ODIER,47
9723,21971.0,2025-01-01,85068779,CRCO02,1900-01-01 14:35:20,1900-01-01 14:36:34,ODIER,47
9724,22046.0,2025-01-01,85068837,CRCO02,1900-01-01 15:35:40,1900-01-01 15:36:20,ODIER,47
9725,22046.0,2025-01-01,85068771,CRCO02,1900-01-01 11:35:20,1900-01-01 11:36:48,ODIER,47
9729,21970.0,2025-01-01,85068906,LULY06,1900-01-01 20:42:04,1900-01-01 20:42:18,ODIER,47
9730,22046.0,2025-01-01,85068755,CRCO02,1900-01-01 05:34:20,1900-01-01 05:35:05,ODIER,47
9731,22010.0,2025-01-01,85068829,CRCO02,1900-01-01 12:35:20,1900-01-01 12:34:28,ODIER,47
9732,22046.0,2025-01-01,85068767,CRCO02,1900-01-01 10:04:40,1900-01-01 10:05:49,ODIER,47
9736,21970.0,2025-01-01,85068911,CRCO02,1900-01-01 22:34:40,1900-01-01 22:34:15,ODIER,47
9737,21971.0,2025-01-01,85068783,CRCO02,1900-01-01 16:05:40,1900-01-01 16:08:56,ODIER,47
9739,22166.0,2025-01-01,85072607,CRCO02,1900-01-01 10:34:40,1900-01-01 10:36:43,ODIER,47
9742,22003.0,2025-01-01,85068791,CRCO02,1900-01-01 19:05:40,1900-01-01 19:05:47,ODIER,47
9743,22046.0,2025-01-01,85068833,CRCO02,1900-01-01 14:05:20,1900-01-01 14:05:55,ODIER,47
9744,22003.0,2025-01-01,85068795,CRCO02,1900-01-01 20:34:40,1900-01-01 20:35:32,ODIER,47
9745,22046.0,2025-01-01,85068759,CRCO02,1900-01-01 07:04:40,1900-01-01 07:04:36,ODIER,47
9747,22010.0,2025-01-01,85068821,CRCO02,1900-01-01 09:34:40,1900-01-01 09:34:49,ODIER,47
9749,21970.0,2025-01-01,85068915,CRCO02,1900-01-01 00:04:40,1900-01-01 00:04:55,ODIER,47
9751,22010.0,2025-01-01,85068825,CRCO02,1900-01-01 11:05:00,1900-01-01 11:04:23,ODIER,47
9753,22046.0,2025-01-01,85068763,CRCO02,1900-01-01 08:34:40,1900-01-01 08:34:20,ODIER,47
9755,22173.0,2025-01-01,85057301,LULY06,1900-01-01 00:42:26,1900-01-01 00:43:35,ODIER,47
9756,22003.0,2025-01-01,85068809,CRCO02,1900-01-01 05:04:20,1900-01-01 05:07:17,ODIER,47
9758,22008.0,2025-01-01,85068803,CRCO02,1900-01-01 23:34:40,1900-01-01 23:37:35,ODIER,47
9759,22194.0,2025-01-01,85068867,CRCO02,1900-01-01 06:04:40,1900-01-01 06:04:27,ODIER,47
9761,22010.0,2025-01-01,85068857,CRCO02,1900-01-01 23:04:40,1900-01-01 23:05:20,ODIER,47
9765,22194.0,2025-01-01,85068871,CRCO02,1900-01-01 07:33:40,1900-01-01 07:34:42,ODIER,47
9766,22003.0,2025-01-01,85068787,CRCO02,1900-01-01 17:35:40,1900-01-01 17:38:34,ODIER,47
9768,22058.0,2025-01-01,85068853,CRCO02,1900-01-01 21:34:40,1900-01-01 21:34:43,ODIER,47
9770,22166.0,2025-01-01,85068887,CRCO02,1900-01-01 13:35:20,1900-01-01 13:37:13,ODIER,47
9773,22057.0,2025-01-01,85057263,CRCO02,1900-01-01 00:35:00,1900-01-01 00:37:08,ODIER,47
9775,22008.0,2025-01-01,85068799,CRCO02,1900-01-01 22:04:40,1900-01-01 22:06:06,ODIER,47
9778,21971.0,2025-01-01,85068775,CRCO02,1900-01-01 13:05:20,1900-01-01 13:07:57,ODIER,47
9780,22058.0,2025-01-01,85068849,CRCO02,1900-01-01 20:04:40,1900-01-01 20:05:26,ODIER,47
9781,22003.0,2025-01-01,85068817,CRCO02,1900-01-01 08:04:40,1900-01-01 08:07:43,ODIER,47
9783,22003.0,2025-01-01,85068813,CRCO02,1900-01-01 06:34:40,1900-01-01 06:37:44,ODIER,47
9785,22046.0,2025-01-01,85068841,CRCO02,1900-01-01 17:05:40,1900-01-01 17:05:04,ODIER,47
9787,22194.0,2025-01-01,85068875,CRCO02,1900-01-01 09:04:40,1900-01-01 09:04:07,ODIER,47
9791,21970.0,2025-01-01,85068903,CRCO02,1900-01-01 19:35:20,1900-01-01 19:36:44,ODIER,47
9792,22058.0,2025-01-01,85068845,CRCO02,1900-01-01 18:35:40,1900-01-01 18:35:22,ODIER,47
9793,21971.0,2025-01-01,85068778,LULY00,1900-01-01 14:12:00,1900-01-01 14:16:30,ODIER,47
9794,21970.0,2025-01-01,85068910,LULY00,1900-01-01 22:14:00,1900-01-01 22:14:41,ODIER,47
9795,22194.0,2025-01-01,85068870,LULY00,1900-01-01 07:11:40,1900-01-01 07:12:31,ODIER,47
9796,22010.0,2025-01-01,85068820,LULY00,1900-01-01 09:12:00,1900-01-01 09:11:32,ODIER,47
9797,22166.0,2025-01-01,85068886,LULY00,1900-01-01 13:12:00,1900-01-01 13:12:03,ODIER,47
9798,22057.0,2025-01-01,85057262,LULY00,1900-01-01 00:12:40,1900-01-01 00:17:01,ODIER,47
9799,22046.0,2025-01-01,85068770,LULY00,1900-01-01 11:12:00,1900-01-01 11:13:39,ODIER,47
9800,22046.0,2025-01-01,85068762,LULY00,1900-01-01 08:12:00,1900-01-01 08:10:55,ODIER,47
9801,22010.0,2025-01-01,85068856,LULY00,1900-01-01 22:44:00,1900-01-01 22:43:33,ODIER,47
9802,22010.0,2025-01-01,85068828,LULY00,1900-01-01 12:12:00,1900-01-01 12:14:44,ODIER,47
9803,22166.0,2025-01-01,85068882,LULY00,1900-01-01 11:42:00,1900-01-01 11:42:14,ODIER,47
9804,21971.0,2025-01-01,85068782,LULY00,1900-01-01 15:42:20,1900-01-01 15:43:52,ODIER,47
9805,22003.0,2025-01-01,85068812,LULY00,1900-01-01 06:11:40,1900-01-01 06:14:15,ODIER,47
9806,22166.0,2025-01-01,85068878,LULY00,1900-01-01 10:12:00,1900-01-01 10:11:19,ODIER,47
9807,22046.0,2025-01-01,85068836,LULY00,1900-01-01 15:12:20,1900-01-01 15:12:17,ODIER,47
9808,22046.0,2025-01-01,85068758,LULY00,1900-01-01 06:41:40,1900-01-01 06:40:24,ODIER,47
9809,22058.0,2025-01-01,85068852,LULY00,1900-01-01 21:12:20,1900-01-01 21:12:12,ODIER,47
9810,22008.0,2025-01-01,85068798,LULY00,1900-01-01 21:44:00,1900-01-01 21:45:29,ODIER,47
9811,21970.0,2025-01-01,85068914,LULY00,1900-01-01 23:42:40,1900-01-01 23:43:39,ODIER,47
9812,22008.0,2025-01-01,85068802,LULY00,1900-01-01 23:13:40,1900-01-01 23:14:05,ODIER,47
9813,22194.0,2025-01-01,85068866,LULY00,1900-01-01 05:31:40,1900-01-01 05:30:22,ODIER,47
9814,22058.0,2025-01-01,85068844,LULY00,1900-01-01 18:12:20,1900-01-01 18:13:10,ODIER,47
9815,22003.0,2025-01-01,85068790,LULY00,1900-01-01 18:42:20,1900-01-01 18:41:46,ODIER,47
9816,22003.0,2025-01-01,85068786,LULY00,1900-01-01 17:12:20,1900-01-01 17:13:05,ODIER,47
9817,21970.0,2025-01-01,85068902,LULY00,1900-01-01 19:12:20,1900-01-01 19:14:06,ODIER,47
9818,22046.0,2025-01-01,85068832,LULY00,1900-01-01 13:42:00,1900-01-01 13:40:33,ODIER,47
9819,22046.0,2025-01-01,85068840,LULY00,1900-01-01 16:42:20,1900-01-01 16:41:19,ODIER,47
9820,21971.0,2025-01-01,85068774,LULY00,1900-01-01 12:42:00,1900-01-01 12:44:47,ODIER,47
9821,22008.0,2025-01-01,85057287,LULY00,1900-01-01 01:12:20,1900-01-01 01:11:52,ODIER,47
9822,22003.0,2025-01-01,85068816,LULY00,1900-01-01 07:42:00,1900-01-01 07:45:13,ODIER,47
9823,22003.0,2025-01-01,85068794,LULY00,1900-01-01 20:12:20,1900-01-01 20:14:51,ODIER,47
9824,22058.0,2025-01-01,85068848,LULY00,1900-01-01 19:42:20,1900-01-01 19:42:31,ODIER,47
9825,22194.0,2025-01-01,85068874,LULY00,1900-01-01 08:42:00,1900-01-01 08:42:01,ODIER,47
9826,22010.0,2025-01-01,85068824,LULY00,1900-01-01 10:42:00,1900-01-01 10:42:49,ODIER,47
9827,22046.0,2025-01-01,85068766,LULY00,1900-01-01 09:42:00,1900-01-01 09:42:50,ODIER,47
9845,22003.0,2025-01-01,85068793,ZIPL02,1900-01-01 19:40:00,1900-01-01 19:26:06,ODIER,48
9847,22046.0,2025-01-01,85068769,ZIPL02,1900-01-01 10:41:00,1900-01-01 10:26:01,ODIER,48
9857,22046.0,2025-01-01,85068843,ZIPL02,1900-01-01 17:40:00,1900-01-01 17:24:28,ODIER,48
9860,22046.0,2025-01-01,85072406,ZIPL03,1900-01-01 10:26:27,1900-01-01 10:29:23,ODIER,48
9863,22166.0,2025-01-01,85068881,ZIPL02,1900-01-01 11:11:00,1900-01-01 11:10:52,ODIER,48
9891,22003.0,2025-01-01,85072319,ZIPL03,1900-01-01 19:26:47,1900-01-01 19:34:10,ODIER,48
9895,22003.0,2025-01-01,85072320,ZIPL02,1900-01-01 19:40:00,1900-01-01 19:34:12,ODIER,48
9897,22003.0,2025-01-01,85072321,ZIPL03,1900-01-01 19:26:47,1900-01-01 19:34:27,ODIER,48
9898,22008.0,2025-01-01,85072348,ZIPL03,1900-01-01 20:56:08,1900-01-01 21:04:36,ODIER,48
9899,22003.0,2025-01-01,85072318,ZIPL02,1900-01-01 19:40:00,1900-01-01 19:28:44,ODIER,48
9907,22003.0,2025-01-01,85072322,ZIPL02,1900-01-01 19:40:00,1900-01-01 19:34:28,ODIER,48
9914,22046.0,2025-01-01,85072409,ZIPL02,1900-01-01 12:11:00,1900-01-01 11:56:55,ODIER,48
9919,22003.0,2025-01-01,85068819,ZIPL02,1900-01-01 08:42:00,1900-01-01 08:26:17,ODIER,48
9920,22003.0,2025-01-01,85072323,ZIPL03,1900-01-01 19:26:47,1900-01-01 19:34:41,ODIER,48
9922,22003.0,2025-01-01,85072324,ZIPL02,1900-01-01 19:40:00,1900-01-01 19:34:42,ODIER,48
9923,22003.0,2025-01-01,85072325,ZIPL03,1900-01-01 19:26:47,1900-01-01 19:35:18,ODIER,48
9925,22166.0,2025-01-01,85072606,LULY05,1900-01-01 09:54:20,1900-01-01 10:20:39,ODIER,48
9927,22057.0,2025-01-01,85057265,ZIPL02,1900-01-01 01:38:00,1900-01-01 00:57:55,ODIER,48
9928,22166.0,2025-01-01,85072610,LULY05,1900-01-01 11:23:20,1900-01-01 11:54:45,ODIER,48
9945,22166.0,2025-01-01,85068889,MANU02,1900-01-01 14:11:20,1900-01-01 13:54:47,ODIER,48
9967,22166.0,2025-01-01,85072608,ZIPL02,1900-01-01 10:57:00,1900-01-01 11:12:29,ODIER,48
9980,21971.0,2025-01-01,85068772,ZIPL02,1900-01-01 11:57:00,1900-01-01 12:00:54,ODIER,48
9999,22166.0,2025-01-01,85068876,ZIPL03,1900-01-01 09:26:08,1900-01-01 09:37:48,ODIER,48
10024,22010.0,2025-01-01,85068831,PFLE01,1900-01-01 13:11:53,1900-01-01 13:10:03,ODIER,48
10058,21971.0,2025-01-01,85068785,PFLE01,1900-01-01 16:41:33,1900-01-01 16:30:59,ODIER,48
10195,22008.0,2025-01-01,85068797,ARAR00,1900-01-01 21:15:11,1900-01-01 21:17:16,ODIER,48
10257,21970.0,2025-01-01,85068900,ZIPL02,1900-01-01 18:27:20,1900-01-01 18:37:34,ODIER,48
10866,22008.0,2025-01-01,85072350,CRCO05,1900-01-01 21:31:00,1900-01-01 21:32:26,ODIER,48
11273,21970.0,2025-01-01,85068908,ZIPL03,1900-01-01 21:26:08,1900-01-01 21:25:09,ODIER,48
11275,22194.0,2025-01-01,85072653,ZIPL03,1900-01-01 09:26:08,1900-01-01 09:24:29,ODIER,48
11276,22046.0,2025-01-01,85068768,ZIPL03,1900-01-01 10:26:27,1900-01-01 10:25:59,ODIER,48
11279,22003.0,2025-01-01,85068814,ZIPL03,1900-01-01 06:56:08,1900-01-01 06:57:56,ODIER,48
11283,21970.0,2025-01-01,85068904,ZIPL03,1900-01-01 19:56:28,1900-01-01 19:56:07,ODIER,48
11295,21971.0,2025-01-01,85068780,ZIPL03,1900-01-01 14:56:27,1900-01-01 14:56:01,ODIER,48
11296,22003.0,2025-01-01,85068796,ZIPL03,1900-01-01 20:56:08,1900-01-01 20:54:48,ODIER,48
11297,22010.0,2025-01-01,85068858,ZIPL03,1900-01-01 23:25:30,1900-01-01 23:24:14,ODIER,48
11299,22008.0,2025-01-01,85057285,ZIPL03,1900-01-01 00:24:51,1900-01-01 00:23:04,ODIER,48
11301,22046.0,2025-01-01,85068834,ZIPL03,1900-01-01 14:26:27,1900-01-01 14:24:27,ODIER,48
11303,21970.0,2025-01-01,85068913,CRCO03,1900-01-01 23:30:41,1900-01-01 23:31:43,ODIER,48
11308,22003.0,2025-01-01,85068810,ZIPL03,1900-01-01 05:25:48,1900-01-01 05:28:48,ODIER,48
11309,21970.0,2025-01-01,85068912,ZIPL03,1900-01-01 22:55:49,1900-01-01 22:54:40,ODIER,48
11311,22003.0,2025-01-01,85068792,ZIPL03,1900-01-01 19:26:47,1900-01-01 19:25:41,ODIER,48
11313,22008.0,2025-01-01,85068804,ZIPL03,1900-01-01 23:55:30,1900-01-01 23:57:12,ODIER,48
11314,22194.0,2025-01-01,85068872,ZIPL03,1900-01-01 07:55:28,1900-01-01 07:54:15,ODIER,48
11315,22046.0,2025-01-01,85068756,ZIPL03,1900-01-01 05:55:48,1900-01-01 05:55:31,ODIER,48
11319,22058.0,2025-01-01,85068846,ZIPL03,1900-01-01 18:56:47,1900-01-01 18:53:34,ODIER,48
11320,21970.0,2025-01-01,85068909,CRCO03,1900-01-01 22:00:38,1900-01-01 22:00:20,ODIER,48
11321,22008.0,2025-01-01,85068800,ZIPL03,1900-01-01 22:25:49,1900-01-01 22:29:04,ODIER,48
11324,22003.0,2025-01-01,85068818,ZIPL03,1900-01-01 08:26:08,1900-01-01 08:25:48,ODIER,48
11333,22058.0,2025-01-01,85068854,ZIPL03,1900-01-01 21:56:08,1900-01-01 21:53:41,ODIER,48
11335,22166.0,2025-01-01,85068880,ZIPL03,1900-01-01 10:56:27,1900-01-01 11:07:36,ODIER,48
11336,22003.0,2025-01-01,85068788,ZIPL03,1900-01-01 17:56:47,1900-01-01 17:58:27,ODIER,48
11338,22058.0,2025-01-01,85068850,ZIPL03,1900-01-01 20:26:28,1900-01-01 20:26:46,ODIER,48
11339,22194.0,2025-01-01,85068868,ZIPL03,1900-01-01 06:26:08,1900-01-01 06:23:59,ODIER,48
11341,22046.0,2025-01-01,85068838,ZIPL03,1900-01-01 15:56:27,1900-01-01 15:55:01,ODIER,48
11344,22010.0,2025-01-01,85072356,CRCO05,1900-01-01 08:59:20,1900-01-01 08:59:54,ODIER,48
11346,22003.0,2025-01-01,85072317,CRCO05,1900-01-01 16:59:00,1900-01-01 16:59:52,ODIER,48
11347,22010.0,2025-01-01,85068859,CRCO05,1900-01-01 00:01:40,1900-01-01 00:02:01,ODIER,48
11348,22166.0,2025-01-01,85068885,CRCO05,1900-01-01 12:59:40,1900-01-01 12:59:45,ODIER,48
11349,22046.0,2025-01-01,85068761,CRCO05,1900-01-01 07:59:00,1900-01-01 07:59:48,ODIER,48
11350,22194.0,2025-01-01,85068873,CRCO05,1900-01-01 08:29:00,1900-01-01 08:31:02,ODIER,48
11351,22194.0,2025-01-01,85068869,CRCO05,1900-01-01 06:58:20,1900-01-01 06:59:52,ODIER,48
11352,22046.0,2025-01-01,85068757,CRCO05,1900-01-01 06:28:20,1900-01-01 06:30:11,ODIER,48
11353,22058.0,2025-01-01,85072448,CRCO05,1900-01-01 17:59:00,1900-01-01 18:01:41,ODIER,48
11354,22046.0,2025-01-01,85068842,ZIPL02,1900-01-01 17:27:20,1900-01-01 17:24:25,ODIER,48
11355,21971.0,2025-01-01,85068776,ZIPL02,1900-01-01 13:27:00,1900-01-01 13:29:28,ODIER,48
11356,22008.0,2025-01-01,85068801,CRCO05,1900-01-01 23:01:40,1900-01-01 23:02:45,ODIER,48
11357,22046.0,2025-01-01,85068835,CRCO05,1900-01-01 14:59:40,1900-01-01 14:58:57,ODIER,48
11358,22046.0,2025-01-01,85072407,CRCO05,1900-01-01 10:59:00,1900-01-01 11:01:34,ODIER,48
11359,22166.0,2025-01-01,85072609,CRCO05,1900-01-01 11:29:00,1900-01-01 11:30:25,ODIER,48
11360,21970.0,2025-01-01,85068901,CRCO05,1900-01-01 18:59:00,1900-01-01 18:59:55,ODIER,48
11361,22046.0,2025-01-01,85072408,ZIPL02,1900-01-01 11:57:00,1900-01-01 11:56:49,ODIER,48
11362,22010.0,2025-01-01,85068827,CRCO05,1900-01-01 11:59:00,1900-01-01 12:00:31,ODIER,48
11363,22046.0,2025-01-01,85068839,CRCO05,1900-01-01 16:29:00,1900-01-01 16:28:20,ODIER,48
11364,22046.0,2025-01-01,85068760,ZIPL02,1900-01-01 07:26:40,1900-01-01 07:28:38,ODIER,48
11365,21971.0,2025-01-01,85068781,CRCO05,1900-01-01 15:29:00,1900-01-01 15:29:51,ODIER,48
11366,22046.0,2025-01-01,85072412,CRCO05,1900-01-01 13:29:40,1900-01-01 13:29:58,ODIER,48
11367,22010.0,2025-01-01,85068830,ZIPL02,1900-01-01 12:57:00,1900-01-01 12:55:08,ODIER,48
11368,22003.0,2025-01-01,85068789,CRCO05,1900-01-01 18:29:00,1900-01-01 18:30:03,ODIER,48
11369,21970.0,2025-01-01,85068905,CRCO05,1900-01-01 20:29:00,1900-01-01 20:30:02,ODIER,48
11370,22194.0,2025-01-01,85068865,CRCO05,1900-01-01 05:18:20,1900-01-01 05:19:00,ODIER,48
11371,22010.0,2025-01-01,85068826,ZIPL02,1900-01-01 11:27:00,1900-01-01 11:24:12,ODIER,48
11372,22057.0,2025-01-01,85057264,ZIPL02,1900-01-01 00:55:20,1900-01-01 00:56:22,ODIER,48
11373,22173.0,2025-01-01,85057300,CRCO05,1900-01-01 00:31:20,1900-01-01 00:33:22,ODIER,48
11374,21971.0,2025-01-01,85068773,CRCO05,1900-01-01 12:29:40,1900-01-01 12:31:49,ODIER,48
11375,22010.0,2025-01-01,85068822,ZIPL02,1900-01-01 09:57:00,1900-01-01 09:54:17,ODIER,48
11376,21971.0,2025-01-01,85068784,ZIPL02,1900-01-01 16:27:00,1900-01-01 16:29:54,ODIER,48
11377,22058.0,2025-01-01,85068847,CRCO05,1900-01-01 19:29:00,1900-01-01 19:29:57,ODIER,48
11378,22008.0,2025-01-01,85057286,CRCO05,1900-01-01 01:01:20,1900-01-01 01:02:47,ODIER,48
11379,22046.0,2025-01-01,85068764,ZIPL02,1900-01-01 08:56:40,1900-01-01 08:54:31,ODIER,48
11380,22010.0,2025-01-01,85068855,CRCO05,1900-01-01 22:30:40,1900-01-01 22:31:31,ODIER,48
11381,22003.0,2025-01-01,85072326,CRCO05,1900-01-01 19:59:00,1900-01-01 19:59:45,ODIER,48
11382,22003.0,2025-01-01,85068815,CRCO05,1900-01-01 07:28:20,1900-01-01 07:33:29,ODIER,48
11383,22166.0,2025-01-01,85068877,CRCO05,1900-01-01 09:59:40,1900-01-01 10:00:14,ODIER,48
11384,22166.0,2025-01-01,85068884,ZIPL02,1900-01-01 12:27:00,1900-01-01 12:41:59,ODIER,48
11385,22010.0,2025-01-01,85068823,CRCO05,1900-01-01 10:29:00,1900-01-01 10:29:53,ODIER,48
11386,22058.0,2025-01-01,85068851,CRCO05,1900-01-01 20:59:20,1900-01-01 21:01:12,ODIER,48
11387,22046.0,2025-01-01,85068765,CRCO05,1900-01-01 09:28:40,1900-01-01 09:31:02,ODIER,48
11388,22003.0,2025-01-01,85068811,CRCO05,1900-01-01 05:58:20,1900-01-01 06:02:10,ODIER,48
11389,22166.0,2025-01-01,85068888,ZIPL02,1900-01-01 13:57:00,1900-01-01 13:54:17,ODIER,48
11390,21971.0,2025-01-01,85068777,CRCO05,1900-01-01 13:59:40,1900-01-01 14:01:51,ODIER,48
11401,22137.0,2025-01-01,85057725,MERV00,1900-01-01 00:49:00,1900-01-01 00:47:28,GLOBE,51
11424,22002.0,2025-01-01,85069150,MERV00,1900-01-01 14:47:00,1900-01-01 14:43:38,GLOBE,51
11425,22002.0,2025-01-01,85069160,MERV00,1900-01-01 19:50:00,1900-01-01 19:47:34,GLOBE,51
11429,22002.0,2025-01-01,85086459,RIAN00,1900-01-01 19:46:54,1900-01-01 19:47:34,GLOBE,51
11431,22002.0,2025-01-01,85086457,RIAN00,1900-01-01 14:43:28,1900-01-01 14:43:38,GLOBE,51
11473,22002.0,2025-01-01,85086455,AIRE01,1900-01-01 11:03:40,1900-01-01 11:26:35,GLOBE,51
11701,22002.0,2025-01-01,85086456,MERV00,1900-01-01 11:42:20,1900-01-01 11:42:03,GLOBE,51
11714,22002.0,2025-01-01,85069143,CLIG01,1900-01-01 11:23:44,1900-01-01 11:25:33,GLOBE,51
12025,22002.0,2025-01-01,85086458,CREN00,1900-01-01 15:10:20,1900-01-01 15:09:07,GLOBE,51
12047,22002.0,2025-01-01,85069138,VEUS01,1900-01-01 09:02:06,1900-01-01 09:02:49,GLOBE,51
12050,22002.0,2025-01-01,85069149,RIAN00,1900-01-01 14:43:28,1900-01-01 14:43:14,GLOBE,51
12083,22002.0,2025-01-01,85069144,CREN00,1900-01-01 12:07:00,1900-01-01 12:00:52,GLOBE,51
12124,22002.0,2025-01-01,85069159,RIAN00,1900-01-01 19:46:54,1900-01-01 19:46:45,GLOBE,51
12126,22002.0,2025-01-01,85086460,CREN00,1900-01-01 20:12:20,1900-01-01 20:13:54,GLOBE,51
12138,22137.0,2025-01-01,85057724,MERV00,1900-01-01 00:49:20,1900-01-01 00:47:08,GLOBE,51
12157,22002.0,2025-01-01,85069158,CREN00,1900-01-01 19:13:20,1900-01-01 19:13:34,GLOBE,51
12163,22002.0,2025-01-01,85069162,CREN00,1900-01-01 21:17:40,1900-01-01 21:18:58,GLOBE,51
12164,22002.0,2025-01-01,85069166,CREN00,1900-01-01 23:16:00,1900-01-01 23:16:33,GLOBE,51
12166,22002.0,2025-01-01,85069140,CREN00,1900-01-01 10:04:40,1900-01-01 10:08:26,GLOBE,51
12167,22002.0,2025-01-01,85069168,CREN00,1900-01-01 00:15:20,1900-01-01 00:16:17,GLOBE,51
12168,22002.0,2025-01-01,85069164,CREN00,1900-01-01 22:17:40,1900-01-01 22:17:25,GLOBE,51
12171,22002.0,2025-01-01,85069152,CREN00,1900-01-01 16:11:20,1900-01-01 16:10:20,GLOBE,51
12172,22002.0,2025-01-01,85069142,CREN00,1900-01-01 11:06:00,1900-01-01 11:13:02,GLOBE,51
12174,22002.0,2025-01-01,85069136,CREN00,1900-01-01 08:01:20,1900-01-01 08:04:50,GLOBE,51
12176,22002.0,2025-01-01,85069154,CREN00,1900-01-01 17:12:20,1900-01-01 17:11:34,GLOBE,51
12179,22002.0,2025-01-01,85069134,CREN00,1900-01-01 07:01:00,1900-01-01 07:07:15,GLOBE,51
12180,22002.0,2025-01-01,85069156,CREN00,1900-01-01 18:13:20,1900-01-01 18:13:24,GLOBE,51
12183,22002.0,2025-01-01,85069146,CREN00,1900-01-01 13:07:00,1900-01-01 13:06:44,GLOBE,51
12184,22002.0,2025-01-01,85069148,CREN00,1900-01-01 14:08:40,1900-01-01 14:07:31,GLOBE,51
12201,22002.0,2025-01-01,85069139,MERV00,1900-01-01 09:41:00,1900-01-01 09:41:33,GLOBE,51
12202,22002.0,2025-01-01,85069137,MERV00,1900-01-01 08:40:20,1900-01-01 08:43:09,GLOBE,51
12203,22002.0,2025-01-01,85069141,MERV00,1900-01-01 10:41:40,1900-01-01 10:45:32,GLOBE,51
12204,22002.0,2025-01-01,85069153,MERV00,1900-01-01 16:47:00,1900-01-01 16:45:32,GLOBE,51
12205,22002.0,2025-01-01,85069151,MERV00,1900-01-01 15:46:00,1900-01-01 15:46:47,GLOBE,51
12206,22002.0,2025-01-01,85069161,MERV00,1900-01-01 20:49:00,1900-01-01 20:48:11,GLOBE,51
12207,22002.0,2025-01-01,85069163,MERV00,1900-01-01 21:51:20,1900-01-01 21:53:09,GLOBE,51
12208,22002.0,2025-01-01,85069133,MERV00,1900-01-01 06:39:40,1900-01-01 06:41:43,GLOBE,51
12209,22002.0,2025-01-01,85069167,MERV00,1900-01-01 23:48:40,1900-01-01 23:50:15,GLOBE,51
12210,22002.0,2025-01-01,85069145,MERV00,1900-01-01 12:42:20,1900-01-01 12:42:03,GLOBE,51
12211,22002.0,2025-01-01,85069155,MERV00,1900-01-01 17:48:00,1900-01-01 17:48:20,GLOBE,51
12212,22002.0,2025-01-01,85069165,MERV00,1900-01-01 22:50:20,1900-01-01 22:50:29,GLOBE,51
12213,22002.0,2025-01-01,85069135,MERV00,1900-01-01 07:39:40,1900-01-01 07:41:08,GLOBE,51
12214,22002.0,2025-01-01,85069157,MERV00,1900-01-01 18:48:40,1900-01-01 18:48:32,GLOBE,51
12215,22002.0,2025-01-01,85069147,MERV00,1900-01-01 13:43:40,1900-01-01 13:42:15,GLOBE,51
12236,22130.0,2025-01-01,85069197,BOSY00,1900-01-01 16:55:00,1900-01-01 16:56:46,ODIER,52
12238,20503.0,2025-01-01,85058198,BOSY00,1900-01-01 03:57:00,1900-01-01 03:59:59,ODIER,52
12301,20503.0,2025-01-01,85058191,BOSY00,1900-01-01 00:30:00,1900-01-01 00:30:50,ODIER,52
13166,20503.0,2025-01-01,85069212,SCHA00,1900-01-01 23:54:14,1900-01-01 23:54:37,ODIER,52
13172,22131.0,2025-01-01,85069176,SCHA00,1900-01-01 07:54:09,1900-01-01 07:54:57,ODIER,52
13174,22131.0,2025-01-01,85069180,SCHA00,1900-01-01 09:53:14,1900-01-01 09:54:41,ODIER,52
13179,22131.0,2025-01-01,85069184,SCHA00,1900-01-01 11:54:09,1900-01-01 11:55:31,ODIER,52
13181,22130.0,2025-01-01,85069194,SCHA00,1900-01-01 15:54:14,1900-01-01 15:56:46,ODIER,52
13185,20503.0,2025-01-01,85058193,SCHA00,1900-01-01 01:55:14,1900-01-01 01:57:43,ODIER,52
13188,22131.0,2025-01-01,85069185,RENN01,1900-01-01 12:24:18,1900-01-01 12:24:50,ODIER,52
13193,22131.0,2025-01-01,85069182,SCHA00,1900-01-01 10:54:04,1900-01-01 10:55:29,ODIER,52
13194,21927.0,2025-01-01,85057814,SCHA00,1900-01-01 00:54:14,1900-01-01 00:59:13,ODIER,52
13201,20503.0,2025-01-01,85058195,SCHA00,1900-01-01 02:55:54,1900-01-01 02:56:27,ODIER,52
13204,20503.0,2025-01-01,85069204,SCHA00,1900-01-01 19:54:34,1900-01-01 19:55:47,ODIER,52
13207,22131.0,2025-01-01,85069172,SCHA00,1900-01-01 05:53:29,1900-01-01 05:55:11,ODIER,52
13210,22131.0,2025-01-01,85069183,HGEN00,1900-01-01 11:24:40,1900-01-01 11:28:05,ODIER,52
13211,20503.0,2025-01-01,85069207,HGEN00,1900-01-01 21:24:20,1900-01-01 21:27:09,ODIER,52
13212,22131.0,2025-01-01,85069174,BOSY00,1900-01-01 06:55:00,1900-01-01 06:55:17,ODIER,52
13213,22130.0,2025-01-01,85069193,HGEN00,1900-01-01 15:25:20,1900-01-01 15:26:57,ODIER,52
13214,22130.0,2025-01-01,85069191,HGEN00,1900-01-01 14:25:20,1900-01-01 14:28:18,ODIER,52
13215,20503.0,2025-01-01,85069199,HGEN00,1900-01-01 17:25:00,1900-01-01 17:26:16,ODIER,52
13216,20503.0,2025-01-01,85069208,BOSY00,1900-01-01 21:55:40,1900-01-01 21:54:56,ODIER,52
13217,22131.0,2025-01-01,85069177,HGEN00,1900-01-01 08:24:00,1900-01-01 08:24:02,ODIER,52
13218,22130.0,2025-01-01,85069188,BOSY00,1900-01-01 12:56:00,1900-01-01 12:56:08,ODIER,52
13219,22130.0,2025-01-01,85069192,BOSY00,1900-01-01 14:55:40,1900-01-01 14:55:42,ODIER,52
13220,22131.0,2025-01-01,85069173,HGEN00,1900-01-01 06:23:40,1900-01-01 06:28:34,ODIER,52
13221,20503.0,2025-01-01,85069205,HGEN00,1900-01-01 20:24:40,1900-01-01 20:26:37,ODIER,52
13222,22131.0,2025-01-01,85069181,HGEN00,1900-01-01 10:25:00,1900-01-01 10:27:58,ODIER,52
13223,22130.0,2025-01-01,85069189,HGEN00,1900-01-01 13:24:40,1900-01-01 13:29:08,ODIER,52
13224,22131.0,2025-01-01,85069179,HGEN00,1900-01-01 09:23:40,1900-01-01 09:27:37,ODIER,52
13225,20503.0,2025-01-01,85069206,BOSY00,1900-01-01 20:56:40,1900-01-01 20:55:44,ODIER,52
13226,20503.0,2025-01-01,85069201,HGEN00,1900-01-01 18:24:20,1900-01-01 18:27:10,ODIER,52
13227,20503.0,2025-01-01,85058196,HGEN00,1900-01-01 03:24:20,1900-01-01 03:26:06,ODIER,52
13228,20503.0,2025-01-01,85069200,BOSY00,1900-01-01 17:55:20,1900-01-01 17:58:03,ODIER,52
13229,22130.0,2025-01-01,85069190,BOSY00,1900-01-01 13:54:40,1900-01-01 13:55:05,ODIER,52
13230,20503.0,2025-01-01,85058194,HGEN00,1900-01-01 02:24:40,1900-01-01 02:28:53,ODIER,52
13231,20503.0,2025-01-01,85058197,BOSY00,1900-01-01 03:57:00,1900-01-01 03:59:21,ODIER,52
13232,20503.0,2025-01-01,85069203,HGEN00,1900-01-01 19:24:00,1900-01-01 19:27:07,ODIER,52
13233,20503.0,2025-01-01,85069209,HGEN00,1900-01-01 22:23:40,1900-01-01 22:25:54,ODIER,52
13234,20503.0,2025-01-01,85069210,BOSY00,1900-01-01 22:56:20,1900-01-01 22:55:29,ODIER,52
13235,22130.0,2025-01-01,85069195,HGEN00,1900-01-01 16:25:00,1900-01-01 16:27:00,ODIER,52
13236,21927.0,2025-01-01,85057813,HGEN00,1900-01-01 00:24:00,1900-01-01 00:26:41,ODIER,52
13237,22131.0,2025-01-01,85069178,BOSY00,1900-01-01 08:54:20,1900-01-01 08:56:43,ODIER,52
13238,22130.0,2025-01-01,85069196,BOSY00,1900-01-01 16:55:00,1900-01-01 16:56:34,ODIER,52
13239,20503.0,2025-01-01,85069211,HGEN00,1900-01-01 23:23:40,1900-01-01 23:25:44,ODIER,52
13240,20503.0,2025-01-01,85058192,HGEN00,1900-01-01 01:24:40,1900-01-01 01:25:06,ODIER,52
13241,20503.0,2025-01-01,85069202,BOSY00,1900-01-01 18:56:00,1900-01-01 18:57:14,ODIER,52
13242,22131.0,2025-01-01,85069175,HGEN00,1900-01-01 07:24:00,1900-01-01 07:26:08,ODIER,52
13254,21927.0,2025-01-01,85057817,BOSY01,1900-01-01 01:57:00,1900-01-01 01:58:31,ODIER,55
13277,21927.0,2025-01-01,85057822,CHAV00,1900-01-01 03:32:00,1900-01-01 03:40:21,ODIER,55
13310,21927.0,2025-01-01,85057820,BOSY00,1900-01-01 02:58:00,1900-01-01 03:02:36,ODIER,55
13316,22038.0,2025-01-01,85069424,BOSY00,1900-01-01 22:32:00,1900-01-01 22:33:53,ODIER,55
13320,22038.0,2025-01-01,85069403,BOSY00,1900-01-01 15:32:00,1900-01-01 15:33:12,ODIER,55
13323,22038.0,2025-01-01,85069382,BOSY00,1900-01-01 08:30:00,1900-01-01 08:29:38,ODIER,55
13327,22038.0,2025-01-01,85069379,BOSY00,1900-01-01 07:30:00,1900-01-01 07:32:20,ODIER,55
13332,22038.0,2025-01-01,85069415,BOSY00,1900-01-01 19:31:00,1900-01-01 19:32:01,ODIER,55
13333,22038.0,2025-01-01,85069418,BOSY00,1900-01-01 20:32:00,1900-01-01 20:33:41,ODIER,55
13337,22038.0,2025-01-01,85069427,BOSY00,1900-01-01 23:33:00,1900-01-01 23:32:55,ODIER,55
13339,22038.0,2025-01-01,85069412,BOSY00,1900-01-01 18:32:00,1900-01-01 18:32:37,ODIER,55
13342,22038.0,2025-01-01,85069421,BOSY00,1900-01-01 21:32:00,1900-01-01 21:34:54,ODIER,55
13346,22038.0,2025-01-01,85069409,BOSY00,1900-01-01 17:32:00,1900-01-01 17:31:14,ODIER,55
13347,22038.0,2025-01-01,85069397,BOSY00,1900-01-01 13:32:00,1900-01-01 13:34:00,ODIER,55
13350,22038.0,2025-01-01,85069373,BOSY00,1900-01-01 05:30:00,1900-01-01 05:31:05,ODIER,55
13351,22038.0,2025-01-01,85069385,BOSY00,1900-01-01 09:30:00,1900-01-01 09:32:39,ODIER,55
13356,22038.0,2025-01-01,85069406,BOSY00,1900-01-01 16:32:00,1900-01-01 16:32:54,ODIER,55
13362,22038.0,2025-01-01,85069400,BOSY00,1900-01-01 14:32:00,1900-01-01 14:33:49,ODIER,55
13364,22038.0,2025-01-01,85069391,BOSY00,1900-01-01 11:31:00,1900-01-01 11:31:23,ODIER,55
13367,22038.0,2025-01-01,85069394,BOSY00,1900-01-01 12:31:00,1900-01-01 12:31:41,ODIER,55
13368,22038.0,2025-01-01,85069388,BOSY00,1900-01-01 10:31:00,1900-01-01 10:31:08,ODIER,55
13370,22038.0,2025-01-01,85069376,BOSY00,1900-01-01 06:30:00,1900-01-01 06:31:31,ODIER,55
14077,22038.0,2025-01-01,85069411,BOSY01,1900-01-01 18:31:20,1900-01-01 18:32:12,ODIER,55
14078,22038.0,2025-01-01,85069396,BOSY01,1900-01-01 13:31:00,1900-01-01 13:33:37,ODIER,55
14079,21927.0,2025-01-01,85057815,CHAV00,1900-01-01 01:32:40,1900-01-01 01:37:36,ODIER,55
14080,22038.0,2025-01-01,85069401,CHAV00,1900-01-01 15:03:20,1900-01-01 15:05:08,ODIER,55
14081,22038.0,2025-01-01,85069381,BOSY01,1900-01-01 08:29:20,1900-01-01 08:29:10,ODIER,55
14082,22038.0,2025-01-01,85069402,BOSY01,1900-01-01 15:31:00,1900-01-01 15:32:46,ODIER,55
14083,22038.0,2025-01-01,85069375,BOSY01,1900-01-01 06:29:40,1900-01-01 06:31:10,ODIER,55
14084,22038.0,2025-01-01,85069423,BOSY01,1900-01-01 22:31:40,1900-01-01 22:33:31,ODIER,55
14085,22038.0,2025-01-01,85069390,BOSY01,1900-01-01 11:30:40,1900-01-01 11:30:59,ODIER,55
14086,22038.0,2025-01-01,85069384,BOSY01,1900-01-01 09:29:20,1900-01-01 09:32:20,ODIER,55
14087,22038.0,2025-01-01,85069407,CHAV00,1900-01-01 17:03:40,1900-01-01 17:03:53,ODIER,55
14088,22038.0,2025-01-01,85069378,BOSY01,1900-01-01 07:29:40,1900-01-01 07:32:02,ODIER,55
14089,22038.0,2025-01-01,85069419,CHAV00,1900-01-01 21:03:40,1900-01-01 21:06:32,ODIER,55
14090,20503.0,2025-01-01,85058190,BOSY01,1900-01-01 00:29:20,1900-01-01 00:30:31,ODIER,55
14091,22038.0,2025-01-01,85069422,CHAV00,1900-01-01 22:01:20,1900-01-01 22:06:13,ODIER,55
14092,22038.0,2025-01-01,85069383,CHAV00,1900-01-01 09:02:40,1900-01-01 09:03:14,ODIER,55
14093,22038.0,2025-01-01,85069405,BOSY01,1900-01-01 16:31:40,1900-01-01 16:32:27,ODIER,55
14094,22038.0,2025-01-01,85069386,CHAV00,1900-01-01 10:02:40,1900-01-01 10:08:24,ODIER,55
14095,22038.0,2025-01-01,85069410,CHAV00,1900-01-01 18:03:00,1900-01-01 18:05:54,ODIER,55
14096,22038.0,2025-01-01,85069420,BOSY01,1900-01-01 21:31:40,1900-01-01 21:34:33,ODIER,55
14097,21927.0,2025-01-01,85057821,CHAV00,1900-01-01 03:32:00,1900-01-01 03:38:07,ODIER,55
14098,22038.0,2025-01-01,85069372,BOSY01,1900-01-01 05:29:40,1900-01-01 05:30:38,ODIER,55
14099,22038.0,2025-01-01,85069413,CHAV00,1900-01-01 19:03:00,1900-01-01 19:03:46,ODIER,55
14100,22038.0,2025-01-01,85069417,BOSY01,1900-01-01 20:31:00,1900-01-01 20:33:17,ODIER,55
14101,22038.0,2025-01-01,85069404,CHAV00,1900-01-01 16:03:40,1900-01-01 16:04:59,ODIER,55
14102,22038.0,2025-01-01,85069395,CHAV00,1900-01-01 13:03:20,1900-01-01 13:04:07,ODIER,55
14103,22038.0,2025-01-01,85069426,BOSY01,1900-01-01 23:32:00,1900-01-01 23:32:32,ODIER,55
14104,22038.0,2025-01-01,85069414,BOSY01,1900-01-01 19:30:40,1900-01-01 19:31:40,ODIER,55
14105,22038.0,2025-01-01,85069389,CHAV00,1900-01-01 11:02:40,1900-01-01 11:02:41,ODIER,55
14106,22038.0,2025-01-01,85069398,CHAV00,1900-01-01 14:03:00,1900-01-01 14:05:29,ODIER,55
14107,22038.0,2025-01-01,85069377,CHAV00,1900-01-01 07:01:20,1900-01-01 07:02:50,ODIER,55
14108,22038.0,2025-01-01,85069392,CHAV00,1900-01-01 12:03:40,1900-01-01 12:04:55,ODIER,55
14109,22038.0,2025-01-01,85069416,CHAV00,1900-01-01 20:03:00,1900-01-01 20:03:56,ODIER,55
14110,22038.0,2025-01-01,85069387,BOSY01,1900-01-01 10:30:20,1900-01-01 10:30:46,ODIER,55
14111,22038.0,2025-01-01,85069425,CHAV00,1900-01-01 23:01:40,1900-01-01 23:03:55,ODIER,55
14112,22038.0,2025-01-01,85069428,CHAV00,1900-01-01 00:02:00,1900-01-01 00:05:11,ODIER,55
14113,22038.0,2025-01-01,85069374,CHAV00,1900-01-01 06:01:20,1900-01-01 06:03:44,ODIER,55
14114,22038.0,2025-01-01,85069408,BOSY01,1900-01-01 17:31:40,1900-01-01 17:30:51,ODIER,55
14115,21927.0,2025-01-01,85057819,BOSY01,1900-01-01 02:57:00,1900-01-01 03:02:14,ODIER,55
14116,22038.0,2025-01-01,85069380,CHAV00,1900-01-01 08:02:00,1900-01-01 08:02:02,ODIER,55
14117,22038.0,2025-01-01,85069393,BOSY01,1900-01-01 12:30:40,1900-01-01 12:31:20,ODIER,55
14118,21927.0,2025-01-01,85057818,CHAV00,1900-01-01 02:32:40,1900-01-01 02:36:11,ODIER,55
14119,22038.0,2025-01-01,85069399,BOSY01,1900-01-01 14:31:00,1900-01-01 14:33:20,ODIER,55
14120,21927.0,2025-01-01,85057816,BOSY01,1900-01-01 01:57:00,1900-01-01 01:58:24,ODIER,55
14121,22000.0,2025-01-01,85069500,DPGLOB00,1900-01-01 04:52:00,1900-01-01 04:48:53,GLOBE,57
14123,22000.0,2025-01-01,85069502,AERO07,1900-01-01 05:27:00,1900-01-01 05:29:35,GLOBE,57
14124,22050.0,2025-01-01,85069537,AERO07,1900-01-01 16:01:00,1900-01-01 16:06:08,GLOBE,57
14133,22050.0,2025-01-01,85072421,AERO07,1900-01-01 08:28:00,1900-01-01 08:53:40,GLOBE,57
14138,22050.0,2025-01-01,85069532,AERO07,1900-01-01 14:30:00,1900-01-01 14:37:08,GLOBE,57
14140,22050.0,2025-01-01,85069533,AEROST,1900-01-01 14:53:00,1900-01-01 14:37:16,GLOBE,57
14146,22000.0,2025-01-01,85069448,AERO07,1900-01-01 09:29:00,1900-01-01 09:39:36,GLOBE,57
14150,22000.0,2025-01-01,85069451,ZIMG04,1900-01-01 10:31:00,1900-01-01 10:23:43,GLOBE,57
14153,22000.0,2025-01-01,85069512,AERO07,1900-01-01 08:28:00,1900-01-01 08:27:51,GLOBE,57
14155,22000.0,2025-01-01,85069453,AERO07,1900-01-01 11:00:00,1900-01-01 11:00:10,GLOBE,57
14156,22050.0,2025-01-01,85069522,AERO07,1900-01-01 11:31:00,1900-01-01 11:48:57,GLOBE,57
14159,22000.0,2025-01-01,85069456,ZIMG04,1900-01-01 12:01:00,1900-01-01 11:55:39,GLOBE,57
14162,22000.0,2025-01-01,85069458,AERO07,1900-01-01 12:31:00,1900-01-01 12:31:33,GLOBE,57
14163,22000.0,2025-01-01,85069459,AEROST,1900-01-01 12:54:00,1900-01-01 12:31:39,GLOBE,57
14167,22000.0,2025-01-01,85069461,ZIMG04,1900-01-01 13:31:00,1900-01-01 13:24:34,GLOBE,57
14168,22083.0,2025-01-01,85058477,ZIMG04,1900-01-01 00:26:00,1900-01-01 00:34:16,GLOBE,57
14171,22000.0,2025-01-01,85069446,ZIMG04,1900-01-01 09:01:00,1900-01-01 08:53:01,GLOBE,57
14172,22000.0,2025-01-01,85069463,AERO07,1900-01-01 14:01:00,1900-01-01 14:19:49,GLOBE,57
14174,22132.0,2025-01-01,85058292,DPGLOB00,1900-01-01 00:35:00,1900-01-01 00:38:14,GLOBE,57
14178,22000.0,2025-01-01,85069466,ZIMG04,1900-01-01 15:01:00,1900-01-01 14:54:31,GLOBE,57
14180,22050.0,2025-01-01,85069535,ZIMG04,1900-01-01 15:31:00,1900-01-01 15:27:38,GLOBE,57
14185,22000.0,2025-01-01,85069474,AEROST,1900-01-01 17:22:00,1900-01-01 17:26:28,GLOBE,57
14192,22145.0,2025-01-01,85069433,AERO07,1900-01-01 04:57:00,1900-01-01 04:57:46,GLOBE,57
14194,22000.0,2025-01-01,85069479,AEROST,1900-01-01 18:53:00,1900-01-01 18:56:51,GLOBE,57
14196,22000.0,2025-01-01,85069510,ZIMG04,1900-01-01 08:01:00,1900-01-01 07:54:50,GLOBE,57
14200,22000.0,2025-01-01,85069484,AEROST,1900-01-01 20:24:00,1900-01-01 20:27:50,GLOBE,57
14204,22145.0,2025-01-01,85069507,AERO07,1900-01-01 06:57:00,1900-01-01 06:58:17,GLOBE,57
14208,22000.0,2025-01-01,85069469,AEROST,1900-01-01 15:53:00,1900-01-01 15:56:24,GLOBE,57
14210,22050.0,2025-01-01,85069517,AERO07,1900-01-01 10:00:00,1900-01-01 10:03:57,GLOBE,57
14214,22000.0,2025-01-01,85069489,AEROST,1900-01-01 21:54:00,1900-01-01 21:57:44,GLOBE,57
14218,22050.0,2025-01-01,85069494,AEROST,1900-01-01 23:27:00,1900-01-01 23:27:43,GLOBE,57
14221,22144.0,2025-01-01,85069608,AERO07,1900-01-01 18:01:00,1900-01-01 18:03:50,GLOBE,57
14223,22144.0,2025-01-01,85072549,AEROST,1900-01-01 16:53:00,1900-01-01 16:55:39,GLOBE,57
14225,22145.0,2025-01-01,85069579,AEROST,1900-01-01 09:24:00,1900-01-01 09:28:44,GLOBE,57
14232,22050.0,2025-01-01,85069542,AERO07,1900-01-01 17:31:00,1900-01-01 17:32:10,GLOBE,57
14235,22145.0,2025-01-01,85069568,AERO07,1900-01-01 05:57:00,1900-01-01 05:58:23,GLOBE,57
14241,22145.0,2025-01-01,85069614,AEROST,1900-01-01 19:54:00,1900-01-01 19:57:29,GLOBE,57
14244,22144.0,2025-01-01,85069605,AERO05,1900-01-01 16:55:00,1900-01-01 16:41:36,GLOBE,57
14245,22145.0,2025-01-01,85069431,DPGLOB00,1900-01-01 04:22:00,1900-01-01 04:27:01,GLOBE,57
14247,22145.0,2025-01-01,85069619,AEROST,1900-01-01 21:24:00,1900-01-01 21:27:29,GLOBE,57
14249,22145.0,2025-01-01,85072554,AERO07,1900-01-01 07:27:00,1900-01-01 07:59:25,GLOBE,57
14254,22050.0,2025-01-01,85069553,AEROST,1900-01-01 20:53:00,1900-01-01 20:32:35,GLOBE,57
14256,22050.0,2025-01-01,85069547,AERO07,1900-01-01 19:00:00,1900-01-01 19:01:39,GLOBE,57
14257,22145.0,2025-01-01,85069563,AEROST,1900-01-01 23:53:00,1900-01-01 23:55:32,GLOBE,57
14258,22050.0,2025-01-01,85069562,AERO07,1900-01-01 23:28:00,1900-01-01 23:26:36,GLOBE,57
14268,22145.0,2025-01-01,85069623,AERO07,1900-01-01 22:29:00,1900-01-01 23:00:04,GLOBE,57
14277,22050.0,2025-01-01,85069527,AERO07,1900-01-01 13:01:00,1900-01-01 13:06:14,GLOBE,57
14279,22145.0,2025-01-01,85069584,AEROST,1900-01-01 10:54:00,1900-01-01 10:57:04,GLOBE,57
14280,22145.0,2025-01-01,85069594,AEROST,1900-01-01 13:52:00,1900-01-01 13:52:16,GLOBE,57
14282,22000.0,2025-01-01,85069571,ZIMG04,1900-01-01 07:01:00,1900-01-01 06:58:38,GLOBE,57
14294,22000.0,2025-01-01,85069573,AERO07,1900-01-01 07:27:00,1900-01-01 07:29:21,GLOBE,57
14295,22050.0,2025-01-01,85069558,AEROST,1900-01-01 22:25:00,1900-01-01 22:10:49,GLOBE,57
14296,22050.0,2025-01-01,85069530,ZIMG04,1900-01-01 14:01:00,1900-01-01 14:01:07,GLOBE,57
14301,22145.0,2025-01-01,85069574,AERO05,1900-01-01 07:59:00,1900-01-01 08:00:56,GLOBE,57
14303,22000.0,2025-01-01,85069476,ZIMG02,1900-01-01 18:02:00,1900-01-01 18:01:53,GLOBE,57
14307,22000.0,2025-01-01,85069473,AEROST,1900-01-01 17:02:00,1900-01-01 17:26:27,GLOBE,57
14311,22050.0,2025-01-01,85069520,ZIMG02,1900-01-01 11:02:00,1900-01-01 11:00:11,GLOBE,57
14312,22000.0,2025-01-01,85069478,AEROST,1900-01-01 18:32:00,1900-01-01 18:56:50,GLOBE,57
14314,22000.0,2025-01-01,85069491,ZIMG02,1900-01-01 22:32:00,1900-01-01 22:33:46,GLOBE,57
14317,22050.0,2025-01-01,85069548,AERO05,1900-01-01 19:25:00,1900-01-01 19:24:37,GLOBE,57
14319,22145.0,2025-01-01,85069505,ZIMG02,1900-01-01 06:32:00,1900-01-01 06:31:53,GLOBE,57
14322,22144.0,2025-01-01,85069606,ZIMG02,1900-01-01 17:32:00,1900-01-01 17:31:09,GLOBE,57
14323,22145.0,2025-01-01,85069596,ZIMG02,1900-01-01 14:32:00,1900-01-01 14:32:12,GLOBE,57
14324,22000.0,2025-01-01,85069488,AEROST,1900-01-01 21:30:00,1900-01-01 21:57:42,GLOBE,57
14326,22145.0,2025-01-01,85069593,AEROST,1900-01-01 13:32:00,1900-01-01 13:52:15,GLOBE,57
14329,22050.0,2025-01-01,85069515,ZIMG02,1900-01-01 09:32:00,1900-01-01 09:31:28,GLOBE,57
14330,22144.0,2025-01-01,85069604,AERO05,1900-01-01 16:55:00,1900-01-01 16:41:09,GLOBE,57
14331,22000.0,2025-01-01,85069471,ZIMG02,1900-01-01 16:32:00,1900-01-01 16:31:42,GLOBE,57
14332,22000.0,2025-01-01,85069481,ZIMG02,1900-01-01 19:32:00,1900-01-01 19:32:13,GLOBE,57
14336,22145.0,2025-01-01,85069576,ZIMG02,1900-01-01 08:32:00,1900-01-01 08:32:30,GLOBE,57
14338,22000.0,2025-01-01,85069468,AEROST,1900-01-01 15:31:00,1900-01-01 15:56:23,GLOBE,57
14344,22145.0,2025-01-01,85069598,AEROST,1900-01-01 15:00:00,1900-01-01 16:24:09,GLOBE,57
14345,22000.0,2025-01-01,85069483,AEROST,1900-01-01 20:01:00,1900-01-01 20:27:48,GLOBE,57
14349,22132.0,2025-01-01,85058291,AEROST,1900-01-01 00:27:00,1900-01-01 00:31:43,GLOBE,57
14352,22000.0,2025-01-01,85069486,ZIMG02,1900-01-01 21:02:00,1900-01-01 21:03:15,GLOBE,57
14360,22145.0,2025-01-01,85069503,AERO05,1900-01-01 06:00:00,1900-01-01 06:01:38,GLOBE,57
14361,22050.0,2025-01-01,85069545,ZIMG02,1900-01-01 18:32:00,1900-01-01 18:31:00,GLOBE,57
14362,22145.0,2025-01-01,85069586,ZIMG02,1900-01-01 11:32:00,1900-01-01 11:32:46,GLOBE,57
14363,22145.0,2025-01-01,85069581,ZIMG02,1900-01-01 10:02:00,1900-01-01 10:02:10,GLOBE,57
14364,22145.0,2025-01-01,85069441,ZIMG02,1900-01-01 07:32:00,1900-01-01 07:30:18,GLOBE,57
14371,22145.0,2025-01-01,85069583,AEROST,1900-01-01 10:31:00,1900-01-01 10:57:02,GLOBE,57
14372,22145.0,2025-01-01,85069616,ZIMG02,1900-01-01 20:32:00,1900-01-01 20:33:15,GLOBE,57
14374,22145.0,2025-01-01,85069591,ZIMG02,1900-01-01 13:02:00,1900-01-01 13:01:33,GLOBE,57
14380,22144.0,2025-01-01,85069609,AERO05,1900-01-01 18:25:00,1900-01-01 18:24:58,GLOBE,57
14381,22050.0,2025-01-01,85069525,ZIMG02,1900-01-01 12:32:00,1900-01-01 12:30:04,GLOBE,57
14382,22145.0,2025-01-01,85069578,AEROST,1900-01-01 09:00:00,1900-01-01 09:28:42,GLOBE,57
14383,22050.0,2025-01-01,85069540,ZIMG02,1900-01-01 17:02:00,1900-01-01 17:01:12,GLOBE,57
14386,22050.0,2025-01-01,85069543,AERO05,1900-01-01 17:54:00,1900-01-01 17:53:18,GLOBE,57
14389,22000.0,2025-01-01,85069434,AERO05,1900-01-01 05:30:00,1900-01-01 05:31:42,GLOBE,57
14390,22144.0,2025-01-01,85069613,AEROST,1900-01-01 19:31:00,1900-01-01 19:30:59,GLOBE,57
14392,22145.0,2025-01-01,85069618,AEROST,1900-01-01 21:00:00,1900-01-01 21:27:28,GLOBE,57
14395,22050.0,2025-01-01,85069550,ZIMG02,1900-01-01 20:02:00,1900-01-01 20:01:38,GLOBE,57
14400,22000.0,2025-01-01,85069628,AEROST,1900-01-01 23:58:00,1900-01-01 23:58:50,GLOBE,57
14402,22050.0,2025-01-01,85069513,AERO05,1900-01-01 08:58:00,1900-01-01 08:54:42,GLOBE,57
14405,22050.0,2025-01-01,85069555,ZIMG02,1900-01-01 21:32:00,1900-01-01 21:30:30,GLOBE,57
14407,22144.0,2025-01-01,85069611,ZIMG02,1900-01-01 19:02:00,1900-01-01 19:01:35,GLOBE,57
14411,22000.0,2025-01-01,85069626,ZIMG02,1900-01-01 23:32:00,1900-01-01 23:32:56,GLOBE,57
14412,22050.0,2025-01-01,85069560,ZIMG02,1900-01-01 23:02:00,1900-01-01 23:01:32,GLOBE,57
14418,22145.0,2025-01-01,85069621,ZIMG02,1900-01-01 22:02:00,1900-01-01 22:01:56,GLOBE,57
16282,22083.0,2025-01-01,85058476,ZIMG04,1900-01-01 00:26:40,1900-01-01 00:32:57,GLOBE,57
16292,22050.0,2025-01-01,85069529,VROT00,1900-01-01 13:51:29,1900-01-01 13:56:17,GLOBE,57
16472,22000.0,2025-01-01,85069570,ZIMG04,1900-01-01 06:54:20,1900-01-01 06:53:22,GLOBE,57
16557,22000.0,2025-01-01,85069509,ZIMG04,1900-01-01 07:53:40,1900-01-01 07:52:44,GLOBE,57
16578,22000.0,2025-01-01,85069501,WTC01,1900-01-01 05:26:51,1900-01-01 05:25:38,GLOBE,57
16589,22145.0,2025-01-01,85069506,WTC01,1900-01-01 06:56:47,1900-01-01 06:57:12,GLOBE,57
16590,22000.0,2025-01-01,85069492,WTC01,1900-01-01 22:57:31,1900-01-01 23:00:17,GLOBE,57
16623,22145.0,2025-01-01,85069442,WTC01,1900-01-01 07:57:27,1900-01-01 07:56:56,GLOBE,57
16642,22000.0,2025-01-01,85069487,AERO07,1900-01-01 21:29:40,1900-01-01 21:33:06,GLOBE,57
16643,22000.0,2025-01-01,85069452,AERO07,1900-01-01 11:00:40,1900-01-01 11:00:04,GLOBE,57
16644,22145.0,2025-01-01,85069582,AERO07,1900-01-01 10:30:40,1900-01-01 10:31:21,GLOBE,57
16645,22050.0,2025-01-01,85069561,AERO07,1900-01-01 23:28:00,1900-01-01 23:26:25,GLOBE,57
16646,22144.0,2025-01-01,85069610,ZIMG04,1900-01-01 18:54:20,1900-01-01 18:55:54,GLOBE,57
16647,22000.0,2025-01-01,85069450,ZIMG04,1900-01-01 10:23:00,1900-01-01 10:23:26,GLOBE,57
16648,22000.0,2025-01-01,85069490,ZIMG04,1900-01-01 22:23:00,1900-01-01 22:23:10,GLOBE,57
16649,22132.0,2025-01-01,85058290,AERO07,1900-01-01 00:26:20,1900-01-01 00:30:08,GLOBE,57
16650,22145.0,2025-01-01,85069615,ZIMG04,1900-01-01 20:24:20,1900-01-01 20:27:14,GLOBE,57
16651,22050.0,2025-01-01,85069495,ZIMG04,1900-01-01 23:53:40,1900-01-01 23:52:19,GLOBE,57
16652,22145.0,2025-01-01,85069622,AERO07,1900-01-01 22:29:00,1900-01-01 22:30:40,GLOBE,57
16653,22145.0,2025-01-01,85069564,ZIMG04,1900-01-01 00:19:40,1900-01-01 00:21:02,GLOBE,57
16654,22144.0,2025-01-01,85069612,AERO07,1900-01-01 19:30:40,1900-01-01 19:29:24,GLOBE,57
16655,22145.0,2025-01-01,85069587,AERO07,1900-01-01 12:01:20,1900-01-01 12:03:20,GLOBE,57
16656,22000.0,2025-01-01,85069447,AERO07,1900-01-01 09:29:20,1900-01-01 09:30:13,GLOBE,57
16657,22050.0,2025-01-01,85069516,AERO07,1900-01-01 10:00:40,1900-01-01 10:03:17,GLOBE,57
16658,22145.0,2025-01-01,85069432,AERO07,1900-01-01 04:57:00,1900-01-01 04:57:30,GLOBE,57
16659,22145.0,2025-01-01,85069597,AERO07,1900-01-01 15:00:20,1900-01-01 15:04:46,GLOBE,57
16660,22000.0,2025-01-01,85069435,ZIMG04,1900-01-01 05:53:40,1900-01-01 05:52:26,GLOBE,57
16661,22000.0,2025-01-01,85069625,ZIMG04,1900-01-01 23:23:20,1900-01-01 23:27:39,GLOBE,57
16662,22145.0,2025-01-01,85069440,ZIMG04,1900-01-01 07:24:20,1900-01-01 07:29:31,GLOBE,57
16663,22145.0,2025-01-01,85069580,ZIMG04,1900-01-01 09:53:00,1900-01-01 09:52:11,GLOBE,57
16664,22145.0,2025-01-01,85069567,AERO07,1900-01-01 05:57:40,1900-01-01 05:57:34,GLOBE,57
16665,22000.0,2025-01-01,85069627,AERO07,1900-01-01 23:57:00,1900-01-01 23:57:42,GLOBE,57
16666,22145.0,2025-01-01,85069585,ZIMG04,1900-01-01 11:23:40,1900-01-01 11:24:20,GLOBE,57
16667,22145.0,2025-01-01,85069577,AERO07,1900-01-01 08:59:20,1900-01-01 09:01:04,GLOBE,57
16668,22145.0,2025-01-01,85069617,AERO07,1900-01-01 20:59:40,1900-01-01 21:00:55,GLOBE,57
16669,22000.0,2025-01-01,85069437,AERO07,1900-01-01 06:27:40,1900-01-01 06:27:08,GLOBE,57
16670,22145.0,2025-01-01,85069504,ZIMG04,1900-01-01 06:23:40,1900-01-01 06:25:20,GLOBE,57
16671,22000.0,2025-01-01,85069485,ZIMG04,1900-01-01 20:54:20,1900-01-01 20:56:33,GLOBE,57
16672,22050.0,2025-01-01,85069541,AERO07,1900-01-01 17:31:20,1900-01-01 17:30:11,GLOBE,57
16673,22000.0,2025-01-01,85069482,AERO07,1900-01-01 20:00:20,1900-01-01 20:03:00,GLOBE,57
16674,22000.0,2025-01-01,85069480,ZIMG04,1900-01-01 19:24:20,1900-01-01 19:27:10,GLOBE,57
16675,22050.0,2025-01-01,85069546,AERO07,1900-01-01 19:00:40,1900-01-01 18:58:47,GLOBE,57
16676,22000.0,2025-01-01,85069477,AERO07,1900-01-01 18:31:20,1900-01-01 18:33:51,GLOBE,57
16677,22000.0,2025-01-01,85069467,AERO07,1900-01-01 15:30:20,1900-01-01 15:31:53,GLOBE,57
16678,22145.0,2025-01-01,85069620,ZIMG04,1900-01-01 21:54:00,1900-01-01 21:53:44,GLOBE,57
16679,22000.0,2025-01-01,85069572,AERO07,1900-01-01 07:27:40,1900-01-01 07:26:58,GLOBE,57
16680,22000.0,2025-01-01,85069475,ZIMG04,1900-01-01 17:54:00,1900-01-01 17:55:34,GLOBE,57
16681,22050.0,2025-01-01,85069551,AERO07,1900-01-01 20:30:20,1900-01-01 20:28:45,GLOBE,57
16682,22050.0,2025-01-01,85069556,AERO07,1900-01-01 21:59:00,1900-01-01 21:58:30,GLOBE,57
16683,22000.0,2025-01-01,85069472,AERO07,1900-01-01 17:01:00,1900-01-01 17:03:08,GLOBE,57
16684,22050.0,2025-01-01,85069549,ZIMG04,1900-01-01 19:53:40,1900-01-01 19:52:44,GLOBE,57
16685,22145.0,2025-01-01,85069575,ZIMG04,1900-01-01 08:24:00,1900-01-01 08:23:43,GLOBE,57
16686,22144.0,2025-01-01,85069607,AERO07,1900-01-01 18:01:20,1900-01-01 18:03:05,GLOBE,57
16687,22050.0,2025-01-01,85069531,AERO07,1900-01-01 14:30:20,1900-01-01 14:36:30,GLOBE,57
16688,22050.0,2025-01-01,85069526,AERO07,1900-01-01 13:01:00,1900-01-01 13:04:51,GLOBE,57
16689,22000.0,2025-01-01,85069470,ZIMG04,1900-01-01 16:23:40,1900-01-01 16:26:30,GLOBE,57
16690,22144.0,2025-01-01,85072550,ZIMG04,1900-01-01 17:24:00,1900-01-01 17:25:56,GLOBE,57
16691,22000.0,2025-01-01,85069465,ZIMG04,1900-01-01 14:53:40,1900-01-01 14:54:29,GLOBE,57
16692,22145.0,2025-01-01,85069592,AERO07,1900-01-01 13:31:40,1900-01-01 13:35:04,GLOBE,57
16693,22050.0,2025-01-01,85069539,ZIMG04,1900-01-01 16:54:20,1900-01-01 16:55:12,GLOBE,57
16694,22145.0,2025-01-01,85069595,ZIMG04,1900-01-01 14:23:40,1900-01-01 14:23:27,GLOBE,57
16695,22000.0,2025-01-01,85069462,AERO07,1900-01-01 14:01:40,1900-01-01 14:01:57,GLOBE,57
16696,22050.0,2025-01-01,85069544,ZIMG04,1900-01-01 18:23:40,1900-01-01 18:23:21,GLOBE,57
16697,22050.0,2025-01-01,85069536,AERO07,1900-01-01 16:01:00,1900-01-01 16:04:57,GLOBE,57
16698,22000.0,2025-01-01,85069445,ZIMG04,1900-01-01 08:54:20,1900-01-01 08:52:49,GLOBE,57
16699,22050.0,2025-01-01,85069524,ZIMG04,1900-01-01 12:24:20,1900-01-01 12:24:59,GLOBE,57
16700,22050.0,2025-01-01,85069521,AERO07,1900-01-01 11:31:20,1900-01-01 11:33:52,GLOBE,57
16701,22000.0,2025-01-01,85069460,ZIMG04,1900-01-01 13:24:00,1900-01-01 13:24:18,GLOBE,57
16702,22050.0,2025-01-01,85069534,ZIMG04,1900-01-01 15:23:40,1900-01-01 15:26:01,GLOBE,57
16703,22000.0,2025-01-01,85069457,AERO07,1900-01-01 12:31:00,1900-01-01 12:31:01,GLOBE,57
16704,22050.0,2025-01-01,85069554,ZIMG04,1900-01-01 21:23:20,1900-01-01 21:22:32,GLOBE,57
16705,22050.0,2025-01-01,85069559,ZIMG04,1900-01-01 22:54:20,1900-01-01 22:53:42,GLOBE,57
16706,22000.0,2025-01-01,85069511,AERO07,1900-01-01 08:28:20,1900-01-01 08:26:52,GLOBE,57
16707,22000.0,2025-01-01,85069455,ZIMG04,1900-01-01 11:54:00,1900-01-01 11:53:24,GLOBE,57
16708,22050.0,2025-01-01,85069514,ZIMG04,1900-01-01 09:24:20,1900-01-01 09:27:35,GLOBE,57
16709,22145.0,2025-01-01,85069590,ZIMG04,1900-01-01 12:54:20,1900-01-01 12:57:45,GLOBE,57
16710,22050.0,2025-01-01,85069519,ZIMG04,1900-01-01 10:53:40,1900-01-01 10:55:23,GLOBE,57
16713,21972.0,2025-01-01,85069661,AEROST,1900-01-01 12:29:00,1900-01-01 12:19:27,GLOBE,59
16719,21972.0,2025-01-01,85069637,AEROST,1900-01-01 06:30:00,1900-01-01 06:22:25,GLOBE,59
16722,21972.0,2025-01-01,85069633,AEROST,1900-01-01 05:30:00,1900-01-01 05:30:19,GLOBE,59
16729,21972.0,2025-01-01,85069630,DPGLOB00,1900-01-01 04:38:00,1900-01-01 04:33:17,GLOBE,59
16734,21972.0,2025-01-01,85069694,AERO02,1900-01-01 20:30:00,1900-01-01 20:12:27,GLOBE,59
16736,21972.0,2025-01-01,85069692,AERO06,1900-01-01 20:11:00,1900-01-01 20:11:43,GLOBE,59
16739,21972.0,2025-01-01,85069677,AEROST,1900-01-01 16:28:00,1900-01-01 16:26:21,GLOBE,59
16740,21972.0,2025-01-01,85069641,AEROST,1900-01-01 07:29:00,1900-01-01 07:21:15,GLOBE,59
16748,21972.0,2025-01-01,85069657,AEROST,1900-01-01 11:29:00,1900-01-01 11:16:42,GLOBE,59
16750,21972.0,2025-01-01,85069696,AERO06,1900-01-01 21:10:00,1900-01-01 21:11:05,GLOBE,59
16751,21972.0,2025-01-01,85069645,AEROST,1900-01-01 08:29:00,1900-01-01 08:21:36,GLOBE,59
16755,21972.0,2025-01-01,85069698,AERO02,1900-01-01 21:30:00,1900-01-01 21:11:46,GLOBE,59
16774,21972.0,2025-01-01,85069649,AEROST,1900-01-01 09:29:00,1900-01-01 09:16:09,GLOBE,59
16775,21972.0,2025-01-01,85072280,AEROST,1900-01-01 21:29:00,1900-01-01 21:15:50,GLOBE,59
16787,21972.0,2025-01-01,85069685,AERO02,1900-01-01 18:30:00,1900-01-01 18:31:48,GLOBE,59
16788,21972.0,2025-01-01,85069684,AEROST,1900-01-01 18:14:00,1900-01-01 18:17:19,GLOBE,59
16789,21972.0,2025-01-01,85069644,AEROST,1900-01-01 08:14:00,1900-01-01 08:14:29,GLOBE,59
16792,21972.0,2025-01-01,85069693,AERO02,1900-01-01 20:30:00,1900-01-01 20:12:24,GLOBE,59
16794,21972.0,2025-01-01,85069640,AEROST,1900-01-01 07:13:00,1900-01-01 07:13:08,GLOBE,59
16798,21972.0,2025-01-01,85069669,AERO02,1900-01-01 14:29:00,1900-01-01 14:30:12,GLOBE,59
16799,21972.0,2025-01-01,85069636,AEROST,1900-01-01 06:13:00,1900-01-01 06:13:55,GLOBE,59
16800,21972.0,2025-01-01,85069697,AERO02,1900-01-01 21:30:00,1900-01-01 21:11:41,GLOBE,59
16803,21972.0,2025-01-01,85069700,DPGLOB00,1900-01-01 22:18:00,1900-01-01 22:16:04,GLOBE,59
16805,21972.0,2025-01-01,85069680,AEROST,1900-01-01 17:14:00,1900-01-01 17:16:20,GLOBE,59
16806,21972.0,2025-01-01,85069681,AERO02,1900-01-01 17:29:00,1900-01-01 17:28:32,GLOBE,59
16810,21972.0,2025-01-01,85069688,AEROST,1900-01-01 19:13:00,1900-01-01 19:12:11,GLOBE,59
16811,21972.0,2025-01-01,85069689,AERO02,1900-01-01 19:30:00,1900-01-01 19:32:49,GLOBE,59
16816,21972.0,2025-01-01,85072278,AERO02,1900-01-01 20:30:00,1900-01-01 20:30:16,GLOBE,59
16819,21972.0,2025-01-01,85069676,AEROST,1900-01-01 16:14:00,1900-01-01 16:14:32,GLOBE,59
16820,21972.0,2025-01-01,85069668,AEROST,1900-01-01 14:14:00,1900-01-01 14:21:23,GLOBE,59
16825,21972.0,2025-01-01,85069656,AEROST,1900-01-01 11:14:00,1900-01-01 11:16:37,GLOBE,59
16826,21972.0,2025-01-01,85069632,AEROST,1900-01-01 05:13:00,1900-01-01 05:12:34,GLOBE,59
16832,21972.0,2025-01-01,85069652,AEROST,1900-01-01 10:15:00,1900-01-01 10:13:02,GLOBE,59
16835,21972.0,2025-01-01,85069664,AEROST,1900-01-01 13:14:00,1900-01-01 13:14:29,GLOBE,59
16837,21972.0,2025-01-01,85069660,AEROST,1900-01-01 12:14:00,1900-01-01 12:16:40,GLOBE,59
16839,21972.0,2025-01-01,85069672,AEROST,1900-01-01 15:14:00,1900-01-01 15:18:13,GLOBE,59
16840,21972.0,2025-01-01,85069673,AERO02,1900-01-01 15:29:00,1900-01-01 15:28:49,GLOBE,59
16842,21972.0,2025-01-01,85069648,AEROST,1900-01-01 09:13:00,1900-01-01 09:12:50,GLOBE,59
17228,21972.0,2025-01-01,85069675,AERO06,1900-01-01 16:12:20,1900-01-01 16:13:00,GLOBE,59
17229,21972.0,2025-01-01,85069651,AERO06,1900-01-01 10:13:00,1900-01-01 10:11:39,GLOBE,59
17230,21972.0,2025-01-01,85069671,AERO06,1900-01-01 15:12:20,1900-01-01 15:16:19,GLOBE,59
17232,21972.0,2025-01-01,85069699,AERO06,1900-01-01 22:10:40,1900-01-01 22:11:44,GLOBE,59
17233,21972.0,2025-01-01,85069659,AERO06,1900-01-01 12:12:20,1900-01-01 12:14:26,GLOBE,59
17239,21972.0,2025-01-01,85069679,AERO06,1900-01-01 17:12:20,1900-01-01 17:14:21,GLOBE,59
17240,21972.0,2025-01-01,85069683,AERO06,1900-01-01 18:12:00,1900-01-01 18:14:35,GLOBE,59
17241,21972.0,2025-01-01,85069663,AERO06,1900-01-01 13:12:00,1900-01-01 13:12:27,GLOBE,59
17242,21972.0,2025-01-01,85069655,AERO06,1900-01-01 11:12:20,1900-01-01 11:13:57,GLOBE,59
17243,21972.0,2025-01-01,85069635,AERO06,1900-01-01 06:11:40,1900-01-01 06:11:48,GLOBE,59
17245,21972.0,2025-01-01,85069691,AERO06,1900-01-01 20:11:00,1900-01-01 20:11:39,GLOBE,59
17246,21972.0,2025-01-01,85069647,AERO06,1900-01-01 09:11:40,1900-01-01 09:11:05,GLOBE,59
17248,21972.0,2025-01-01,85069631,AERO06,1900-01-01 05:11:40,1900-01-01 05:10:57,GLOBE,59
17251,21972.0,2025-01-01,85069695,AERO06,1900-01-01 21:10:40,1900-01-01 21:10:56,GLOBE,59
17252,21972.0,2025-01-01,85069690,LEVE00,1900-01-01 19:50:00,1900-01-01 19:48:51,GLOBE,59
17254,21972.0,2025-01-01,85069667,AERO06,1900-01-01 14:12:00,1900-01-01 14:18:35,GLOBE,59
17255,21972.0,2025-01-01,85069639,AERO06,1900-01-01 07:11:40,1900-01-01 07:11:11,GLOBE,59
17261,21972.0,2025-01-01,85069687,AERO06,1900-01-01 19:11:40,1900-01-01 19:10:16,GLOBE,59
17262,21972.0,2025-01-01,85069643,AERO06,1900-01-01 08:12:00,1900-01-01 08:11:55,GLOBE,59
17279,21972.0,2025-01-01,85069654,LEVE00,1900-01-01 10:50:00,1900-01-01 10:52:17,GLOBE,59
17280,21972.0,2025-01-01,85069642,LEVE00,1900-01-01 07:49:20,1900-01-01 07:49:06,GLOBE,59
17281,21972.0,2025-01-01,85069646,LEVE00,1900-01-01 08:49:20,1900-01-01 08:49:26,GLOBE,59
17282,21972.0,2025-01-01,85069678,LEVE00,1900-01-01 16:50:00,1900-01-01 16:53:07,GLOBE,59
17283,21972.0,2025-01-01,85069686,LEVE00,1900-01-01 18:50:20,1900-01-01 18:51:06,GLOBE,59
17284,21972.0,2025-01-01,85072281,LEVE00,1900-01-01 21:49:40,1900-01-01 21:48:20,GLOBE,59
17285,21972.0,2025-01-01,85069658,LEVE00,1900-01-01 11:50:00,1900-01-01 11:52:44,GLOBE,59
17286,21972.0,2025-01-01,85069674,LEVE00,1900-01-01 15:49:20,1900-01-01 15:52:26,GLOBE,59
17287,21972.0,2025-01-01,85069682,LEVE00,1900-01-01 17:49:40,1900-01-01 17:54:15,GLOBE,59
17288,21972.0,2025-01-01,85072279,LEVE00,1900-01-01 20:49:40,1900-01-01 20:50:17,GLOBE,59
17289,21972.0,2025-01-01,85069634,LEVE00,1900-01-01 05:50:00,1900-01-01 05:50:29,GLOBE,59
17290,21972.0,2025-01-01,85069670,LEVE00,1900-01-01 14:49:20,1900-01-01 14:53:24,GLOBE,59
17291,21972.0,2025-01-01,85069662,LEVE00,1900-01-01 12:50:20,1900-01-01 12:55:20,GLOBE,59
17292,21972.0,2025-01-01,85069666,LEVE00,1900-01-01 13:50:00,1900-01-01 13:56:57,GLOBE,59
17293,21972.0,2025-01-01,85069650,LEVE00,1900-01-01 09:49:40,1900-01-01 09:52:55,GLOBE,59
17294,21972.0,2025-01-01,85069638,LEVE00,1900-01-01 06:50:00,1900-01-01 06:49:38,GLOBE,59
17298,22017.0,2025-01-01,85070080,FEMA00,1900-01-01 18:04:00,1900-01-01 18:04:55,Rdta,60
17300,22016.0,2025-01-01,85069946,GXAI00,1900-01-01 20:02:00,1900-01-01 20:13:12,Rdta,60
17314,22016.0,2025-01-01,85069972,CVINST,1900-01-01 22:39:00,1900-01-01 22:39:37,Rdta,60
17317,22017.0,2025-01-01,85069957,GXAI00,1900-01-01 23:59:00,1900-01-01 23:56:22,Rdta,60
17340,22015.0,2025-01-01,85069909,CVINST,1900-01-01 17:09:00,1900-01-01 17:11:18,Rdta,60
17352,22014.0,2025-01-01,85059355,GXPO00,1900-01-01 02:06:00,1900-01-01 02:41:22,Rdta,60
17353,22041.0,2025-01-01,85059344,GXAI00,1900-01-01 01:27:00,1900-01-01 01:39:23,Rdta,60
17358,22043.0,2025-01-01,85059322,GXAI00,1900-01-01 00:28:00,1900-01-01 00:19:16,Rdta,60
17361,22017.0,2025-01-01,85069952,GXAI00,1900-01-01 22:02:00,1900-01-01 22:01:37,Rdta,60
17365,22016.0,2025-01-01,85069905,GXAI00,1900-01-01 08:58:00,1900-01-01 09:04:22,Rdta,60
17386,22032.0,2025-01-01,85072387,CVIN03,1900-01-01 19:40:00,1900-01-01 19:35:36,Rdta,60
17387,22032.0,2025-01-01,85072386,CVIN03,1900-01-01 19:40:00,1900-01-01 19:35:15,Rdta,60
17393,22032.0,2025-01-01,85069935,CVIN03,1900-01-01 20:40:00,1900-01-01 20:37:42,Rdta,60
17408,22041.0,2025-01-01,85072403,CVINST,1900-01-01 09:39:00,1900-01-01 09:39:11,Rdta,60
17412,22015.0,2025-01-01,85069963,GXAI01,1900-01-01 23:01:00,1900-01-01 22:58:52,Rdta,60
17420,22032.0,2025-01-01,85070041,DPRDTA00,1900-01-01 10:08:00,1900-01-01 10:12:32,Rdta,60
17425,22032.0,2025-01-01,85069931,CVIN03,1900-01-01 19:40:00,1900-01-01 19:35:09,Rdta,60
17426,22016.0,2025-01-01,85070038,CVINST,1900-01-01 13:38:00,1900-01-01 13:41:03,Rdta,60
17438,22014.0,2025-01-01,85070011,GXAI00,1900-01-01 10:00:00,1900-01-01 09:57:40,Rdta,60
17439,22032.0,2025-01-01,85070046,GXAI00,1900-01-01 12:01:00,1900-01-01 12:03:06,Rdta,60
17440,22032.0,2025-01-01,85070051,GXAI00,1900-01-01 14:02:00,1900-01-01 14:05:50,Rdta,60
17458,22069.0,2025-01-01,85070015,CVINST,1900-01-01 10:09:00,1900-01-01 10:09:21,Rdta,60
17461,22069.0,2025-01-01,85070017,GXAI00,1900-01-01 11:00:00,1900-01-01 11:02:54,Rdta,60
17464,22032.0,2025-01-01,85069940,FEMA00,1900-01-01 22:03:00,1900-01-01 21:59:55,Rdta,60
17472,22033.0,2025-01-01,85070055,CVINST,1900-01-01 14:09:00,1900-01-01 14:09:23,Rdta,60
17479,22041.0,2025-01-01,85069983,DPRDTA00,1900-01-01 05:40:00,1900-01-01 05:40:22,Rdta,60
17482,22014.0,2025-01-01,85070006,GXAI00,1900-01-01 07:57:00,1900-01-01 07:55:10,Rdta,60
17483,22069.0,2025-01-01,85069922,GXAI00,1900-01-01 21:02:00,1900-01-01 21:08:57,Rdta,60
17489,22032.0,2025-01-01,85070044,CVINST,1900-01-01 11:09:00,1900-01-01 11:10:59,Rdta,60
17502,22015.0,2025-01-01,85069911,GXAI00,1900-01-01 18:02:00,1900-01-01 18:10:14,Rdta,60
17509,22032.0,2025-01-01,85072392,CVIN03,1900-01-01 21:40:00,1900-01-01 21:39:33,Rdta,60
17510,22032.0,2025-01-01,85069930,CVIN03,1900-01-01 19:40:00,1900-01-01 19:35:02,Rdta,60
17516,22041.0,2025-01-01,85072402,CVIN03,1900-01-01 08:40:00,1900-01-01 08:39:21,Rdta,60
17518,22041.0,2025-01-01,85072400,CVIN03,1900-01-01 06:40:00,1900-01-01 06:39:30,Rdta,60
17521,22032.0,2025-01-01,85069937,CVINST,1900-01-01 21:34:00,1900-01-01 21:32:44,Rdta,60
17522,22017.0,2025-01-01,85069950,CVIN03,1900-01-01 21:10:00,1900-01-01 21:04:17,Rdta,60
17523,22017.0,2025-01-01,85069949,CVINST,1900-01-01 21:02:00,1900-01-01 21:01:01,Rdta,60
17524,22032.0,2025-01-01,85072390,CVIN03,1900-01-01 20:40:00,1900-01-01 20:41:16,Rdta,60
17525,22041.0,2025-01-01,85072401,CVIN03,1900-01-01 07:40:00,1900-01-01 07:39:19,Rdta,60
17526,22017.0,2025-01-01,85070066,CVIN03,1900-01-01 14:39:00,1900-01-01 14:39:28,Rdta,60
17530,22069.0,2025-01-01,85069915,CVIN03,1900-01-01 18:10:00,1900-01-01 18:09:48,Rdta,60
17531,22069.0,2025-01-01,85069914,CVINST,1900-01-01 18:04:00,1900-01-01 18:08:22,Rdta,60
17534,22016.0,2025-01-01,85069900,GXAI01,1900-01-01 06:57:00,1900-01-01 07:05:20,Rdta,60
17535,22033.0,2025-01-01,85070054,CVINST,1900-01-01 14:04:00,1900-01-01 14:09:21,Rdta,60
17536,22069.0,2025-01-01,85059331,CVIN03,1900-01-01 00:10:00,1900-01-01 00:09:30,Rdta,60
17539,22041.0,2025-01-01,85059341,CVINST,1900-01-01 00:31:00,1900-01-01 00:34:31,Rdta,60
17540,22041.0,2025-01-01,85059342,CVIN03,1900-01-01 00:40:00,1900-01-01 00:39:50,Rdta,60
17541,22032.0,2025-01-01,85070043,CVINST,1900-01-01 11:04:00,1900-01-01 11:10:55,Rdta,60
17545,22033.0,2025-01-01,85070057,GXAI01,1900-01-01 15:03:00,1900-01-01 15:05:10,Rdta,60
17547,22014.0,2025-01-01,85059353,CVIN03,1900-01-01 01:10:00,1900-01-01 01:07:38,Rdta,60
17549,22069.0,2025-01-01,85059365,CVIN03,1900-01-01 03:10:00,1900-01-01 03:09:16,Rdta,60
17550,22069.0,2025-01-01,85059364,CVINST,1900-01-01 03:00:00,1900-01-01 03:07:45,Rdta,60
17552,22014.0,2025-01-01,85059352,CVINST,1900-01-01 01:01:00,1900-01-01 01:07:21,Rdta,60
17555,22014.0,2025-01-01,85064043,CVIN03,1900-01-01 01:10:00,1900-01-01 01:10:27,Rdta,60
17556,22033.0,2025-01-01,85070059,CVINST,1900-01-01 16:04:00,1900-01-01 16:07:53,Rdta,60
17557,22069.0,2025-01-01,85064304,CVIN03,1900-01-01 00:10:00,1900-01-01 00:10:21,Rdta,60
17558,22033.0,2025-01-01,85070060,CVIN03,1900-01-01 16:09:00,1900-01-01 16:08:53,Rdta,60
17562,22015.0,2025-01-01,85069908,CVINST,1900-01-01 17:04:00,1900-01-01 17:11:16,Rdta,60
17563,22033.0,2025-01-01,85070062,DPRDTA00,1900-01-01 17:04:00,1900-01-01 17:05:36,Rdta,60
17565,22016.0,2025-01-01,85069898,CVIN03,1900-01-01 06:10:00,1900-01-01 06:06:15,Rdta,60
17566,22016.0,2025-01-01,85069897,CVINST,1900-01-01 05:59:00,1900-01-01 06:03:01,Rdta,60
17570,22032.0,2025-01-01,85070049,CVIN03,1900-01-01 13:10:00,1900-01-01 13:11:26,Rdta,60
17571,22014.0,2025-01-01,85070003,CVINST,1900-01-01 06:59:00,1900-01-01 07:01:01,Rdta,60
17573,22032.0,2025-01-01,85070048,CVINST,1900-01-01 13:04:00,1900-01-01 13:08:00,Rdta,60
17574,22014.0,2025-01-01,85070004,CVIN03,1900-01-01 07:10:00,1900-01-01 07:04:25,Rdta,60
17575,22032.0,2025-01-01,85069929,CVINST,1900-01-01 19:33:00,1900-01-01 19:34:48,Rdta,60
17576,22032.0,2025-01-01,85069938,CVIN03,1900-01-01 21:40:00,1900-01-01 21:36:00,Rdta,60
17578,22015.0,2025-01-01,85069965,CVINST,1900-01-01 00:01:00,1900-01-01 00:02:41,Rdta,60
17579,22017.0,2025-01-01,85070065,CVINST,1900-01-01 14:34:00,1900-01-01 14:35:57,Rdta,60
17580,22017.0,2025-01-01,85070069,CVINST,1900-01-01 15:35:00,1900-01-01 15:35:59,Rdta,60
17583,22069.0,2025-01-01,85070020,CVIN03,1900-01-01 12:10:00,1900-01-01 12:09:59,Rdta,60
17585,22069.0,2025-01-01,85070019,CVINST,1900-01-01 12:04:00,1900-01-01 12:07:49,Rdta,60
17586,22016.0,2025-01-01,85069903,CVIN03,1900-01-01 08:10:00,1900-01-01 08:06:06,Rdta,60
17588,22014.0,2025-01-01,85070084,CVIN03,1900-01-01 15:10:00,1900-01-01 15:09:20,Rdta,60
17589,22016.0,2025-01-01,85069902,CVINST,1900-01-01 08:00:00,1900-01-01 08:02:55,Rdta,60
17590,22014.0,2025-01-01,85070083,CVINST,1900-01-01 15:04:00,1900-01-01 15:06:11,Rdta,60
17596,22069.0,2025-01-01,85070022,DPRDTA00,1900-01-01 13:03:00,1900-01-01 13:11:05,Rdta,60
17597,22032.0,2025-01-01,85069925,CVINST,1900-01-01 18:34:00,1900-01-01 18:34:31,Rdta,60
17598,22041.0,2025-01-01,85069989,CVINST,1900-01-01 07:30:00,1900-01-01 07:32:23,Rdta,60
17599,22041.0,2025-01-01,85069990,CVIN03,1900-01-01 07:40:00,1900-01-01 07:36:11,Rdta,60
17600,22017.0,2025-01-01,85070078,CVIN03,1900-01-01 17:40:00,1900-01-01 17:37:39,Rdta,60
17601,22017.0,2025-01-01,85070077,CVINST,1900-01-01 17:35:00,1900-01-01 17:33:54,Rdta,60
17604,22041.0,2025-01-01,85070000,DPRDTA00,1900-01-01 10:22:00,1900-01-01 10:21:35,Rdta,60
17607,22016.0,2025-01-01,85069971,CVINST,1900-01-01 22:33:00,1900-01-01 22:39:35,Rdta,60
17608,22015.0,2025-01-01,85069961,CVIN03,1900-01-01 22:10:00,1900-01-01 22:07:58,Rdta,60
17610,22069.0,2025-01-01,85069917,GXAI01,1900-01-01 19:03:00,1900-01-01 19:10:43,Rdta,60
17611,22015.0,2025-01-01,85069960,CVINST,1900-01-01 22:04:00,1900-01-01 22:04:12,Rdta,60
17614,22014.0,2025-01-01,85070009,CVIN03,1900-01-01 09:10:00,1900-01-01 09:01:10,Rdta,60
17615,22014.0,2025-01-01,85070008,CVINST,1900-01-01 09:02:00,1900-01-01 09:00:59,Rdta,60
17617,22016.0,2025-01-01,85069975,CVINST,1900-01-01 23:31:00,1900-01-01 23:35:24,Rdta,60
17622,22041.0,2025-01-01,85069986,CVIN03,1900-01-01 06:40:00,1900-01-01 06:37:05,Rdta,60
17623,22041.0,2025-01-01,85069985,CVINST,1900-01-01 06:29:00,1900-01-01 06:33:52,Rdta,60
17625,22041.0,2025-01-01,85069993,CVINST,1900-01-01 08:32:00,1900-01-01 08:32:59,Rdta,60
17626,22016.0,2025-01-01,85069943,CVINST,1900-01-01 19:04:00,1900-01-01 19:06:11,Rdta,60
17627,22041.0,2025-01-01,85069994,CVIN03,1900-01-01 08:40:00,1900-01-01 08:36:33,Rdta,60
17628,22016.0,2025-01-01,85069944,CVIN03,1900-01-01 19:10:00,1900-01-01 19:09:38,Rdta,60
17630,22041.0,2025-01-01,85069998,CVIN03,1900-01-01 09:40:00,1900-01-01 09:34:35,Rdta,60
17633,22041.0,2025-01-01,85069997,CVINST,1900-01-01 09:32:00,1900-01-01 09:33:49,Rdta,60
17635,22016.0,2025-01-01,85070034,CVIN03,1900-01-01 12:39:00,1900-01-01 12:38:44,Rdta,60
17637,22016.0,2025-01-01,85070033,CVINST,1900-01-01 12:34:00,1900-01-01 12:37:51,Rdta,60
17638,22014.0,2025-01-01,85072361,CVIN03,1900-01-01 07:10:00,1900-01-01 07:09:08,Rdta,60
17639,22017.0,2025-01-01,85069954,CVINST,1900-01-01 23:03:00,1900-01-01 23:04:29,Rdta,60
17640,22015.0,2025-01-01,85072365,CVIN03,1900-01-01 22:10:00,1900-01-01 22:10:02,Rdta,60
17642,22016.0,2025-01-01,85072367,CVIN03,1900-01-01 06:10:00,1900-01-01 06:12:01,Rdta,60
17644,22016.0,2025-01-01,85070026,CVIN03,1900-01-01 10:40:00,1900-01-01 10:38:00,Rdta,60
17645,22016.0,2025-01-01,85072368,CVIN03,1900-01-01 08:10:00,1900-01-01 08:09:28,Rdta,60
17646,22016.0,2025-01-01,85070025,CVINST,1900-01-01 10:33:00,1900-01-01 10:34:43,Rdta,60
17647,22016.0,2025-01-01,85072370,CVIN03,1900-01-01 10:40:00,1900-01-01 10:41:10,Rdta,60
17648,22016.0,2025-01-01,85072371,CVIN03,1900-01-01 12:39:00,1900-01-01 12:38:52,Rdta,60
17649,22017.0,2025-01-01,85069955,CVIN03,1900-01-01 23:10:00,1900-01-01 23:07:44,Rdta,60
17650,22016.0,2025-01-01,85072373,CVIN03,1900-01-01 19:10:00,1900-01-01 19:11:17,Rdta,60
17651,22017.0,2025-01-01,85072377,CVIN03,1900-01-01 17:40:00,1900-01-01 17:39:17,Rdta,60
17654,22017.0,2025-01-01,85072380,CVIN03,1900-01-01 21:10:00,1900-01-01 21:09:49,Rdta,60
17655,22069.0,2025-01-01,85069919,CVINST,1900-01-01 20:02:00,1900-01-01 20:06:02,Rdta,60
17656,22017.0,2025-01-01,85072381,CVIN03,1900-01-01 23:10:00,1900-01-01 23:09:31,Rdta,60
17657,22069.0,2025-01-01,85069920,CVIN03,1900-01-01 20:10:00,1900-01-01 20:06:27,Rdta,60
17658,22016.0,2025-01-01,85070030,CVIN03,1900-01-01 11:39:00,1900-01-01 11:39:23,Rdta,60
17659,22032.0,2025-01-01,85072385,CVIN03,1900-01-01 18:40:00,1900-01-01 18:42:45,Rdta,60
17660,22016.0,2025-01-01,85069976,CVIN03,1900-01-01 23:40:00,1900-01-01 23:40:37,Rdta,60
17661,22016.0,2025-01-01,85070037,CVINST,1900-01-01 13:34:00,1900-01-01 13:41:00,Rdta,60
17662,22016.0,2025-01-01,85070029,CVINST,1900-01-01 11:33:00,1900-01-01 11:37:52,Rdta,60
17663,22032.0,2025-01-01,85072388,CVIN03,1900-01-01 19:40:00,1900-01-01 19:41:06,Rdta,60
17665,22069.0,2025-01-01,85072461,CVIN03,1900-01-01 20:10:00,1900-01-01 20:11:14,Rdta,60
17668,22069.0,2025-01-01,85072679,FEMA00,1900-01-01 02:39:20,1900-01-01 03:36:29,Rdta,60
17672,22032.0,2025-01-01,85069934,CVIN03,1900-01-01 20:40:00,1900-01-01 20:35:02,Rdta,60
17675,22014.0,2025-01-01,85070086,DPRDTA00,1900-01-01 16:04:00,1900-01-01 16:25:39,Rdta,60
17676,22032.0,2025-01-01,85069933,CVINST,1900-01-01 20:33:00,1900-01-01 20:34:32,Rdta,60
17677,22069.0,2025-01-01,85070014,CVINST,1900-01-01 10:03:00,1900-01-01 10:09:19,Rdta,60
17678,22017.0,2025-01-01,85070074,CVIN03,1900-01-01 16:40:00,1900-01-01 16:40:01,Rdta,60
17680,22017.0,2025-01-01,85070073,CVINST,1900-01-01 16:35:00,1900-01-01 16:36:05,Rdta,60
17684,22032.0,2025-01-01,85069926,CVIN03,1900-01-01 18:40:00,1900-01-01 18:34:45,Rdta,60
17689,22017.0,2025-01-01,85070070,CVIN03,1900-01-01 15:40:00,1900-01-01 15:39:51,Rdta,60
17690,22014.0,2025-01-01,85086538,CVIN03,1900-01-01 15:10:00,1900-01-01 15:09:42,Rdta,60
17926,22069.0,2025-01-01,85072680,MCON00,1900-01-01 03:44:20,1900-01-01 03:50:01,Rdta,60
18867,22069.0,2025-01-01,85059366,AJUR00,1900-01-01 03:29:27,1900-01-01 03:31:58,Rdta,60
18942,22016.0,2025-01-01,85070039,CHVO01,1900-01-01 14:02:38,1900-01-01 14:04:17,Rdta,60
18957,22017.0,2025-01-01,85070079,FEMA00,1900-01-01 18:04:20,1900-01-01 18:03:22,Rdta,60
18958,22032.0,2025-01-01,85069932,CVIN01,1900-01-01 20:31:00,1900-01-01 20:31:44,Rdta,60
18962,22017.0,2025-01-01,85070072,CVIN01,1900-01-01 16:33:00,1900-01-01 16:33:33,Rdta,60
18963,22032.0,2025-01-01,85069924,CVIN01,1900-01-01 18:32:20,1900-01-01 18:30:56,Rdta,60
18964,22032.0,2025-01-01,85069927,FEMA00,1900-01-01 19:04:20,1900-01-01 19:07:32,Rdta,60
18966,22017.0,2025-01-01,85070068,CVIN01,1900-01-01 15:33:00,1900-01-01 15:33:42,Rdta,60
18967,22017.0,2025-01-01,85070071,FEMA00,1900-01-01 16:04:20,1900-01-01 16:05:05,Rdta,60
18974,22017.0,2025-01-01,85070067,FEMA00,1900-01-01 15:03:20,1900-01-01 15:05:43,Rdta,60
18976,22017.0,2025-01-01,85070075,FEMA00,1900-01-01 17:04:20,1900-01-01 17:06:55,Rdta,60
18980,22032.0,2025-01-01,85069928,CVIN01,1900-01-01 19:31:20,1900-01-01 19:32:10,Rdta,60
18981,22017.0,2025-01-01,85070064,CVIN01,1900-01-01 14:32:00,1900-01-01 14:33:58,Rdta,60
18984,22017.0,2025-01-01,85070076,CVIN01,1900-01-01 17:33:00,1900-01-01 17:32:08,Rdta,60
18986,22041.0,2025-01-01,85069995,FEMA00,1900-01-01 09:02:00,1900-01-01 09:05:59,Rdta,60
18987,22041.0,2025-01-01,85069999,FEMA00,1900-01-01 10:02:40,1900-01-01 10:04:22,Rdta,60
18990,22016.0,2025-01-01,85069970,CVIN01,1900-01-01 22:31:20,1900-01-01 22:36:02,Rdta,60
18991,22041.0,2025-01-01,85069992,CVIN01,1900-01-01 08:29:40,1900-01-01 08:29:32,Rdta,60
18997,22041.0,2025-01-01,85069987,FEMA00,1900-01-01 07:00:20,1900-01-01 07:06:11,Rdta,60
18998,22016.0,2025-01-01,85069977,FEMA00,1900-01-01 00:01:40,1900-01-01 00:02:50,Rdta,60
18999,22041.0,2025-01-01,85069996,CVIN01,1900-01-01 09:30:00,1900-01-01 09:30:20,Rdta,60
19008,22032.0,2025-01-01,85069939,FEMA00,1900-01-01 22:03:40,1900-01-01 21:58:15,Rdta,60
19013,22016.0,2025-01-01,85069974,CVIN01,1900-01-01 23:29:20,1900-01-01 23:32:54,Rdta,60
19015,22016.0,2025-01-01,85070036,CVIN01,1900-01-01 13:31:40,1900-01-01 13:38:04,Rdta,60
19017,22016.0,2025-01-01,85070031,FEMA00,1900-01-01 12:02:40,1900-01-01 12:04:43,Rdta,60
19019,22032.0,2025-01-01,85069936,CVIN01,1900-01-01 21:32:40,1900-01-01 21:31:06,Rdta,60
19022,22016.0,2025-01-01,85069973,FEMA00,1900-01-01 23:02:40,1900-01-01 23:03:22,Rdta,60
19023,22016.0,2025-01-01,85070032,CVIN01,1900-01-01 12:31:40,1900-01-01 12:34:40,Rdta,60
19024,22041.0,2025-01-01,85069991,FEMA00,1900-01-01 08:01:00,1900-01-01 08:05:29,Rdta,60
19026,22016.0,2025-01-01,85070024,CVIN01,1900-01-01 10:31:00,1900-01-01 10:32:54,Rdta,60
19027,22016.0,2025-01-01,85070027,FEMA00,1900-01-01 11:02:40,1900-01-01 11:07:15,Rdta,60
19028,22032.0,2025-01-01,85072391,FEMA00,1900-01-01 21:03:20,1900-01-01 21:01:33,Rdta,60
19029,22032.0,2025-01-01,85072389,FEMA00,1900-01-01 20:04:00,1900-01-01 20:03:46,Rdta,60
19030,22041.0,2025-01-01,85069988,CVIN01,1900-01-01 07:28:00,1900-01-01 07:28:27,Rdta,60
19031,22016.0,2025-01-01,85070035,FEMA00,1900-01-01 13:02:40,1900-01-01 13:04:45,Rdta,60
19033,22016.0,2025-01-01,85070028,CVIN01,1900-01-01 11:31:40,1900-01-01 11:35:12,Rdta,60
19528,22069.0,2025-01-01,85059363,CVIN01,1900-01-01 02:57:40,1900-01-01 03:03:47,Rdta,60
19543,22015.0,2025-01-01,85069910,GXAI00,1900-01-01 18:02:40,1900-01-01 18:09:39,Rdta,60
19564,22017.0,2025-01-01,85069948,CVIN01,1900-01-01 21:00:40,1900-01-01 20:58:06,Rdta,60
19571,22041.0,2025-01-01,85059343,GXAI00,1900-01-01 01:27:40,1900-01-01 01:38:58,Rdta,60
19574,22069.0,2025-01-01,85059332,GXAI00,1900-01-01 00:57:40,1900-01-01 00:55:44,Rdta,60
19591,22041.0,2025-01-01,85069984,CVIN01,1900-01-01 06:27:00,1900-01-01 06:31:09,Rdta,60
19592,22069.0,2025-01-01,85069913,CVIN01,1900-01-01 18:01:20,1900-01-01 18:04:57,Rdta,60
19593,22015.0,2025-01-01,85069962,GXAI00,1900-01-01 23:00:40,1900-01-01 22:58:50,Rdta,60
19594,22033.0,2025-01-01,85070056,GXAI00,1900-01-01 15:02:40,1900-01-01 15:05:05,Rdta,60
19595,22015.0,2025-01-01,85069907,CVIN01,1900-01-01 17:02:00,1900-01-01 17:09:18,Rdta,60
19596,22014.0,2025-01-01,85059354,GXPO00,1900-01-01 02:06:00,1900-01-01 02:39:40,Rdta,60
19597,22016.0,2025-01-01,85069896,CVIN01,1900-01-01 05:57:00,1900-01-01 06:01:33,Rdta,60
19598,22032.0,2025-01-01,85070050,GXAI00,1900-01-01 14:02:40,1900-01-01 14:05:20,Rdta,60
19599,22014.0,2025-01-01,85070002,CVIN01,1900-01-01 06:57:00,1900-01-01 06:55:40,Rdta,60
19600,22015.0,2025-01-01,85069959,CVIN01,1900-01-01 22:02:20,1900-01-01 22:01:37,Rdta,60
19601,22032.0,2025-01-01,85070047,CVIN01,1900-01-01 13:02:20,1900-01-01 13:04:00,Rdta,60
19602,22014.0,2025-01-01,85070005,GXAI00,1900-01-01 07:57:00,1900-01-01 07:55:09,Rdta,60
19603,22033.0,2025-01-01,85070061,GXAI00,1900-01-01 17:01:40,1900-01-01 17:03:03,Rdta,60
19604,22017.0,2025-01-01,85069951,GXAI00,1900-01-01 22:02:00,1900-01-01 22:01:36,Rdta,60
19605,22016.0,2025-01-01,85069942,CVIN01,1900-01-01 19:02:00,1900-01-01 19:04:11,Rdta,60
19606,22016.0,2025-01-01,85069945,GXAI00,1900-01-01 20:02:40,1900-01-01 20:12:47,Rdta,60
19607,22069.0,2025-01-01,85069921,GXAI00,1900-01-01 21:02:20,1900-01-01 21:08:25,Rdta,60
19608,22032.0,2025-01-01,85070042,CVIN01,1900-01-01 11:02:00,1900-01-01 11:07:47,Rdta,60
19609,22014.0,2025-01-01,85070007,CVIN01,1900-01-01 09:00:00,1900-01-01 08:58:55,Rdta,60
19610,22032.0,2025-01-01,85070045,GXAI00,1900-01-01 12:01:20,1900-01-01 12:03:05,Rdta,60
19611,22014.0,2025-01-01,85070085,GXAI00,1900-01-01 16:02:40,1900-01-01 16:01:05,Rdta,60
19612,22069.0,2025-01-01,85070013,CVIN01,1900-01-01 10:01:20,1900-01-01 10:06:15,Rdta,60
19613,22033.0,2025-01-01,85070058,CVIN01,1900-01-01 16:01:40,1900-01-01 16:04:09,Rdta,60
19614,22069.0,2025-01-01,85070016,GXAI00,1900-01-01 11:00:20,1900-01-01 11:02:53,Rdta,60
19615,22069.0,2025-01-01,85070021,GXAI00,1900-01-01 13:01:40,1900-01-01 13:04:09,Rdta,60
19616,22069.0,2025-01-01,85069916,GXAI00,1900-01-01 19:02:40,1900-01-01 19:10:20,Rdta,60
19617,22015.0,2025-01-01,85069964,CVIN01,1900-01-01 23:59:20,1900-01-01 00:00:01,Rdta,60
19618,22014.0,2025-01-01,85070082,CVIN01,1900-01-01 15:01:40,1900-01-01 15:04:23,Rdta,60
19619,22017.0,2025-01-01,85069953,CVIN01,1900-01-01 23:01:40,1900-01-01 23:02:09,Rdta,60
19620,22014.0,2025-01-01,85059351,CVIN01,1900-01-01 00:59:00,1900-01-01 01:04:51,Rdta,60
19621,22016.0,2025-01-01,85069899,GXAI00,1900-01-01 06:56:00,1900-01-01 07:05:08,Rdta,60
19622,22069.0,2025-01-01,85070018,CVIN01,1900-01-01 12:02:20,1900-01-01 12:03:49,Rdta,60
19623,22016.0,2025-01-01,85069904,GXAI00,1900-01-01 08:58:40,1900-01-01 09:03:33,Rdta,60
19624,22069.0,2025-01-01,85069918,CVIN01,1900-01-01 20:00:00,1900-01-01 20:02:51,Rdta,60
19625,22014.0,2025-01-01,85070010,GXAI00,1900-01-01 10:00:20,1900-01-01 09:57:26,Rdta,60
19626,22033.0,2025-01-01,85070053,CVIN01,1900-01-01 14:02:20,1900-01-01 14:07:03,Rdta,60
19627,22016.0,2025-01-01,85069901,CVIN01,1900-01-01 07:58:20,1900-01-01 08:00:22,Rdta,60
19628,22017.0,2025-01-01,85069956,GXAI00,1900-01-01 23:59:00,1900-01-01 23:55:58,Rdta,60
19646,22215.0,2025-01-01,85070106,AEROST,1900-01-01 15:20:00,1900-01-01 15:03:40,GEM’BUS,66
19653,22215.0,2025-01-01,85070118,AEROST,1900-01-01 21:20:00,1900-01-01 20:59:59,GEM’BUS,66
19657,22215.0,2025-01-01,85070122,AEROST,1900-01-01 23:20:00,1900-01-01 23:05:53,GEM’BUS,66
19663,22215.0,2025-01-01,85070102,AEROST,1900-01-01 13:20:00,1900-01-01 12:58:44,GEM’BUS,66
19664,22216.0,2025-01-01,85070132,AEROST,1900-01-01 10:20:00,1900-01-01 09:57:06,GEM’BUS,66
19666,22221.0,2025-01-01,85070156,AEROST,1900-01-01 22:20:00,1900-01-01 22:02:00,GEM’BUS,66
19677,22215.0,2025-01-01,85072662,AEROST,1900-01-01 07:20:00,1900-01-01 07:07:17,GEM’BUS,66
19678,22215.0,2025-01-01,85070110,AEROST,1900-01-01 17:20:00,1900-01-01 17:04:39,GEM’BUS,66
19683,22215.0,2025-01-01,85070114,AEROST,1900-01-01 19:20:00,1900-01-01 18:57:49,GEM’BUS,66
19689,22216.0,2025-01-01,85070138,VATH00,1900-01-01 13:15:00,1900-01-01 13:09:09,GEM’BUS,66
19691,21961.0,2025-01-01,85059665,AEROST,1900-01-01 00:20:00,1900-01-01 00:06:58,GEM’BUS,66
19693,22216.0,2025-01-01,85070128,AEROST,1900-01-01 08:20:00,1900-01-01 07:58:46,GEM’BUS,66
19695,22215.0,2025-01-01,85070089,AERO06,1900-01-01 06:53:00,1900-01-01 06:56:39,GEM’BUS,66
19697,22215.0,2025-01-01,85070091,AERO02,1900-01-01 07:21:00,1900-01-01 06:57:49,GEM’BUS,66
19699,22221.0,2025-01-01,85070144,AEROST,1900-01-01 16:20:00,1900-01-01 16:03:08,GEM’BUS,66
19704,22221.0,2025-01-01,85070152,AEROST,1900-01-01 20:20:00,1900-01-01 19:57:48,GEM’BUS,66
19707,22216.0,2025-01-01,85070136,AEROST,1900-01-01 12:20:00,1900-01-01 12:01:24,GEM’BUS,66
19710,22215.0,2025-01-01,85070098,AEROST,1900-01-01 11:20:00,1900-01-01 10:59:28,GEM’BUS,66
19711,22221.0,2025-01-01,85070140,AEROST,1900-01-01 14:20:00,1900-01-01 14:01:04,GEM’BUS,66
19714,22216.0,2025-01-01,85070135,AEROST,1900-01-01 11:58:00,1900-01-01 12:01:20,GEM’BUS,66
19717,22215.0,2025-01-01,85070094,AERO02,1900-01-01 09:21:00,1900-01-01 09:00:37,GEM’BUS,66
19718,22215.0,2025-01-01,85070093,AEROST,1900-01-01 08:57:00,1900-01-01 08:58:43,GEM’BUS,66
19719,22221.0,2025-01-01,85070143,AEROST,1900-01-01 15:58:00,1900-01-01 16:03:02,GEM’BUS,66
19720,22215.0,2025-01-01,85070087,VATH00,1900-01-01 06:15:00,1900-01-01 06:08:51,GEM’BUS,66
19721,22216.0,2025-01-01,85070131,AEROST,1900-01-01 09:58:00,1900-01-01 09:57:03,GEM’BUS,66
19727,22221.0,2025-01-01,85070155,AEROST,1900-01-01 21:52:00,1900-01-01 21:56:25,GEM’BUS,66
19728,22221.0,2025-01-01,85072668,PXPH00,1900-01-01 15:55:00,1900-01-01 16:28:04,GEM’BUS,66
19730,22221.0,2025-01-01,85070151,AEROST,1900-01-01 19:55:00,1900-01-01 19:57:44,GEM’BUS,66
19732,22215.0,2025-01-01,85072664,PXPH00,1900-01-01 20:49:55,1900-01-01 21:27:17,GEM’BUS,66
19733,22221.0,2025-01-01,85070148,AERO02,1900-01-01 18:21:00,1900-01-01 18:03:15,GEM’BUS,66
19738,22221.0,2025-01-01,85070147,AEROST,1900-01-01 17:57:00,1900-01-01 18:00:24,GEM’BUS,66
19744,22215.0,2025-01-01,85070105,AEROST,1900-01-01 14:58:00,1900-01-01 15:03:33,GEM’BUS,66
19745,22216.0,2025-01-01,85070127,AEROST,1900-01-01 07:56:00,1900-01-01 07:58:39,GEM’BUS,66
19749,22215.0,2025-01-01,85070121,AEROST,1900-01-01 22:52:00,1900-01-01 22:55:03,GEM’BUS,66
19755,22215.0,2025-01-01,85070097,AEROST,1900-01-01 10:58:00,1900-01-01 10:59:23,GEM’BUS,66
19756,22221.0,2025-01-01,85070139,AEROST,1900-01-01 13:58:00,1900-01-01 14:00:54,GEM’BUS,66
19760,22215.0,2025-01-01,85070109,AEROST,1900-01-01 16:57:00,1900-01-01 17:04:34,GEM’BUS,66
19761,22216.0,2025-01-01,85059731,DPGBU300,1900-01-01 01:09:00,1900-01-01 01:12:00,GEM’BUS,66
19763,22215.0,2025-01-01,85070117,AEROST,1900-01-01 20:53:00,1900-01-01 20:54:27,GEM’BUS,66
19768,22215.0,2025-01-01,85070113,AEROST,1900-01-01 18:55:00,1900-01-01 18:57:42,GEM’BUS,66
19769,22215.0,2025-01-01,85070101,AEROST,1900-01-01 12:58:00,1900-01-01 12:58:39,GEM’BUS,66
19770,22216.0,2025-01-01,85070125,VATH00,1900-01-01 07:15:00,1900-01-01 07:10:03,GEM’BUS,66
19774,22215.0,2025-01-01,85070090,AERO02,1900-01-01 07:21:00,1900-01-01 06:57:42,GEM’BUS,66
19775,22221.0,2025-01-01,85070159,DPGBU300,1900-01-01 00:09:00,1900-01-01 00:24:30,GEM’BUS,66
19778,22221.0,2025-01-01,85072670,PXPH00,1900-01-01 21:48:42,1900-01-01 22:27:31,GEM’BUS,66
19796,22221.0,2025-01-01,85070145,PXPH01,1900-01-01 16:23:17,1900-01-01 16:26:11,GEM’BUS,66
19804,22221.0,2025-01-01,85070157,PXPH01,1900-01-01 22:23:02,1900-01-01 22:25:23,GEM’BUS,66
19817,22215.0,2025-01-01,85070119,PXPH01,1900-01-01 21:23:13,1900-01-01 21:24:57,GEM’BUS,66
20436,22221.0,2025-01-01,85072667,AERO06,1900-01-01 13:56:40,1900-01-01 13:59:01,GEM’BUS,66
20542,22221.0,2025-01-01,85072669,VATH00,1900-01-01 17:04:20,1900-01-01 17:05:03,GEM’BUS,66
20546,22221.0,2025-01-01,85072671,VATH00,1900-01-01 23:02:00,1900-01-01 23:10:50,GEM’BUS,66
20554,22215.0,2025-01-01,85072665,VATH00,1900-01-01 22:03:20,1900-01-01 22:06:34,GEM’BUS,66
20557,22216.0,2025-01-01,85059730,AERO06,1900-01-01 00:49:20,1900-01-01 00:56:36,GEM’BUS,66
20564,22221.0,2025-01-01,85070150,AERO06,1900-01-01 19:53:20,1900-01-01 19:56:06,GEM’BUS,66
20570,22216.0,2025-01-01,85070134,AERO06,1900-01-01 11:56:40,1900-01-01 11:59:25,GEM’BUS,66
20571,22215.0,2025-01-01,85070112,AERO06,1900-01-01 18:53:40,1900-01-01 18:55:36,GEM’BUS,66
20573,22216.0,2025-01-01,85070130,AERO06,1900-01-01 09:56:00,1900-01-01 09:55:23,GEM’BUS,66
20579,22215.0,2025-01-01,85070116,AERO06,1900-01-01 20:51:20,1900-01-01 20:52:23,GEM’BUS,66
20585,22221.0,2025-01-01,85070158,AERO06,1900-01-01 23:49:20,1900-01-01 23:52:29,GEM’BUS,66
20594,22215.0,2025-01-01,85070100,AERO06,1900-01-01 12:56:40,1900-01-01 12:56:31,GEM’BUS,66
20597,22215.0,2025-01-01,85070123,POEM00,1900-01-01 23:57:03,1900-01-01 00:01:03,GEM’BUS,66
20599,22221.0,2025-01-01,85070146,AERO06,1900-01-01 17:55:20,1900-01-01 17:58:24,GEM’BUS,66
20604,21961.0,2025-01-01,85059666,POEM00,1900-01-01 00:56:16,1900-01-01 00:58:37,GEM’BUS,66
20607,22216.0,2025-01-01,85070137,POEM00,1900-01-01 13:00:03,1900-01-01 13:06:10,GEM’BUS,66
20611,22221.0,2025-01-01,85070154,AERO06,1900-01-01 21:50:00,1900-01-01 21:54:32,GEM’BUS,66
20613,22215.0,2025-01-01,85070092,AERO06,1900-01-01 08:55:20,1900-01-01 08:56:48,GEM’BUS,66
20616,22216.0,2025-01-01,85070133,VATH00,1900-01-01 11:03:40,1900-01-01 11:03:41,GEM’BUS,66
20617,22215.0,2025-01-01,85070108,AERO06,1900-01-01 16:55:20,1900-01-01 17:02:22,GEM’BUS,66
20618,22215.0,2025-01-01,85070107,VATH00,1900-01-01 16:04:00,1900-01-01 16:14:15,GEM’BUS,66
20619,22215.0,2025-01-01,85070111,VATH00,1900-01-01 18:04:40,1900-01-01 18:12:18,GEM’BUS,66
20620,22215.0,2025-01-01,85070104,AERO06,1900-01-01 14:56:20,1900-01-01 15:01:35,GEM’BUS,66
20621,22215.0,2025-01-01,85072663,VATH00,1900-01-01 08:01:40,1900-01-01 08:02:04,GEM’BUS,66
20622,22216.0,2025-01-01,85070129,VATH00,1900-01-01 09:02:20,1900-01-01 09:07:13,GEM’BUS,66
20623,22215.0,2025-01-01,85070115,VATH00,1900-01-01 20:04:20,1900-01-01 20:06:13,GEM’BUS,66
20624,22215.0,2025-01-01,85070088,AERO06,1900-01-01 06:53:40,1900-01-01 06:56:31,GEM’BUS,66
20625,22216.0,2025-01-01,85070126,AERO06,1900-01-01 07:54:40,1900-01-01 07:56:37,GEM’BUS,66
20626,22215.0,2025-01-01,85070099,VATH00,1900-01-01 12:03:40,1900-01-01 12:05:29,GEM’BUS,66
20627,22221.0,2025-01-01,85070141,VATH00,1900-01-01 15:04:00,1900-01-01 15:06:50,GEM’BUS,66
20628,22221.0,2025-01-01,85070142,AERO06,1900-01-01 15:56:40,1900-01-01 16:00:37,GEM’BUS,66
20629,22221.0,2025-01-01,85070153,VATH00,1900-01-01 21:03:40,1900-01-01 21:06:38,GEM’BUS,66
20630,22215.0,2025-01-01,85070096,AERO06,1900-01-01 10:56:00,1900-01-01 10:57:23,GEM’BUS,66
20631,22215.0,2025-01-01,85070120,AERO06,1900-01-01 22:50:00,1900-01-01 22:52:59,GEM’BUS,66
20632,22215.0,2025-01-01,85070103,VATH00,1900-01-01 14:03:40,1900-01-01 14:04:22,GEM’BUS,66
20633,22215.0,2025-01-01,85070095,VATH00,1900-01-01 10:02:20,1900-01-01 10:01:42,GEM’BUS,66
20634,22221.0,2025-01-01,85070149,VATH00,1900-01-01 19:04:40,1900-01-01 19:12:43,GEM’BUS,66
20637,22051.0,2025-01-01,85070174,GRVI06,1900-01-01 15:29:00,1900-01-01 15:12:10,GLOBE,67
20644,22083.0,2025-01-01,85070185,GRVI06,1900-01-01 10:25:00,1900-01-01 09:58:50,GLOBE,67
20645,22086.0,2025-01-01,85059831,CROE00,1900-01-01 01:08:00,1900-01-01 01:07:24,GLOBE,67
20673,22051.0,2025-01-01,85070165,GRVI06,1900-01-01 09:25:00,1900-01-01 09:21:13,GLOBE,67
20678,22051.0,2025-01-01,85070171,GRVI06,1900-01-01 13:25:00,1900-01-01 12:58:04,GLOBE,67
20687,22083.0,2025-01-01,85070194,GRVI03,1900-01-01 16:30:00,1900-01-01 16:32:08,GLOBE,67
20689,22083.0,2025-01-01,85070200,GRVI03,1900-01-01 20:30:00,1900-01-01 20:31:37,GLOBE,67
20695,22051.0,2025-01-01,85070162,GRVI03,1900-01-01 07:26:00,1900-01-01 07:27:50,GLOBE,67
20696,22083.0,2025-01-01,85070191,GRVI03,1900-01-01 14:30:00,1900-01-01 14:30:34,GLOBE,67
20698,22051.0,2025-01-01,85072424,GRVI03,1900-01-01 15:30:00,1900-01-01 15:29:34,GLOBE,67
20703,22083.0,2025-01-01,85070203,GRVI03,1900-01-01 22:35:00,1900-01-01 22:37:11,GLOBE,67
20709,22051.0,2025-01-01,85070177,GRVI03,1900-01-01 17:30:00,1900-01-01 17:30:10,GLOBE,67
20710,22083.0,2025-01-01,85070188,GRVI03,1900-01-01 12:26:00,1900-01-01 12:28:40,GLOBE,67
20711,22083.0,2025-01-01,85070197,GRVI03,1900-01-01 18:30:00,1900-01-01 18:31:36,GLOBE,67
20719,22051.0,2025-01-01,85070168,GRVI03,1900-01-01 11:26:00,1900-01-01 11:25:31,GLOBE,67
20720,22051.0,2025-01-01,85070180,GRVI03,1900-01-01 19:30:00,1900-01-01 19:30:20,GLOBE,67
21322,22051.0,2025-01-01,85070178,CROR00,1900-01-01 18:04:26,1900-01-01 18:04:23,GLOBE,67
21330,22051.0,2025-01-01,85070175,CROR00,1900-01-01 16:04:09,1900-01-01 16:05:53,GLOBE,67
21336,22083.0,2025-01-01,85070189,CROR00,1900-01-01 12:59:26,1900-01-01 13:02:41,GLOBE,67
21344,22051.0,2025-01-01,85070172,CROR00,1900-01-01 13:59:46,1900-01-01 14:00:07,GLOBE,67
21350,22083.0,2025-01-01,85070195,CROR00,1900-01-01 17:04:09,1900-01-01 17:05:19,GLOBE,67
21352,22051.0,2025-01-01,85070176,GRVI06,1900-01-01 16:55:20,1900-01-01 16:57:37,GLOBE,67
21353,22083.0,2025-01-01,85070202,GRVI06,1900-01-01 21:54:40,1900-01-01 21:55:46,GLOBE,67
21354,22051.0,2025-01-01,85070169,CROE00,1900-01-01 12:01:20,1900-01-01 12:02:15,GLOBE,67
21355,22083.0,2025-01-01,85070198,CROE00,1900-01-01 19:06:20,1900-01-01 19:08:44,GLOBE,67
21356,22083.0,2025-01-01,85070190,GRVI06,1900-01-01 13:55:00,1900-01-01 13:57:57,GLOBE,67
21357,22083.0,2025-01-01,85070187,GRVI06,1900-01-01 11:54:40,1900-01-01 11:55:01,GLOBE,67
21358,22086.0,2025-01-01,85059830,CROE00,1900-01-01 01:08:00,1900-01-01 01:07:10,GLOBE,67
21359,22051.0,2025-01-01,85070170,GRVI06,1900-01-01 12:54:40,1900-01-01 12:57:25,GLOBE,67
21360,22083.0,2025-01-01,85070205,GRVI06,1900-01-01 23:55:00,1900-01-01 23:55:25,GLOBE,67
21361,22051.0,2025-01-01,85070173,GRVI06,1900-01-01 14:56:00,1900-01-01 14:56:19,GLOBE,67
21362,22083.0,2025-01-01,85070193,GRVI06,1900-01-01 15:56:00,1900-01-01 16:01:10,GLOBE,67
21363,22051.0,2025-01-01,85070181,CROE00,1900-01-01 20:06:20,1900-01-01 20:04:53,GLOBE,67
21364,22051.0,2025-01-01,85070179,GRVI06,1900-01-01 18:54:40,1900-01-01 18:53:54,GLOBE,67
21365,22083.0,2025-01-01,85070204,CROE00,1900-01-01 23:10:20,1900-01-01 23:10:34,GLOBE,67
21366,22083.0,2025-01-01,85070201,CROE00,1900-01-01 21:06:20,1900-01-01 21:07:25,GLOBE,67
21367,22083.0,2025-01-01,85070184,GRVI06,1900-01-01 09:55:00,1900-01-01 09:58:33,GLOBE,67
21368,22083.0,2025-01-01,85070196,GRVI06,1900-01-01 17:55:00,1900-01-01 17:57:58,GLOBE,67
21369,22083.0,2025-01-01,85070192,CROE00,1900-01-01 15:05:40,1900-01-01 15:09:16,GLOBE,67
21370,22051.0,2025-01-01,85070167,GRVI06,1900-01-01 10:55:00,1900-01-01 10:54:22,GLOBE,67
21371,22083.0,2025-01-01,85070199,GRVI06,1900-01-01 19:54:40,1900-01-01 19:57:33,GLOBE,67
21372,22051.0,2025-01-01,85070161,GRVI06,1900-01-01 06:54:20,1900-01-01 06:53:39,GLOBE,67
21373,22051.0,2025-01-01,85070166,CROE00,1900-01-01 10:01:20,1900-01-01 09:59:02,GLOBE,67
21374,22083.0,2025-01-01,85070186,CROE00,1900-01-01 11:01:20,1900-01-01 11:02:18,GLOBE,67
21375,22051.0,2025-01-01,85070163,CROE00,1900-01-01 08:00:00,1900-01-01 07:58:02,GLOBE,67
21376,22051.0,2025-01-01,85070164,GRVI06,1900-01-01 08:54:40,1900-01-01 08:53:47,GLOBE,67
21394,22214.0,2025-01-01,85070230,DPGBU300,1900-01-01 05:40:00,1900-01-01 05:42:39,GEM’BUS,68
21405,22220.0,2025-01-01,85059913,SGBO00,1900-01-01 02:12:00,1900-01-01 02:18:47,GEM’BUS,68
21410,22221.0,2025-01-01,85059998,DPGBU300,1900-01-01 01:43:00,1900-01-01 01:36:16,GEM’BUS,68
21453,22212.0,2025-01-01,85070209,BLDO04,1900-01-01 06:02:00,1900-01-01 05:56:21,GEM’BUS,68
21467,22220.0,2025-01-01,85059916,DPGBU300,1900-01-01 03:40:00,1900-01-01 03:40:26,GEM’BUS,68
21468,22018.0,2025-01-01,85059887,DPGBU300,1900-01-01 00:55:00,1900-01-01 00:56:51,GEM’BUS,68
22023,22221.0,2025-01-01,85059996,BLDO04,1900-01-01 00:44:20,1900-01-01 00:42:27,GEM’BUS,68
22052,22018.0,2025-01-01,85059886,JMON00,1900-01-01 00:50:00,1900-01-01 00:50:47,GEM’BUS,68
22104,22220.0,2025-01-01,85059915,SGLO00,1900-01-01 03:28:15,1900-01-01 03:28:46,GEM’BUS,68
22153,22220.0,2025-01-01,85059914,BLDO04,1900-01-01 02:49:00,1900-01-01 02:47:16,GEM’BUS,68
22167,22220.0,2025-01-01,85059912,SGBO00,1900-01-01 02:12:40,1900-01-01 02:18:38,GEM’BUS,68
22272,22212.0,2025-01-01,85070212,THMA03,1900-01-01 08:38:40,1900-01-01 08:38:40,GEM’BUS,68
22275,22212.0,2025-01-01,85070214,THMA03,1900-01-01 10:39:20,1900-01-01 10:43:25,GEM’BUS,68
22277,22212.0,2025-01-01,85070210,THMA03,1900-01-01 06:37:20,1900-01-01 06:38:40,GEM’BUS,68
22282,22214.0,2025-01-01,85070231,PRGM07,1900-01-01 06:29:25,1900-01-01 06:31:34,GEM’BUS,68
22283,22212.0,2025-01-01,85070216,THMA03,1900-01-01 12:39:00,1900-01-01 12:38:32,GEM’BUS,68
22284,22214.0,2025-01-01,85070232,THMA03,1900-01-01 07:37:20,1900-01-01 07:38:04,GEM’BUS,68
22285,22214.0,2025-01-01,85070233,BLDO04,1900-01-01 08:56:20,1900-01-01 08:56:38,GEM’BUS,68
22290,22212.0,2025-01-01,85070218,THMA03,1900-01-01 14:29:20,1900-01-01 14:30:28,GEM’BUS,68
22293,22214.0,2025-01-01,85070236,THMA03,1900-01-01 11:42:20,1900-01-01 11:44:25,GEM’BUS,68
22295,22214.0,2025-01-01,85070240,THMA03,1900-01-01 15:29:20,1900-01-01 15:36:41,GEM’BUS,68
22303,22214.0,2025-01-01,85070238,THMA03,1900-01-01 13:39:00,1900-01-01 13:40:46,GEM’BUS,68
22307,22214.0,2025-01-01,85070234,THMA03,1900-01-01 09:41:00,1900-01-01 09:40:52,GEM’BUS,68
22308,22212.0,2025-01-01,85070220,THMA03,1900-01-01 16:29:20,1900-01-01 16:31:13,GEM’BUS,68
22309,22214.0,2025-01-01,85070235,BLDO04,1900-01-01 10:56:40,1900-01-01 10:56:39,GEM’BUS,68
22314,22214.0,2025-01-01,85070237,BLDO04,1900-01-01 12:56:40,1900-01-01 12:58:08,GEM’BUS,68
22318,22214.0,2025-01-01,85070241,BLDO04,1900-01-01 16:46:40,1900-01-01 16:46:07,GEM’BUS,68
22323,22212.0,2025-01-01,85070219,BLDO04,1900-01-01 15:46:40,1900-01-01 15:46:18,GEM’BUS,68
22325,22212.0,2025-01-01,85070215,BLDO04,1900-01-01 11:56:40,1900-01-01 11:56:39,GEM’BUS,68
22328,22212.0,2025-01-01,85070213,BLDO04,1900-01-01 09:57:00,1900-01-01 09:55:05,GEM’BUS,68
22333,22214.0,2025-01-01,85070239,BLDO04,1900-01-01 14:47:00,1900-01-01 14:46:14,GEM’BUS,68
22334,22212.0,2025-01-01,85070217,BLDO04,1900-01-01 13:46:40,1900-01-01 13:49:15,GEM’BUS,68
22335,22212.0,2025-01-01,85070211,BLDO04,1900-01-01 07:37:40,1900-01-01 07:40:39,GEM’BUS,68
22336,22221.0,2025-01-01,85059997,VATH01,1900-01-01 01:33:40,1900-01-01 01:31:48,GEM’BUS,68
22337,22214.0,2025-01-01,85070244,VATH01,1900-01-01 19:35:00,1900-01-01 19:37:51,GEM’BUS,68
22338,22214.0,2025-01-01,85070245,BLDO04,1900-01-01 20:40:20,1900-01-01 20:40:07,GEM’BUS,68
22339,22214.0,2025-01-01,85070246,VATH01,1900-01-01 21:35:20,1900-01-01 21:36:17,GEM’BUS,68
22340,22214.0,2025-01-01,85070247,BLDO04,1900-01-01 22:19:40,1900-01-01 22:15:48,GEM’BUS,68
22341,22214.0,2025-01-01,85070249,BLDO04,1900-01-01 00:28:40,1900-01-01 00:25:46,GEM’BUS,68
22342,22214.0,2025-01-01,85070248,VATH01,1900-01-01 23:44:00,1900-01-01 23:39:49,GEM’BUS,68
22343,22214.0,2025-01-01,85070243,BLDO04,1900-01-01 18:48:00,1900-01-01 18:49:15,GEM’BUS,68
22344,22214.0,2025-01-01,85070242,VATH01,1900-01-01 17:35:00,1900-01-01 17:34:36,GEM’BUS,68
22345,22212.0,2025-01-01,85070223,BLDO04,1900-01-01 19:40:40,1900-01-01 19:39:43,GEM’BUS,68
22346,22212.0,2025-01-01,85070221,BLDO04,1900-01-01 17:36:00,1900-01-01 17:34:01,GEM’BUS,68
22347,22220.0,2025-01-01,85059911,BLDO04,1900-01-01 01:30:20,1900-01-01 01:31:30,GEM’BUS,68
22348,22212.0,2025-01-01,85070225,BLDO04,1900-01-01 21:29:00,1900-01-01 21:27:59,GEM’BUS,68
22349,22212.0,2025-01-01,85070226,VATH01,1900-01-01 22:36:00,1900-01-01 22:35:18,GEM’BUS,68
22350,22212.0,2025-01-01,85070227,BLDO04,1900-01-01 23:28:40,1900-01-01 23:31:04,GEM’BUS,68
22351,22212.0,2025-01-01,85070224,VATH01,1900-01-01 20:36:00,1900-01-01 20:33:27,GEM’BUS,68
22352,22212.0,2025-01-01,85070222,VATH01,1900-01-01 18:35:00,1900-01-01 18:32:53,GEM’BUS,68
22353,22212.0,2025-01-01,85070228,VATH00,1900-01-01 00:36:20,1900-01-01 00:32:34,GEM’BUS,68
22354,22008.0,2025-01-01,85070509,CRCO04,1900-01-01 16:20:00,1900-01-01 16:36:27,ODIER,70
22361,22048.0,2025-01-01,85060431,CRCO04,1900-01-01 00:22:00,1900-01-01 00:24:55,ODIER,70
22363,22003.0,2025-01-01,85070489,CRCO04,1900-01-01 11:50:00,1900-01-01 11:54:00,ODIER,70
22367,22003.0,2025-01-01,85070484,CRCO04,1900-01-01 10:50:00,1900-01-01 10:53:41,ODIER,70
22370,22003.0,2025-01-01,85070481,SYGA01,1900-01-01 10:25:00,1900-01-01 10:28:21,ODIER,70
22371,22003.0,2025-01-01,85070491,SYGA01,1900-01-01 12:25:00,1900-01-01 12:29:15,ODIER,70
22372,22003.0,2025-01-01,85070479,CRCO04,1900-01-01 09:50:00,1900-01-01 09:56:07,ODIER,70
22377,22008.0,2025-01-01,85070504,CRCO04,1900-01-01 15:20:00,1900-01-01 15:35:00,ODIER,70
22382,22003.0,2025-01-01,85070487,SYGAST,1900-01-01 11:34:00,1900-01-01 11:28:28,ODIER,70
22384,22003.0,2025-01-01,85070486,SYGA01,1900-01-01 11:25:00,1900-01-01 11:27:32,ODIER,70
22385,22008.0,2025-01-01,85070494,CRCO04,1900-01-01 13:20:00,1900-01-01 13:38:07,ODIER,70
22390,22008.0,2025-01-01,85070499,CRCO04,1900-01-01 14:20:00,1900-01-01 14:38:02,ODIER,70
22394,22008.0,2025-01-01,85070514,CRCO04,1900-01-01 17:20:00,1900-01-01 17:23:09,ODIER,70
22395,22048.0,2025-01-01,85060433,SYGAST,1900-01-01 00:54:00,1900-01-01 00:56:33,ODIER,70
22397,22048.0,2025-01-01,85060434,SYGA00,1900-01-01 01:21:00,1900-01-01 01:46:20,ODIER,70
22399,22008.0,2025-01-01,85070512,SYGA00,1900-01-01 17:05:00,1900-01-01 17:05:22,ODIER,70
22400,22008.0,2025-01-01,85070511,SYGAST,1900-01-01 16:55:00,1900-01-01 16:56:48,ODIER,70
22405,22008.0,2025-01-01,85070507,SYGA00,1900-01-01 16:05:00,1900-01-01 16:05:38,ODIER,70
22406,22008.0,2025-01-01,85070506,SYGAST,1900-01-01 15:55:00,1900-01-01 15:57:24,ODIER,70
22411,22008.0,2025-01-01,85070496,SYGAST,1900-01-01 13:56:00,1900-01-01 13:55:43,ODIER,70
22412,22008.0,2025-01-01,85070497,SYGA00,1900-01-01 14:05:00,1900-01-01 14:05:07,ODIER,70
22416,22008.0,2025-01-01,85070501,SYGAST,1900-01-01 14:55:00,1900-01-01 14:56:34,ODIER,70
22417,22008.0,2025-01-01,85070502,SYGA00,1900-01-01 15:05:00,1900-01-01 15:05:22,ODIER,70
22419,22048.0,2025-01-01,85060429,SYGA00,1900-01-01 00:08:00,1900-01-01 00:08:29,ODIER,70
22588,22003.0,2025-01-01,85070478,CRCO04,1900-01-01 09:50:20,1900-01-01 09:54:48,ODIER,70
22593,22008.0,2025-01-01,85070508,CRCO04,1900-01-01 16:20:40,1900-01-01 16:23:32,ODIER,70
22594,22008.0,2025-01-01,85070500,SYGA01,1900-01-01 14:54:40,1900-01-01 14:56:00,ODIER,70
22595,22003.0,2025-01-01,85070488,CRCO04,1900-01-01 11:50:40,1900-01-01 11:53:21,ODIER,70
22596,22008.0,2025-01-01,85070503,CRCO04,1900-01-01 15:20:40,1900-01-01 15:22:27,ODIER,70
22597,22003.0,2025-01-01,85070480,SYGA01,1900-01-01 10:25:20,1900-01-01 10:27:59,ODIER,70
22598,22008.0,2025-01-01,85070495,SYGA01,1900-01-01 13:55:00,1900-01-01 13:54:41,ODIER,70
22599,22048.0,2025-01-01,85060430,CRCO04,1900-01-01 00:22:20,1900-01-01 00:24:31,ODIER,70
22600,22008.0,2025-01-01,85070498,CRCO04,1900-01-01 14:20:40,1900-01-01 14:22:15,ODIER,70
22601,22048.0,2025-01-01,85060432,SYGA01,1900-01-01 00:53:40,1900-01-01 00:56:03,ODIER,70
22602,22003.0,2025-01-01,85070483,CRCO04,1900-01-01 10:50:20,1900-01-01 10:53:04,ODIER,70
22603,22008.0,2025-01-01,85070493,CRCO04,1900-01-01 13:20:40,1900-01-01 13:20:42,ODIER,70
22604,22003.0,2025-01-01,85070490,SYGA01,1900-01-01 12:25:00,1900-01-01 12:28:17,ODIER,70
22605,22003.0,2025-01-01,85070485,SYGA01,1900-01-01 11:25:00,1900-01-01 11:26:47,ODIER,70
22606,22008.0,2025-01-01,85070510,SYGA01,1900-01-01 16:54:40,1900-01-01 16:56:11,ODIER,70
22607,22008.0,2025-01-01,85070505,SYGA01,1900-01-01 15:54:40,1900-01-01 15:56:42,ODIER,70
22608,22008.0,2025-01-01,85070513,CRCO04,1900-01-01 17:20:40,1900-01-01 17:22:25,ODIER,70
22612,22010.0,2025-01-01,85060523,HTOU03,1900-01-01 01:49:00,1900-01-01 01:50:43,GLOBE,71
22616,22174.0,2025-01-01,85072637,MYCT00,1900-01-01 16:35:00,1900-01-01 15:55:35,GLOBE,71
22617,22049.0,2025-01-01,85060518,MYCT00,1900-01-01 00:06:00,1900-01-01 00:00:45,GLOBE,71
22641,22010.0,2025-01-01,85060520,HTOU02,1900-01-01 01:00:00,1900-01-01 00:36:15,GLOBE,71
22646,22010.0,2025-01-01,85060527,HTOU03,1900-01-01 02:49:00,1900-01-01 02:48:48,GLOBE,71
22657,22058.0,2025-01-01,85070598,MYCT00,1900-01-01 15:36:00,1900-01-01 15:00:15,GLOBE,71
22670,22174.0,2025-01-01,85072633,SYGA01,1900-01-01 05:35:00,1900-01-01 05:29:46,GLOBE,71
22700,22046.0,2025-01-01,85070581,DPGLOB00,1900-01-01 00:10:00,1900-01-01 00:08:32,GLOBE,71
22713,22010.0,2025-01-01,85060519,HTOU02,1900-01-01 00:37:00,1900-01-01 00:33:35,GLOBE,71
22751,22174.0,2025-01-01,85072634,MYCT00,1900-01-01 07:55:40,1900-01-01 08:25:18,GLOBE,71
22754,22170.0,2025-01-01,85072623,MYCT00,1900-01-01 14:55:40,1900-01-01 15:30:26,GLOBE,71
22760,22049.0,2025-01-01,85070568,MYCT00,1900-01-01 15:55:40,1900-01-01 16:41:29,GLOBE,71
22775,22174.0,2025-01-01,85070557,SCEC01,1900-01-01 08:40:52,1900-01-01 07:59:44,GLOBE,71
23131,22010.0,2025-01-01,85060524,SYGA00,1900-01-01 02:12:20,1900-01-01 02:10:05,GLOBE,71
23141,22010.0,2025-01-01,85060526,HTOU03,1900-01-01 02:49:40,1900-01-01 02:48:13,GLOBE,71
23145,22010.0,2025-01-01,85060528,SYGA00,1900-01-01 03:12:20,1900-01-01 03:11:17,GLOBE,71
23155,22010.0,2025-01-01,85060522,HTOU03,1900-01-01 01:49:40,1900-01-01 01:50:24,GLOBE,71
23165,22058.0,2025-01-01,85070594,MYCT00,1900-01-01 12:55:40,1900-01-01 13:00:03,GLOBE,71
23172,22010.0,2025-01-01,85072353,SYGA00,1900-01-01 01:12:20,1900-01-01 01:10:06,GLOBE,71
23303,22049.0,2025-01-01,85060568,VAUD01,1900-01-01 00:49:00,1900-01-01 00:47:31,GLOBE,71
23407,22058.0,2025-01-01,85070592,SYGA00,1900-01-01 12:00:00,1900-01-01 12:00:23,GLOBE,71
23419,22058.0,2025-01-01,85070589,SYGA00,1900-01-01 09:59:40,1900-01-01 09:59:04,GLOBE,71
23425,22058.0,2025-01-01,85070595,SYGA00,1900-01-01 14:00:00,1900-01-01 14:05:24,GLOBE,71
23432,22058.0,2025-01-01,85070583,SYGA00,1900-01-01 06:00:40,1900-01-01 06:00:08,GLOBE,71
23439,22010.0,2025-01-01,85072352,SYGA00,1900-01-01 00:30:00,1900-01-01 00:27:34,GLOBE,71
23456,22174.0,2025-01-01,85070566,SYGA00,1900-01-01 15:00:00,1900-01-01 15:00:54,GLOBE,71
23477,22170.0,2025-01-01,85070606,MYCT00,1900-01-01 20:55:00,1900-01-01 20:56:30,GLOBE,71
23478,22170.0,2025-01-01,85070609,MYCT00,1900-01-01 22:55:40,1900-01-01 22:58:10,GLOBE,71
23479,22174.0,2025-01-01,85070565,MYCT00,1900-01-01 13:55:20,1900-01-01 13:54:17,GLOBE,71
23480,22170.0,2025-01-01,85070610,SYGA00,1900-01-01 23:59:40,1900-01-01 00:00:37,GLOBE,71
23481,22170.0,2025-01-01,85072624,SYGA00,1900-01-01 16:00:20,1900-01-01 16:02:24,GLOBE,71
23482,22046.0,2025-01-01,85070572,SYGA00,1900-01-01 19:00:40,1900-01-01 18:59:55,GLOBE,71
23483,22049.0,2025-01-01,85070571,MYCT00,1900-01-01 17:56:00,1900-01-01 17:58:43,GLOBE,71
23484,22170.0,2025-01-01,85070603,MYCT00,1900-01-01 18:56:20,1900-01-01 18:58:47,GLOBE,71
23485,22170.0,2025-01-01,85070604,SYGA00,1900-01-01 20:00:20,1900-01-01 19:58:50,GLOBE,71
23486,22170.0,2025-01-01,85070607,SYGA00,1900-01-01 21:59:40,1900-01-01 21:59:10,GLOBE,71
23487,22046.0,2025-01-01,85070580,MYCT00,1900-01-01 23:55:40,1900-01-01 23:58:41,GLOBE,71
23488,22058.0,2025-01-01,85070588,MYCT00,1900-01-01 08:55:40,1900-01-01 08:55:25,GLOBE,71
23489,22046.0,2025-01-01,85070575,SYGA00,1900-01-01 21:00:20,1900-01-01 21:01:52,GLOBE,71
23490,22170.0,2025-01-01,85070600,MYCT00,1900-01-01 16:56:20,1900-01-01 17:00:34,GLOBE,71
23491,22174.0,2025-01-01,85072635,SYGA00,1900-01-01 08:59:40,1900-01-01 08:59:27,GLOBE,71
23492,22170.0,2025-01-01,85070601,SYGA00,1900-01-01 18:01:20,1900-01-01 18:03:29,GLOBE,71
23493,22058.0,2025-01-01,85070591,MYCT00,1900-01-01 10:55:20,1900-01-01 10:58:11,GLOBE,71
23494,22046.0,2025-01-01,85070574,MYCT00,1900-01-01 19:56:20,1900-01-01 19:57:15,GLOBE,71
23495,22058.0,2025-01-01,85070586,SYGA00,1900-01-01 08:00:00,1900-01-01 07:59:57,GLOBE,71
23496,22058.0,2025-01-01,85070585,MYCT00,1900-01-01 06:56:20,1900-01-01 06:56:11,GLOBE,71
23497,22058.0,2025-01-01,85070597,MYCT00,1900-01-01 14:55:40,1900-01-01 14:57:53,GLOBE,71
23498,22049.0,2025-01-01,85070569,SYGA00,1900-01-01 17:01:00,1900-01-01 17:01:30,GLOBE,71
23499,22174.0,2025-01-01,85070556,MYCT00,1900-01-01 07:55:40,1900-01-01 07:54:50,GLOBE,71
23500,22174.0,2025-01-01,85070563,SYGA00,1900-01-01 13:00:00,1900-01-01 13:00:07,GLOBE,71
23501,22046.0,2025-01-01,85070578,SYGA00,1900-01-01 22:59:40,1900-01-01 23:00:00,GLOBE,71
23502,22046.0,2025-01-01,85070577,MYCT00,1900-01-01 21:55:40,1900-01-01 21:59:14,GLOBE,71
23503,22174.0,2025-01-01,85070562,MYCT00,1900-01-01 11:55:40,1900-01-01 11:55:07,GLOBE,71
23504,22174.0,2025-01-01,85070554,SYGA00,1900-01-01 07:00:40,1900-01-01 06:59:39,GLOBE,71
23505,22174.0,2025-01-01,85070553,MYCT00,1900-01-01 05:56:20,1900-01-01 05:56:40,GLOBE,71
23506,22174.0,2025-01-01,85070560,SYGA00,1900-01-01 11:00:40,1900-01-01 10:59:13,GLOBE,71
23507,22174.0,2025-01-01,85072636,MYCT00,1900-01-01 15:55:40,1900-01-01 15:55:12,GLOBE,71
23508,22174.0,2025-01-01,85070559,MYCT00,1900-01-01 09:55:40,1900-01-01 09:54:15,GLOBE,71
23521,22049.0,2025-01-01,85060567,SYGA00,1900-01-01 00:07:00,1900-01-01 23:27:48,GLOBE,72
23537,22010.0,2025-01-01,85060530,DPGLOB00,1900-01-01 03:51:00,1900-01-01 03:46:24,GLOBE,72
23864,22046.0,2025-01-01,85070576,SYGA01,1900-01-01 21:26:40,1900-01-01 21:27:38,GLOBE,72
23865,22058.0,2025-01-01,85070596,SYGA01,1900-01-01 14:24:40,1900-01-01 14:27:44,GLOBE,72
23866,22058.0,2025-01-01,85070587,SYGA01,1900-01-01 08:24:00,1900-01-01 08:23:51,GLOBE,72
23867,22049.0,2025-01-01,85070570,SYGA01,1900-01-01 17:25:00,1900-01-01 17:25:42,GLOBE,72
23868,22058.0,2025-01-01,85070584,SYGA01,1900-01-01 06:24:00,1900-01-01 06:23:56,GLOBE,72
23869,22010.0,2025-01-01,85060529,SYGA01,1900-01-01 03:39:40,1900-01-01 03:35:33,GLOBE,72
23870,22046.0,2025-01-01,85070573,SYGA01,1900-01-01 19:25:00,1900-01-01 19:26:24,GLOBE,72
23871,22058.0,2025-01-01,85070593,SYGA01,1900-01-01 12:24:40,1900-01-01 12:25:02,GLOBE,72
23872,22174.0,2025-01-01,85070564,SYGA01,1900-01-01 13:24:20,1900-01-01 13:26:02,GLOBE,72
23873,22170.0,2025-01-01,85070605,SYGA01,1900-01-01 20:25:00,1900-01-01 20:25:34,GLOBE,72
23874,22010.0,2025-01-01,85060525,SYGA01,1900-01-01 02:39:40,1900-01-01 02:37:30,GLOBE,72
23875,22010.0,2025-01-01,85060521,SYGA01,1900-01-01 01:39:40,1900-01-01 01:40:44,GLOBE,72
23876,22046.0,2025-01-01,85070579,SYGA01,1900-01-01 23:26:40,1900-01-01 23:28:32,GLOBE,72
23877,22170.0,2025-01-01,85070599,SYGA01,1900-01-01 16:25:00,1900-01-01 16:27:20,GLOBE,72
23878,22174.0,2025-01-01,85070555,SYGA01,1900-01-01 07:24:00,1900-01-01 07:29:23,GLOBE,72
23879,22058.0,2025-01-01,85070590,SYGA01,1900-01-01 10:24:00,1900-01-01 10:24:08,GLOBE,72
23880,22174.0,2025-01-01,85070561,SYGA01,1900-01-01 11:24:00,1900-01-01 11:24:53,GLOBE,72
23881,22174.0,2025-01-01,85070558,SYGA01,1900-01-01 09:24:00,1900-01-01 09:31:41,GLOBE,72
23882,22174.0,2025-01-01,85070567,SYGA01,1900-01-01 15:25:00,1900-01-01 15:27:46,GLOBE,72
23883,22170.0,2025-01-01,85070608,SYGA01,1900-01-01 22:26:40,1900-01-01 22:27:31,GLOBE,72
23884,22049.0,2025-01-01,85072675,SYGA01,1900-01-01 00:26:20,1900-01-01 00:26:44,GLOBE,72
23885,22170.0,2025-01-01,85070602,SYGA01,1900-01-01 18:25:20,1900-01-01 18:29:15,GLOBE,72
23887,22007.0,2025-01-01,85070664,SYGA01,1900-01-01 17:22:00,1900-01-01 17:21:59,GLOBE,73
23888,22007.0,2025-01-01,85070665,SYGAST,1900-01-01 17:33:00,1900-01-01 17:26:23,GLOBE,73
23889,21970.0,2025-01-01,85070636,SYGA01,1900-01-01 10:22:00,1900-01-01 10:22:33,GLOBE,73
23899,22010.0,2025-01-01,85070676,SYGA01,1900-01-01 20:22:00,1900-01-01 20:25:15,GLOBE,73
23900,21970.0,2025-01-01,85070640,SYGA01,1900-01-01 11:22:00,1900-01-01 11:24:28,GLOBE,73
23909,22007.0,2025-01-01,85070660,SYGA01,1900-01-01 16:22:00,1900-01-01 16:23:00,GLOBE,73
23910,21970.0,2025-01-01,85070649,SYGAST,1900-01-01 13:34:00,1900-01-01 13:24:07,GLOBE,73
23911,22007.0,2025-01-01,85070661,SYGAST,1900-01-01 16:33:00,1900-01-01 16:28:32,GLOBE,73
23912,21970.0,2025-01-01,85070648,SYGA01,1900-01-01 13:22:00,1900-01-01 13:23:28,GLOBE,73
23915,21970.0,2025-01-01,85070633,SYGAST,1900-01-01 09:34:00,1900-01-01 09:24:36,GLOBE,73
23918,22010.0,2025-01-01,85070679,ZIMG00,1900-01-01 20:54:00,1900-01-01 20:57:36,GLOBE,73
23920,22007.0,2025-01-01,85070628,SYGA01,1900-01-01 08:22:00,1900-01-01 08:22:34,GLOBE,73
23923,22007.0,2025-01-01,85070614,ZIMG00,1900-01-01 05:02:00,1900-01-01 04:50:00,GLOBE,73
23924,22007.0,2025-01-01,85070616,SYGA01,1900-01-01 05:21:00,1900-01-01 05:21:57,GLOBE,73
23925,22007.0,2025-01-01,85070617,SYGAST,1900-01-01 05:34:00,1900-01-01 05:22:24,GLOBE,73
23935,22007.0,2025-01-01,85070657,SYGAST,1900-01-01 15:34:00,1900-01-01 15:22:41,GLOBE,73
23945,22007.0,2025-01-01,85070624,SYGA01,1900-01-01 07:24:00,1900-01-01 07:26:49,GLOBE,73
23948,22007.0,2025-01-01,85070652,SYGA01,1900-01-01 14:22:00,1900-01-01 14:24:33,GLOBE,73
23953,22010.0,2025-01-01,85070673,SYGA00,1900-01-01 19:35:00,1900-01-01 19:35:19,GLOBE,73
23954,21970.0,2025-01-01,85070644,SYGAST,1900-01-01 12:23:00,1900-01-01 12:23:57,GLOBE,73
23955,21970.0,2025-01-01,85070645,SYGA00,1900-01-01 12:35:00,1900-01-01 12:34:42,GLOBE,73
23956,21970.0,2025-01-01,85070641,SYGA00,1900-01-01 11:34:00,1900-01-01 11:33:47,GLOBE,73
23964,22010.0,2025-01-01,85070672,SYGAST,1900-01-01 19:23:00,1900-01-01 19:34:52,GLOBE,73
23965,22007.0,2025-01-01,85070625,SYGA00,1900-01-01 07:36:00,1900-01-01 07:35:33,GLOBE,73
23972,22007.0,2025-01-01,85070629,SYGA00,1900-01-01 08:35:00,1900-01-01 08:34:13,GLOBE,73
23978,22007.0,2025-01-01,85070621,SYGA00,1900-01-01 06:35:00,1900-01-01 06:33:53,GLOBE,73
23981,21970.0,2025-01-01,85070637,SYGA00,1900-01-01 10:34:00,1900-01-01 10:34:03,GLOBE,73
23982,22007.0,2025-01-01,85070656,SYGAST,1900-01-01 15:23:00,1900-01-01 15:22:33,GLOBE,73
23989,22010.0,2025-01-01,85070677,SYGA00,1900-01-01 20:35:00,1900-01-01 20:35:38,GLOBE,73
23991,22010.0,2025-01-01,85070668,SYGAST,1900-01-01 18:23:00,1900-01-01 18:34:15,GLOBE,73
23992,22010.0,2025-01-01,85070669,SYGA00,1900-01-01 18:35:00,1900-01-01 18:34:37,GLOBE,73
24474,22007.0,2025-01-01,85070654,MRES00,1900-01-01 14:52:55,1900-01-01 14:54:48,GLOBE,73
24476,22010.0,2025-01-01,85070674,MRES00,1900-01-01 19:53:15,1900-01-01 19:56:18,GLOBE,73
24487,22007.0,2025-01-01,85070666,MRES00,1900-01-01 17:52:55,1900-01-01 17:53:13,GLOBE,73
24488,22007.0,2025-01-01,85070658,MRES00,1900-01-01 15:52:55,1900-01-01 15:56:40,GLOBE,73
24494,21970.0,2025-01-01,85070643,SYPO01,1900-01-01 12:20:49,1900-01-01 12:22:44,GLOBE,73
24500,21970.0,2025-01-01,85070650,MRES00,1900-01-01 13:53:15,1900-01-01 13:57:21,GLOBE,73
24501,22007.0,2025-01-01,85070662,MRES00,1900-01-01 16:52:35,1900-01-01 16:53:18,GLOBE,73
24506,22010.0,2025-01-01,85070667,SYGA01,1900-01-01 18:22:20,1900-01-01 18:25:25,GLOBE,73
24507,22007.0,2025-01-01,85070618,ZIMG00,1900-01-01 05:54:00,1900-01-01 05:57:07,GLOBE,73
24508,22010.0,2025-01-01,85070675,SYGA01,1900-01-01 20:22:00,1900-01-01 20:25:10,GLOBE,73
24509,22007.0,2025-01-01,85070651,SYGA01,1900-01-01 14:22:00,1900-01-01 14:24:29,GLOBE,73
24510,22007.0,2025-01-01,85070619,SYGA01,1900-01-01 06:21:40,1900-01-01 06:23:00,GLOBE,73
24511,22010.0,2025-01-01,85070678,ZIMG00,1900-01-01 20:54:20,1900-01-01 20:57:29,GLOBE,73
24512,22007.0,2025-01-01,85070659,SYGA01,1900-01-01 16:22:00,1900-01-01 16:22:46,GLOBE,73
24513,21970.0,2025-01-01,85070638,ZIMG00,1900-01-01 10:53:40,1900-01-01 10:55:03,GLOBE,73
24514,22007.0,2025-01-01,85070622,ZIMG00,1900-01-01 06:54:00,1900-01-01 06:57:32,GLOBE,73
24515,21970.0,2025-01-01,85070639,SYGA01,1900-01-01 11:22:00,1900-01-01 11:22:24,GLOBE,73
24516,21970.0,2025-01-01,85070642,ZIMG00,1900-01-01 11:53:40,1900-01-01 11:55:27,GLOBE,73
24517,22007.0,2025-01-01,85070623,SYGA01,1900-01-01 07:24:20,1900-01-01 07:26:42,GLOBE,73
24518,22007.0,2025-01-01,85070663,SYGA01,1900-01-01 17:22:00,1900-01-01 17:21:56,GLOBE,73
24519,21970.0,2025-01-01,85070635,SYGA01,1900-01-01 10:22:00,1900-01-01 10:22:27,GLOBE,73
24520,21970.0,2025-01-01,85070634,ZIMG00,1900-01-01 09:53:40,1900-01-01 09:57:13,GLOBE,73
24521,22007.0,2025-01-01,85070631,SYGA01,1900-01-01 09:22:00,1900-01-01 09:22:04,GLOBE,73
24522,22007.0,2025-01-01,85070630,ZIMG00,1900-01-01 08:53:40,1900-01-01 08:56:04,GLOBE,73
24523,22007.0,2025-01-01,85070627,SYGA01,1900-01-01 08:22:00,1900-01-01 08:22:28,GLOBE,73
24524,22007.0,2025-01-01,85070626,ZIMG00,1900-01-01 07:54:20,1900-01-01 07:59:02,GLOBE,73
24525,21970.0,2025-01-01,85070647,SYGA01,1900-01-01 13:22:00,1900-01-01 13:23:22,GLOBE,73
24526,21970.0,2025-01-01,85070646,ZIMG00,1900-01-01 12:54:20,1900-01-01 12:57:26,GLOBE,73
24527,22010.0,2025-01-01,85070671,SYGA01,1900-01-01 19:22:00,1900-01-01 19:24:40,GLOBE,73
24528,22010.0,2025-01-01,85070670,ZIMG00,1900-01-01 18:54:20,1900-01-01 18:56:48,GLOBE,73
24529,22007.0,2025-01-01,85070615,SYGA01,1900-01-01 05:21:40,1900-01-01 05:21:53,GLOBE,73
24530,22007.0,2025-01-01,85070655,SYGA01,1900-01-01 15:22:20,1900-01-01 15:22:08,GLOBE,73
24532,21972.0,2025-01-01,85060792,PLAI01,1900-01-01 00:11:00,1900-01-01 00:13:39,GLOBE,74
24533,21972.0,2025-01-01,85060794,RUSS01,1900-01-01 00:38:00,1900-01-01 00:43:07,GLOBE,74
24537,22081.0,2025-01-01,85070742,RUSS01,1900-01-01 20:39:00,1900-01-01 20:41:30,GLOBE,74
24540,22193.0,2025-01-01,85070696,PLAI01,1900-01-01 09:12:00,1900-01-01 09:16:04,GLOBE,74
24544,22193.0,2025-01-01,85070694,RUSS01,1900-01-01 08:38:00,1900-01-01 08:44:20,GLOBE,74
24545,22081.0,2025-01-01,85070744,PLAI01,1900-01-01 21:12:00,1900-01-01 21:13:37,GLOBE,74
24551,22056.0,2025-01-01,85060796,PLAI01,1900-01-01 01:20:00,1900-01-01 01:21:10,GLOBE,74
24554,22193.0,2025-01-01,85070688,PLAI01,1900-01-01 07:12:00,1900-01-01 07:18:37,GLOBE,74
24555,22056.0,2025-01-01,85060798,RUSS01,1900-01-01 01:47:00,1900-01-01 01:48:25,GLOBE,74
24556,22081.0,2025-01-01,85070748,PLAI01,1900-01-01 22:11:00,1900-01-01 22:20:17,GLOBE,74
24563,22048.0,2025-01-01,85070700,PLAI01,1900-01-01 10:12:00,1900-01-01 10:12:41,GLOBE,74
24567,22048.0,2025-01-01,85070714,RUSS01,1900-01-01 13:39:00,1900-01-01 13:39:52,GLOBE,74
24568,22056.0,2025-01-01,85070715,RUSS00,1900-01-01 13:49:00,1900-01-01 13:46:45,GLOBE,74
24569,22081.0,2025-01-01,85070738,RUSS01,1900-01-01 19:39:00,1900-01-01 19:42:08,GLOBE,74
24572,22048.0,2025-01-01,85070702,RUSS01,1900-01-01 10:39:00,1900-01-01 10:39:18,GLOBE,74
24577,22048.0,2025-01-01,85070712,PLAI01,1900-01-01 13:12:00,1900-01-01 13:13:22,GLOBE,74
24579,22193.0,2025-01-01,85070692,PLAI01,1900-01-01 08:12:00,1900-01-01 08:16:11,GLOBE,74
24581,22193.0,2025-01-01,85070686,RUSS01,1900-01-01 06:38:00,1900-01-01 06:40:56,GLOBE,74
24585,22048.0,2025-01-01,85070708,PLAI01,1900-01-01 12:12:00,1900-01-01 12:13:15,GLOBE,74
24588,22056.0,2025-01-01,85070716,PLAI00,1900-01-01 14:13:00,1900-01-01 14:17:46,GLOBE,74
24591,22193.0,2025-01-01,85070690,RUSS01,1900-01-01 07:38:00,1900-01-01 07:42:35,GLOBE,74
24596,22193.0,2025-01-01,85070698,RUSS01,1900-01-01 09:38:00,1900-01-01 09:42:13,GLOBE,74
24598,22193.0,2025-01-01,85070684,PLAI01,1900-01-01 06:12:00,1900-01-01 06:15:52,GLOBE,74
24599,22082.0,2025-01-01,85070682,PLAI01,1900-01-01 05:40:00,1900-01-01 05:42:28,GLOBE,74
24600,22081.0,2025-01-01,85070750,RUSS01,1900-01-01 22:39:00,1900-01-01 22:40:38,GLOBE,74
24603,22056.0,2025-01-01,85060804,PLAI01,1900-01-01 03:20:00,1900-01-01 03:20:03,GLOBE,74
24607,22081.0,2025-01-01,85070752,PLAI01,1900-01-01 23:11:00,1900-01-01 23:11:37,GLOBE,74
24612,22056.0,2025-01-01,85060800,PLAI01,1900-01-01 02:20:00,1900-01-01 02:18:31,GLOBE,74
24630,22081.0,2025-01-01,85070736,PLAI00,1900-01-01 19:13:00,1900-01-01 19:16:20,GLOBE,74
24634,22056.0,2025-01-01,85070726,RUSS00,1900-01-01 16:40:00,1900-01-01 16:41:28,GLOBE,74
24637,22056.0,2025-01-01,85070720,PLAI00,1900-01-01 15:13:00,1900-01-01 15:16:41,GLOBE,74
24641,22082.0,2025-01-01,85070680,RUSS00,1900-01-01 05:17:00,1900-01-01 05:05:55,GLOBE,74
24642,22056.0,2025-01-01,85070722,RUSS00,1900-01-01 15:40:00,1900-01-01 15:42:03,GLOBE,74
24644,22081.0,2025-01-01,85070734,RUSS00,1900-01-01 18:39:00,1900-01-01 18:49:07,GLOBE,74
24649,22056.0,2025-01-01,85070730,RUSS00,1900-01-01 17:39:00,1900-01-01 17:40:20,GLOBE,74
24650,22056.0,2025-01-01,85070731,RUNO01,1900-01-01 17:49:53,1900-01-01 17:41:15,GLOBE,74
24651,22081.0,2025-01-01,85070732,PLAI00,1900-01-01 18:13:00,1900-01-01 18:14:48,GLOBE,74
24654,22081.0,2025-01-01,85070740,PLAI00,1900-01-01 20:13:00,1900-01-01 20:13:56,GLOBE,74
24657,22056.0,2025-01-01,85070728,PLAI00,1900-01-01 17:13:00,1900-01-01 17:17:50,GLOBE,74
24662,22081.0,2025-01-01,85070754,RUSS00,1900-01-01 23:40:00,1900-01-01 23:43:07,GLOBE,74
24664,22056.0,2025-01-01,85070724,PLAI00,1900-01-01 16:13:00,1900-01-01 16:17:38,GLOBE,74
25198,22056.0,2025-01-01,85060795,PLAI01,1900-01-01 01:19:20,1900-01-01 01:20:43,GLOBE,74
25215,22056.0,2025-01-01,85070719,PLEC01,1900-01-01 15:12:05,1900-01-01 15:10:58,GLOBE,74
25217,22048.0,2025-01-01,85070701,RUNO01,1900-01-01 10:38:14,1900-01-01 10:37:51,GLOBE,74
25232,22056.0,2025-01-01,85060799,PLEC01,1900-01-01 02:19:27,1900-01-01 02:18:13,GLOBE,74
25239,22081.0,2025-01-01,85070745,RUNO01,1900-01-01 21:38:14,1900-01-01 21:38:19,GLOBE,74
25248,22048.0,2025-01-01,85070713,RUNO01,1900-01-01 13:38:34,1900-01-01 13:38:44,GLOBE,74
25254,22056.0,2025-01-01,85070725,RUNO01,1900-01-01 16:38:14,1900-01-01 16:39:01,GLOBE,74
25256,22056.0,2025-01-01,85060797,RUSS01,1900-01-01 01:47:20,1900-01-01 01:48:03,GLOBE,74
25257,22081.0,2025-01-01,85070741,RUSS01,1900-01-01 20:39:00,1900-01-01 20:40:56,GLOBE,74
25258,22048.0,2025-01-01,85070707,PLAI01,1900-01-01 12:12:20,1900-01-01 12:12:49,GLOBE,74
25259,22081.0,2025-01-01,85070755,PLAI01,1900-01-01 00:10:40,1900-01-01 00:12:51,GLOBE,74
25260,22048.0,2025-01-01,85070709,RUSS01,1900-01-01 12:39:20,1900-01-01 12:40:04,GLOBE,74
25261,22193.0,2025-01-01,85070689,RUSS01,1900-01-01 07:38:40,1900-01-01 07:42:11,GLOBE,74
25262,22056.0,2025-01-01,85070729,RUSS01,1900-01-01 17:38:40,1900-01-01 17:38:54,GLOBE,74
25263,22081.0,2025-01-01,85070739,PLAI01,1900-01-01 20:11:40,1900-01-01 20:13:21,GLOBE,74
25264,22081.0,2025-01-01,85070749,RUSS01,1900-01-01 22:39:00,1900-01-01 22:40:17,GLOBE,74
25265,22048.0,2025-01-01,85070705,RUSS01,1900-01-01 11:39:20,1900-01-01 11:39:52,GLOBE,74
25266,22081.0,2025-01-01,85070743,PLAI01,1900-01-01 21:12:00,1900-01-01 21:13:01,GLOBE,74
25267,22056.0,2025-01-01,85070717,RUSS01,1900-01-01 14:39:20,1900-01-01 14:39:24,GLOBE,74
25268,22081.0,2025-01-01,85070735,PLAI01,1900-01-01 19:11:40,1900-01-01 19:13:06,GLOBE,74
25269,22082.0,2025-01-01,85070681,PLAI01,1900-01-01 05:40:20,1900-01-01 05:41:44,GLOBE,74
25270,22193.0,2025-01-01,85070685,RUSS01,1900-01-01 06:38:40,1900-01-01 06:40:34,GLOBE,74
25271,22193.0,2025-01-01,85070693,RUSS01,1900-01-01 08:38:40,1900-01-01 08:43:56,GLOBE,74
25272,22056.0,2025-01-01,85070721,RUSS01,1900-01-01 15:39:20,1900-01-01 15:40:21,GLOBE,74
25273,22081.0,2025-01-01,85070751,PLAI01,1900-01-01 23:10:40,1900-01-01 23:11:23,GLOBE,74
25274,22056.0,2025-01-01,85060801,RUSS01,1900-01-01 02:47:20,1900-01-01 02:47:50,GLOBE,74
25275,22056.0,2025-01-01,85070727,PLAI01,1900-01-01 17:12:40,1900-01-01 17:14:26,GLOBE,74
25276,22048.0,2025-01-01,85070699,PLAI01,1900-01-01 10:12:20,1900-01-01 10:12:26,GLOBE,74
25277,22081.0,2025-01-01,85070733,RUSS01,1900-01-01 18:38:40,1900-01-01 18:40:09,GLOBE,74
25278,22193.0,2025-01-01,85070697,RUSS01,1900-01-01 09:38:40,1900-01-01 09:41:48,GLOBE,74
25279,22193.0,2025-01-01,85070687,PLAI01,1900-01-01 07:12:20,1900-01-01 07:13:29,GLOBE,74
25280,22081.0,2025-01-01,85070737,RUSS01,1900-01-01 19:39:00,1900-01-01 19:41:36,GLOBE,74
25281,22081.0,2025-01-01,85072465,PLAI01,1900-01-01 18:12:40,1900-01-01 18:13:54,GLOBE,74
25282,22056.0,2025-01-01,85060803,PLAI01,1900-01-01 03:19:20,1900-01-01 03:19:54,GLOBE,74
25283,22081.0,2025-01-01,85070753,RUSS01,1900-01-01 23:39:00,1900-01-01 23:39:53,GLOBE,74
25284,21972.0,2025-01-01,85060793,RUSS01,1900-01-01 00:38:40,1900-01-01 00:41:10,GLOBE,74
25285,22056.0,2025-01-01,85060805,RUSS01,1900-01-01 03:48:20,1900-01-01 03:47:31,GLOBE,74
25286,22193.0,2025-01-01,85070691,PLAI01,1900-01-01 08:12:20,1900-01-01 08:16:02,GLOBE,74
25287,22193.0,2025-01-01,85070695,PLAI01,1900-01-01 09:12:20,1900-01-01 09:15:54,GLOBE,74
25288,22056.0,2025-01-01,85070723,PLAI01,1900-01-01 16:12:40,1900-01-01 16:10:09,GLOBE,74
25289,22048.0,2025-01-01,85070703,PLAI01,1900-01-01 11:12:20,1900-01-01 11:12:53,GLOBE,74
25290,22048.0,2025-01-01,85070711,PLAI01,1900-01-01 13:12:40,1900-01-01 13:12:50,GLOBE,74
25337,22203.0,2025-01-01,85061196,SJSN04,1900-01-01 00:27:00,1900-01-01 00:28:28,GEM’BUS,80
25345,22200.0,2025-01-01,85061331,SJSN04,1900-01-01 00:47:00,1900-01-01 00:51:02,GEM’BUS,80
25373,22198.0,2025-01-01,85070915,SJSN04,1900-01-01 23:47:00,1900-01-01 23:49:07,GEM’BUS,80
25523,21989.0,2025-01-01,85070998,DPGBUS00,1900-01-01 20:39:00,1900-01-01 20:35:57,GEM’BUS,80
26382,22198.0,2025-01-01,85070887,BAIR07,1900-01-01 06:26:40,1900-01-01 06:39:09,GEM’BUS,80
28030,22204.0,2025-01-01,85070964,SJCE00,1900-01-01 17:54:43,1900-01-01 17:55:33,GEM’BUS,80
28077,22204.0,2025-01-01,85070951,BAIR07,1900-01-01 09:49:40,1900-01-01 09:50:53,GEM’BUS,80
28078,21989.0,2025-01-01,85070983,BAIR07,1900-01-01 11:32:40,1900-01-01 11:34:39,GEM’BUS,80
28079,22202.0,2025-01-01,85071011,SJSN04,1900-01-01 18:11:20,1900-01-01 18:12:51,GEM’BUS,80
28080,22201.0,2025-01-01,85070922,SJSN04,1900-01-01 10:04:40,1900-01-01 10:05:14,GEM’BUS,80
28081,22198.0,2025-01-01,85070913,BAIR07,1900-01-01 23:07:40,1900-01-01 23:07:23,GEM’BUS,80
28082,22201.0,2025-01-01,85070917,BAIR07,1900-01-01 06:46:40,1900-01-01 06:49:37,GEM’BUS,80
28083,22201.0,2025-01-01,85070932,SJSN04,1900-01-01 16:25:40,1900-01-01 16:25:19,GEM’BUS,80
28084,22202.0,2025-01-01,85071017,SJSN04,1900-01-01 22:09:20,1900-01-01 22:09:34,GEM’BUS,80
28085,22204.0,2025-01-01,85070952,SJSN04,1900-01-01 10:24:40,1900-01-01 10:25:17,GEM’BUS,80
28086,22202.0,2025-01-01,85071016,BAIR07,1900-01-01 21:28:00,1900-01-01 21:29:13,GEM’BUS,80
28087,22203.0,2025-01-01,85061195,SJSN04,1900-01-01 00:27:20,1900-01-01 00:27:48,GEM’BUS,80
28088,21989.0,2025-01-01,85070984,SJSN04,1900-01-01 12:09:20,1900-01-01 12:11:37,GEM’BUS,80
28089,22201.0,2025-01-01,85070933,BAIR07,1900-01-01 17:04:20,1900-01-01 17:06:07,GEM’BUS,80
28090,21989.0,2025-01-01,85070978,SJSN04,1900-01-01 08:03:00,1900-01-01 08:02:18,GEM’BUS,80
28091,22201.0,2025-01-01,85070921,BAIR07,1900-01-01 09:29:40,1900-01-01 09:32:35,GEM’BUS,80
28092,22201.0,2025-01-01,85070935,BAIR07,1900-01-01 18:21:00,1900-01-01 18:26:49,GEM’BUS,80
28093,22204.0,2025-01-01,85070953,BAIR07,1900-01-01 11:00:40,1900-01-01 11:01:08,GEM’BUS,80
28094,21989.0,2025-01-01,85070988,SJSN04,1900-01-01 14:40:00,1900-01-01 14:40:43,GEM’BUS,80
28095,22202.0,2025-01-01,85071012,BAIR07,1900-01-01 18:50:40,1900-01-01 18:50:58,GEM’BUS,80
28096,22198.0,2025-01-01,85070894,SJSN04,1900-01-01 11:04:40,1900-01-01 11:08:28,GEM’BUS,80
28097,22204.0,2025-01-01,85070961,BAIR07,1900-01-01 16:03:20,1900-01-01 16:04:23,GEM’BUS,80
28098,21989.0,2025-01-01,85070985,BAIR07,1900-01-01 12:48:00,1900-01-01 12:48:59,GEM’BUS,80
28099,22198.0,2025-01-01,85070900,SJSN04,1900-01-01 14:55:20,1900-01-01 14:56:52,GEM’BUS,80
28100,22201.0,2025-01-01,85070934,SJSN04,1900-01-01 17:41:40,1900-01-01 17:42:23,GEM’BUS,80
28101,22198.0,2025-01-01,85070906,SJSN04,1900-01-01 18:42:00,1900-01-01 18:43:49,GEM’BUS,80
28102,21989.0,2025-01-01,85070987,BAIR07,1900-01-01 14:03:00,1900-01-01 14:02:50,GEM’BUS,80
28103,22198.0,2025-01-01,85070897,BAIR07,1900-01-01 13:03:00,1900-01-01 13:04:22,GEM’BUS,80
28104,21989.0,2025-01-01,85070977,BAIR07,1900-01-01 07:27:20,1900-01-01 07:29:09,GEM’BUS,80
28105,21989.0,2025-01-01,85070986,SJSN04,1900-01-01 13:24:20,1900-01-01 13:26:02,GEM’BUS,80
28106,22204.0,2025-01-01,85070960,SJSN04,1900-01-01 15:25:20,1900-01-01 15:27:53,GEM’BUS,80
28107,22202.0,2025-01-01,85071007,SJSN04,1900-01-01 15:40:20,1900-01-01 15:42:49,GEM’BUS,80
28108,22198.0,2025-01-01,85070903,BAIR07,1900-01-01 16:49:20,1900-01-01 16:51:05,GEM’BUS,80
28109,22202.0,2025-01-01,85071008,BAIR07,1900-01-01 16:19:20,1900-01-01 16:21:16,GEM’BUS,80
28110,22201.0,2025-01-01,85070918,SJSN04,1900-01-01 07:23:00,1900-01-01 07:27:50,GEM’BUS,80
28111,22201.0,2025-01-01,85070938,SJSN04,1900-01-01 20:11:20,1900-01-01 20:14:49,GEM’BUS,80
28112,22202.0,2025-01-01,85071005,SJSN04,1900-01-01 14:24:40,1900-01-01 14:26:25,GEM’BUS,80
28113,22201.0,2025-01-01,85070937,BAIR07,1900-01-01 19:34:20,1900-01-01 19:39:29,GEM’BUS,80
28114,22202.0,2025-01-01,85071004,BAIR07,1900-01-01 13:48:00,1900-01-01 13:49:46,GEM’BUS,80
28115,22202.0,2025-01-01,85071000,BAIR07,1900-01-01 11:15:40,1900-01-01 11:16:02,GEM’BUS,80
28116,22201.0,2025-01-01,85070939,BAIR07,1900-01-01 20:50:20,1900-01-01 20:53:01,GEM’BUS,80
28117,22198.0,2025-01-01,85070901,BAIR07,1900-01-01 15:33:20,1900-01-01 15:34:23,GEM’BUS,80
28118,22202.0,2025-01-01,85071009,SJSN04,1900-01-01 16:56:40,1900-01-01 17:00:29,GEM’BUS,80
28119,22204.0,2025-01-01,85070954,SJSN04,1900-01-01 11:39:20,1900-01-01 11:40:34,GEM’BUS,80
28120,22201.0,2025-01-01,85070936,SJSN04,1900-01-01 18:57:00,1900-01-01 19:02:08,GEM’BUS,80
28121,22198.0,2025-01-01,85070904,SJSN04,1900-01-01 17:26:40,1900-01-01 17:27:58,GEM’BUS,80
28122,22201.0,2025-01-01,85070919,BAIR07,1900-01-01 08:07:20,1900-01-01 08:11:06,GEM’BUS,80
28123,22204.0,2025-01-01,85070948,SJSN04,1900-01-01 07:43:00,1900-01-01 07:52:07,GEM’BUS,80
28124,22202.0,2025-01-01,85071006,BAIR07,1900-01-01 15:03:20,1900-01-01 15:05:57,GEM’BUS,80
28125,22202.0,2025-01-01,85071010,BAIR07,1900-01-01 17:35:00,1900-01-01 17:35:51,GEM’BUS,80
28126,22198.0,2025-01-01,85070902,SJSN04,1900-01-01 16:10:40,1900-01-01 16:11:16,GEM’BUS,80
28127,22204.0,2025-01-01,85070949,BAIR07,1900-01-01 08:28:00,1900-01-01 08:29:27,GEM’BUS,80
28128,21989.0,2025-01-01,85070993,BAIR07,1900-01-01 17:50:00,1900-01-01 17:51:10,GEM’BUS,80
28129,22198.0,2025-01-01,85070889,BAIR07,1900-01-01 07:47:20,1900-01-01 07:49:25,GEM’BUS,80
28130,22201.0,2025-01-01,85070940,SJSN04,1900-01-01 21:29:20,1900-01-01 21:31:30,GEM’BUS,80
28131,21989.0,2025-01-01,85070992,SJSN04,1900-01-01 17:11:40,1900-01-01 17:11:46,GEM’BUS,80
28132,22202.0,2025-01-01,85071013,SJSN04,1900-01-01 19:27:00,1900-01-01 19:28:04,GEM’BUS,80
28133,22198.0,2025-01-01,85070896,SJSN04,1900-01-01 12:24:20,1900-01-01 12:25:39,GEM’BUS,80
28134,22204.0,2025-01-01,85070947,BAIR07,1900-01-01 07:07:00,1900-01-01 07:12:28,GEM’BUS,80
28135,21989.0,2025-01-01,85070997,BAIR07,1900-01-01 20:19:00,1900-01-01 20:20:49,GEM’BUS,80
28136,22201.0,2025-01-01,85070941,BAIR07,1900-01-01 22:08:00,1900-01-01 22:07:52,GEM’BUS,80
28137,22202.0,2025-01-01,85071001,SJSN04,1900-01-01 11:54:20,1900-01-01 11:53:33,GEM’BUS,80
28138,21989.0,2025-01-01,85070996,SJSN04,1900-01-01 19:42:00,1900-01-01 19:44:06,GEM’BUS,80
28139,22198.0,2025-01-01,85070905,BAIR07,1900-01-01 18:06:00,1900-01-01 18:06:04,GEM’BUS,80
28140,22202.0,2025-01-01,85071018,BAIR07,1900-01-01 22:47:40,1900-01-01 22:49:49,GEM’BUS,80
28141,22201.0,2025-01-01,85070942,SJSN04,1900-01-01 22:48:40,1900-01-01 22:48:50,GEM’BUS,80
28142,21989.0,2025-01-01,85070991,BAIR07,1900-01-01 16:34:20,1900-01-01 16:34:28,GEM’BUS,80
28143,22198.0,2025-01-01,85070890,SJSN04,1900-01-01 08:23:00,1900-01-01 08:27:31,GEM’BUS,80
28144,22201.0,2025-01-01,85070944,SJSN04,1900-01-01 00:07:00,1900-01-01 00:07:47,GEM’BUS,80
28145,22202.0,2025-01-01,85071014,BAIR07,1900-01-01 20:04:00,1900-01-01 20:05:51,GEM’BUS,80
28146,22201.0,2025-01-01,85070943,BAIR07,1900-01-01 23:26:20,1900-01-01 23:27:19,GEM’BUS,80
28147,22201.0,2025-01-01,85070920,SJSN04,1900-01-01 08:43:20,1900-01-01 08:46:43,GEM’BUS,80
28148,22198.0,2025-01-01,85070907,BAIR07,1900-01-01 19:20:00,1900-01-01 19:21:10,GEM’BUS,80
28149,21989.0,2025-01-01,85070995,BAIR07,1900-01-01 19:05:40,1900-01-01 19:06:09,GEM’BUS,80
28150,22198.0,2025-01-01,85070895,BAIR07,1900-01-01 11:47:40,1900-01-01 11:50:54,GEM’BUS,80
28151,22202.0,2025-01-01,85071002,BAIR07,1900-01-01 12:33:00,1900-01-01 12:32:48,GEM’BUS,80
28152,22204.0,2025-01-01,85070950,SJSN04,1900-01-01 09:03:20,1900-01-01 09:04:40,GEM’BUS,80
28153,22198.0,2025-01-01,85070914,SJSN04,1900-01-01 23:47:00,1900-01-01 23:48:38,GEM’BUS,80
28154,21989.0,2025-01-01,85070990,SJSN04,1900-01-01 15:55:40,1900-01-01 15:56:02,GEM’BUS,80
28155,22202.0,2025-01-01,85071003,SJSN04,1900-01-01 13:09:20,1900-01-01 13:08:36,GEM’BUS,80
28156,21989.0,2025-01-01,85070994,SJSN04,1900-01-01 18:26:00,1900-01-01 18:26:19,GEM’BUS,80
28157,22202.0,2025-01-01,85071015,SJSN04,1900-01-01 20:49:20,1900-01-01 20:51:42,GEM’BUS,80
28158,22198.0,2025-01-01,85070888,SJSN04,1900-01-01 07:02:40,1900-01-01 07:10:13,GEM’BUS,80
28159,22204.0,2025-01-01,85070970,SJSN04,1900-01-01 21:49:20,1900-01-01 21:50:55,GEM’BUS,80
28160,22201.0,2025-01-01,85070927,BAIR07,1900-01-01 13:18:00,1900-01-01 13:17:50,GEM’BUS,80
28161,22204.0,2025-01-01,85070957,BAIR07,1900-01-01 13:33:00,1900-01-01 13:34:13,GEM’BUS,80
28162,22204.0,2025-01-01,85070969,BAIR07,1900-01-01 21:08:20,1900-01-01 21:11:45,GEM’BUS,80
28163,21989.0,2025-01-01,85070979,BAIR07,1900-01-01 08:48:20,1900-01-01 08:47:45,GEM’BUS,80
28164,22204.0,2025-01-01,85070968,SJSN04,1900-01-01 20:27:20,1900-01-01 20:25:34,GEM’BUS,80
28165,22201.0,2025-01-01,85070931,BAIR07,1900-01-01 15:48:20,1900-01-01 15:47:40,GEM’BUS,80
28166,21989.0,2025-01-01,85070981,BAIR07,1900-01-01 10:09:20,1900-01-01 10:12:35,GEM’BUS,80
28167,22198.0,2025-01-01,85070911,BAIR07,1900-01-01 21:48:00,1900-01-01 21:45:59,GEM’BUS,80
28168,22204.0,2025-01-01,85070971,BAIR07,1900-01-01 22:27:40,1900-01-01 22:29:28,GEM’BUS,80
28169,21989.0,2025-01-01,85070980,SJSN04,1900-01-01 09:24:20,1900-01-01 09:23:51,GEM’BUS,80
28170,22204.0,2025-01-01,85070959,BAIR07,1900-01-01 14:48:00,1900-01-01 14:52:39,GEM’BUS,80
28171,22201.0,2025-01-01,85070929,BAIR07,1900-01-01 14:33:00,1900-01-01 14:34:32,GEM’BUS,80
28172,22204.0,2025-01-01,85070967,BAIR07,1900-01-01 19:49:20,1900-01-01 19:50:50,GEM’BUS,80
28173,22204.0,2025-01-01,85070956,SJSN04,1900-01-01 12:54:20,1900-01-01 12:55:34,GEM’BUS,80
28174,22198.0,2025-01-01,85070898,SJSN04,1900-01-01 13:39:20,1900-01-01 13:40:20,GEM’BUS,80
28175,22198.0,2025-01-01,85070893,BAIR07,1900-01-01 10:29:20,1900-01-01 10:32:44,GEM’BUS,80
28176,22198.0,2025-01-01,85070912,SJSN04,1900-01-01 22:29:00,1900-01-01 22:26:37,GEM’BUS,80
28177,22202.0,2025-01-01,85071020,BAIR07,1900-01-01 00:06:00,1900-01-01 00:09:21,GEM’BUS,80
28178,21989.0,2025-01-01,85070989,BAIR07,1900-01-01 15:18:20,1900-01-01 15:17:31,GEM’BUS,80
28179,22198.0,2025-01-01,85070891,BAIR07,1900-01-01 09:08:40,1900-01-01 09:11:52,GEM’BUS,80
28180,22204.0,2025-01-01,85070972,SJSN04,1900-01-01 23:08:40,1900-01-01 23:10:06,GEM’BUS,80
28181,22204.0,2025-01-01,85070962,SJSN04,1900-01-01 16:40:40,1900-01-01 16:40:44,GEM’BUS,80
28182,22201.0,2025-01-01,85070926,SJSN04,1900-01-01 12:39:20,1900-01-01 12:40:45,GEM’BUS,80
28183,22202.0,2025-01-01,85071019,SJSN04,1900-01-01 23:28:40,1900-01-01 23:31:42,GEM’BUS,80
28184,22201.0,2025-01-01,85070928,SJSN04,1900-01-01 13:54:20,1900-01-01 13:56:23,GEM’BUS,80
28185,22204.0,2025-01-01,85070958,SJSN04,1900-01-01 14:09:20,1900-01-01 14:09:50,GEM’BUS,80
28186,22204.0,2025-01-01,85070973,BAIR07,1900-01-01 23:46:00,1900-01-01 23:46:09,GEM’BUS,80
28187,22198.0,2025-01-01,85070899,BAIR07,1900-01-01 14:18:00,1900-01-01 14:19:34,GEM’BUS,80
28188,22198.0,2025-01-01,85070910,SJSN04,1900-01-01 21:09:20,1900-01-01 21:08:30,GEM’BUS,80
28189,22204.0,2025-01-01,85070966,SJSN04,1900-01-01 19:11:40,1900-01-01 19:13:01,GEM’BUS,80
28190,22198.0,2025-01-01,85070892,SJSN04,1900-01-01 09:44:40,1900-01-01 09:45:12,GEM’BUS,80
28191,22198.0,2025-01-01,85070909,BAIR07,1900-01-01 20:35:20,1900-01-01 20:34:17,GEM’BUS,80
28192,22200.0,2025-01-01,85061330,SJSN04,1900-01-01 00:47:20,1900-01-01 00:49:39,GEM’BUS,80
28193,22198.0,2025-01-01,85070908,SJSN04,1900-01-01 19:56:40,1900-01-01 19:58:37,GEM’BUS,80
28194,21989.0,2025-01-01,85070982,SJSN04,1900-01-01 10:44:40,1900-01-01 10:45:56,GEM’BUS,80
28195,22204.0,2025-01-01,85070965,BAIR07,1900-01-01 18:36:00,1900-01-01 18:34:11,GEM’BUS,80
28196,22204.0,2025-01-01,85070963,BAIR07,1900-01-01 17:19:20,1900-01-01 17:19:50,GEM’BUS,80
28197,22201.0,2025-01-01,85070924,SJSN04,1900-01-01 11:22:20,1900-01-01 11:25:30,GEM’BUS,80
28198,22201.0,2025-01-01,85070930,SJSN04,1900-01-01 15:10:20,1900-01-01 15:11:23,GEM’BUS,80
28199,22201.0,2025-01-01,85070925,BAIR07,1900-01-01 12:02:40,1900-01-01 12:04:38,GEM’BUS,80
28200,22201.0,2025-01-01,85070923,BAIR07,1900-01-01 10:45:40,1900-01-01 10:47:48,GEM’BUS,80
28201,22204.0,2025-01-01,85070955,BAIR07,1900-01-01 12:18:00,1900-01-01 12:19:11,GEM’BUS,80
28256,22082.0,2025-01-01,85071468,JOPO00,1900-01-01 12:40:00,1900-01-01 12:35:07,GLOBE,91
28265,22172.0,2025-01-01,85071430,JOPO00,1900-01-01 14:09:00,1900-01-01 13:50:32,GLOBE,91
28276,22170.0,2025-01-01,85071422,JOPO00,1900-01-01 10:11:00,1900-01-01 09:46:43,GLOBE,91
28281,22082.0,2025-01-01,85072473,JOPO00,1900-01-01 20:41:00,1900-01-01 20:17:48,GLOBE,91
28290,22170.0,2025-01-01,85071411,JOPO00,1900-01-01 05:12:00,1900-01-01 05:06:05,GLOBE,91
28331,22082.0,2025-01-01,85062102,DPGLOB00,1900-01-01 00:31:00,1900-01-01 00:27:07,GLOBE,91
28344,22081.0,2025-01-01,85062036,DPGLOB00,1900-01-01 01:01:00,1900-01-01 00:57:55,GLOBE,91
28348,22176.0,2025-01-01,85072641,JOPO00,1900-01-01 13:47:40,1900-01-01 14:02:52,GLOBE,91
28391,22172.0,2025-01-01,85072626,JOPO00,1900-01-01 09:47:00,1900-01-01 10:08:13,GLOBE,91
28815,22056.0,2025-01-01,85071484,BSEJ00,1900-01-01 20:57:20,1900-01-01 21:00:01,GLOBE,91
29085,22056.0,2025-01-01,85071486,BSEJ00,1900-01-01 21:57:40,1900-01-01 21:57:34,GLOBE,91
29088,22056.0,2025-01-01,85071488,BSEJ00,1900-01-01 22:57:00,1900-01-01 22:57:22,GLOBE,91
29127,22082.0,2025-01-01,85071464,REVE00,1900-01-01 10:57:00,1900-01-01 10:59:17,GLOBE,91
29136,22082.0,2025-01-01,85071462,BSEJ00,1900-01-01 09:57:20,1900-01-01 10:01:31,GLOBE,91
29137,22176.0,2025-01-01,85071434,BSEJ00,1900-01-01 16:27:00,1900-01-01 16:30:51,GLOBE,91
29141,22082.0,2025-01-01,85071474,BSEJ00,1900-01-01 15:57:00,1900-01-01 16:01:36,GLOBE,91
29143,22056.0,2025-01-01,85071490,BSEJ00,1900-01-01 23:56:40,1900-01-01 23:57:08,GLOBE,91
29144,22170.0,2025-01-01,85071414,BSEJ00,1900-01-01 06:27:40,1900-01-01 06:29:57,GLOBE,91
29147,22176.0,2025-01-01,85071436,BSEJ00,1900-01-01 17:27:00,1900-01-01 17:31:29,GLOBE,91
29150,22176.0,2025-01-01,85071444,BSEJ00,1900-01-01 21:27:40,1900-01-01 21:27:16,GLOBE,91
29152,22082.0,2025-01-01,85071470,BSEJ00,1900-01-01 13:57:00,1900-01-01 13:59:45,GLOBE,91
29155,22170.0,2025-01-01,85071420,BSEJ00,1900-01-01 09:27:20,1900-01-01 09:27:41,GLOBE,91
29157,22176.0,2025-01-01,85071446,BSEJ00,1900-01-01 22:27:00,1900-01-01 22:30:57,GLOBE,91
29158,22176.0,2025-01-01,85071440,BSEJ00,1900-01-01 19:27:00,1900-01-01 19:30:12,GLOBE,91
29160,22082.0,2025-01-01,85071478,BSEJ00,1900-01-01 17:57:00,1900-01-01 17:58:50,GLOBE,91
29163,22176.0,2025-01-01,85072642,BSEJ00,1900-01-01 14:27:00,1900-01-01 14:28:51,GLOBE,91
29164,22082.0,2025-01-01,85071466,BSEJ00,1900-01-01 11:57:20,1900-01-01 11:58:49,GLOBE,91
29167,22082.0,2025-01-01,85072472,BSEJ00,1900-01-01 12:57:00,1900-01-01 12:56:46,GLOBE,91
29168,22172.0,2025-01-01,85072627,BSEJ00,1900-01-01 10:27:20,1900-01-01 10:30:05,GLOBE,91
29171,22176.0,2025-01-01,85071432,BSEJ00,1900-01-01 15:27:00,1900-01-01 15:30:10,GLOBE,91
29172,22176.0,2025-01-01,85071438,BSEJ00,1900-01-01 18:27:00,1900-01-01 18:30:07,GLOBE,91
29175,22082.0,2025-01-01,85071480,BSEJ00,1900-01-01 18:57:00,1900-01-01 19:00:39,GLOBE,91
29176,22082.0,2025-01-01,85071472,BSEJ00,1900-01-01 14:57:00,1900-01-01 15:00:49,GLOBE,91
29178,22170.0,2025-01-01,85071412,BSEJ00,1900-01-01 05:27:40,1900-01-01 05:31:21,GLOBE,91
29180,22082.0,2025-01-01,85071482,BSEJ00,1900-01-01 19:57:00,1900-01-01 19:59:25,GLOBE,91
29181,22082.0,2025-01-01,85071476,BSEJ00,1900-01-01 16:57:00,1900-01-01 17:00:59,GLOBE,91
29184,22176.0,2025-01-01,85071442,BSEJ00,1900-01-01 20:27:20,1900-01-01 20:29:07,GLOBE,91
29185,22172.0,2025-01-01,85071428,BSEJ00,1900-01-01 13:27:00,1900-01-01 13:28:56,GLOBE,91
29186,22170.0,2025-01-01,85071418,BSEJ00,1900-01-01 08:27:20,1900-01-01 08:30:14,GLOBE,91
29193,22176.0,2025-01-01,85071448,BSEJ00,1900-01-01 23:27:00,1900-01-01 23:29:19,GLOBE,91
29196,22170.0,2025-01-01,85071416,BSEJ00,1900-01-01 07:27:40,1900-01-01 07:28:15,GLOBE,91
29197,22172.0,2025-01-01,85071426,BSEJ00,1900-01-01 12:27:00,1900-01-01 12:28:50,GLOBE,91
29200,22081.0,2025-01-01,85062034,BSEJ00,1900-01-01 00:27:20,1900-01-01 00:28:00,GLOBE,91
29202,22172.0,2025-01-01,85071424,BSEJ00,1900-01-01 11:27:20,1900-01-01 11:30:15,GLOBE,91
29203,22176.0,2025-01-01,85071435,JOPO00,1900-01-01 16:48:20,1900-01-01 16:48:41,GLOBE,91
29204,22082.0,2025-01-01,85062101,JOPO00,1900-01-01 00:17:40,1900-01-01 00:18:02,GLOBE,91
29205,22172.0,2025-01-01,85071427,JOPO00,1900-01-01 12:47:40,1900-01-01 12:46:40,GLOBE,91
29206,22056.0,2025-01-01,85071487,JOPO00,1900-01-01 22:18:20,1900-01-01 22:16:23,GLOBE,91
29207,22082.0,2025-01-01,85071465,JOPO00,1900-01-01 11:17:40,1900-01-01 11:17:12,GLOBE,91
29208,22082.0,2025-01-01,85071467,JOPO00,1900-01-01 12:17:40,1900-01-01 12:16:45,GLOBE,91
29209,22176.0,2025-01-01,85071431,JOPO00,1900-01-01 14:47:40,1900-01-01 14:50:05,GLOBE,91
29210,22176.0,2025-01-01,85071437,JOPO00,1900-01-01 17:48:20,1900-01-01 17:52:12,GLOBE,91
29211,22176.0,2025-01-01,85071447,JOPO00,1900-01-01 22:48:20,1900-01-01 22:47:41,GLOBE,91
29212,22170.0,2025-01-01,85071417,JOPO00,1900-01-01 07:47:20,1900-01-01 07:48:01,GLOBE,91
29213,22082.0,2025-01-01,85071471,JOPO00,1900-01-01 14:17:40,1900-01-01 14:23:12,GLOBE,91
29214,22170.0,2025-01-01,85071415,JOPO00,1900-01-01 06:47:20,1900-01-01 06:46:26,GLOBE,91
29215,22176.0,2025-01-01,85071445,JOPO00,1900-01-01 21:48:00,1900-01-01 21:48:11,GLOBE,91
29216,22172.0,2025-01-01,85071423,JOPO00,1900-01-01 10:47:40,1900-01-01 10:50:31,GLOBE,91
29217,22082.0,2025-01-01,85071479,JOPO00,1900-01-01 18:18:20,1900-01-01 18:18:28,GLOBE,91
29218,22082.0,2025-01-01,85071475,JOPO00,1900-01-01 16:18:20,1900-01-01 16:20:36,GLOBE,91
29219,22082.0,2025-01-01,85071469,JOPO00,1900-01-01 13:17:40,1900-01-01 13:18:03,GLOBE,91
29220,22082.0,2025-01-01,85071477,JOPO00,1900-01-01 17:18:20,1900-01-01 17:20:56,GLOBE,91
29221,22170.0,2025-01-01,85071421,JOPO00,1900-01-01 09:47:00,1900-01-01 09:46:15,GLOBE,91
29222,22172.0,2025-01-01,85071429,JOPO00,1900-01-01 13:47:40,1900-01-01 13:49:51,GLOBE,91
29223,22170.0,2025-01-01,85071413,JOPO00,1900-01-01 05:47:20,1900-01-01 05:47:30,GLOBE,91
29224,22172.0,2025-01-01,85071425,JOPO00,1900-01-01 11:47:40,1900-01-01 11:47:15,GLOBE,91
29225,22176.0,2025-01-01,85071443,JOPO00,1900-01-01 20:48:00,1900-01-01 20:47:35,GLOBE,91
29226,22082.0,2025-01-01,85071481,JOPO00,1900-01-01 19:18:20,1900-01-01 19:18:28,GLOBE,91
29227,22176.0,2025-01-01,85071449,JOPO00,1900-01-01 23:46:40,1900-01-01 23:47:50,GLOBE,91
29228,22081.0,2025-01-01,85062035,JOPO00,1900-01-01 00:47:40,1900-01-01 00:48:27,GLOBE,91
29229,22056.0,2025-01-01,85071489,JOPO00,1900-01-01 23:16:40,1900-01-01 23:16:10,GLOBE,91
29230,22170.0,2025-01-01,85071419,JOPO00,1900-01-01 08:47:00,1900-01-01 08:49:48,GLOBE,91
29231,22056.0,2025-01-01,85071485,JOPO00,1900-01-01 21:18:00,1900-01-01 21:18:50,GLOBE,91
29232,22176.0,2025-01-01,85071439,JOPO00,1900-01-01 18:48:20,1900-01-01 18:53:54,GLOBE,91
29233,22082.0,2025-01-01,85071483,JOPO00,1900-01-01 20:18:20,1900-01-01 20:17:38,GLOBE,91
29234,22082.0,2025-01-01,85071463,JOPO00,1900-01-01 10:17:40,1900-01-01 10:23:37,GLOBE,91
29235,22176.0,2025-01-01,85071441,JOPO00,1900-01-01 19:48:20,1900-01-01 19:50:26,GLOBE,91
29236,22082.0,2025-01-01,85071461,JOPO00,1900-01-01 09:17:00,1900-01-01 09:24:13,GLOBE,91
29237,22176.0,2025-01-01,85071433,JOPO00,1900-01-01 15:47:40,1900-01-01 15:50:03,GLOBE,91
29238,22082.0,2025-01-01,85071473,JOPO00,1900-01-01 15:17:40,1900-01-01 15:23:00,GLOBE,91
29242,22191.0,2025-01-01,85072646,PNEF00,1900-01-01 11:17:00,1900-01-01 11:18:52,GLOBE,92
29248,22191.0,2025-01-01,85071501,PNEF00,1900-01-01 09:16:00,1900-01-01 09:16:28,GLOBE,92
29250,22169.0,2025-01-01,85071529,PNEF00,1900-01-01 16:19:00,1900-01-01 16:17:17,GLOBE,92
29262,22191.0,2025-01-01,85071495,PNEF00,1900-01-01 07:47:00,1900-01-01 07:47:23,GLOBE,92
29270,22191.0,2025-01-01,85071503,PNEF00,1900-01-01 09:46:00,1900-01-01 09:48:40,GLOBE,92
29281,22169.0,2025-01-01,85071531,PNEV05,1900-01-01 16:49:00,1900-01-01 16:48:53,GLOBE,92
29282,22191.0,2025-01-01,85071505,PNEV05,1900-01-01 10:17:00,1900-01-01 10:19:00,GLOBE,92
29287,22169.0,2025-01-01,85071509,PNEV05,1900-01-01 11:18:00,1900-01-01 11:30:41,GLOBE,92
29288,22169.0,2025-01-01,85071523,PNEV05,1900-01-01 14:48:00,1900-01-01 15:00:52,GLOBE,92
29293,22169.0,2025-01-01,85071521,PNEV05,1900-01-01 14:18:00,1900-01-01 14:31:44,GLOBE,92
29294,22169.0,2025-01-01,85071520,PNEF00,1900-01-01 14:17:40,1900-01-01 14:21:35,GLOBE,92
29295,22169.0,2025-01-01,85071513,PNEV05,1900-01-01 12:18:00,1900-01-01 12:22:16,GLOBE,92
29296,22169.0,2025-01-01,85071519,PNEV05,1900-01-01 13:48:00,1900-01-01 13:53:14,GLOBE,92
29297,22169.0,2025-01-01,85071527,PNEV05,1900-01-01 15:49:00,1900-01-01 15:48:08,GLOBE,92
29300,22169.0,2025-01-01,85071537,DPGLOB00,1900-01-01 18:33:00,1900-01-01 18:25:46,GLOBE,92
29301,22169.0,2025-01-01,85071535,PNEV05,1900-01-01 17:49:00,1900-01-01 17:47:43,GLOBE,92
29302,22169.0,2025-01-01,85071511,PNEV05,1900-01-01 11:48:00,1900-01-01 11:50:50,GLOBE,92
29308,22169.0,2025-01-01,85071515,PNEV05,1900-01-01 12:48:00,1900-01-01 12:52:38,GLOBE,92
29309,22169.0,2025-01-01,85071517,PNEV05,1900-01-01 13:18:00,1900-01-01 13:25:16,GLOBE,92
29310,22191.0,2025-01-01,85071507,PNEV05,1900-01-01 10:48:00,1900-01-01 10:48:23,GLOBE,92
29316,22169.0,2025-01-01,85071533,PNEV05,1900-01-01 17:19:00,1900-01-01 17:18:28,GLOBE,92
29317,22191.0,2025-01-01,85071497,PNEV05,1900-01-01 08:18:00,1900-01-01 08:18:52,GLOBE,92
29399,22169.0,2025-01-01,85071514,PNEF00,1900-01-01 12:47:40,1900-01-01 12:52:32,GLOBE,92
29487,22169.0,2025-01-01,85071530,PNEF00,1900-01-01 16:48:20,1900-01-01 16:48:46,GLOBE,92
29531,22191.0,2025-01-01,85071494,PNEF00,1900-01-01 07:47:40,1900-01-01 07:47:21,GLOBE,92
29548,22191.0,2025-01-01,85071508,PNEF00,1900-01-01 11:17:00,1900-01-01 11:18:51,GLOBE,92
29549,22169.0,2025-01-01,85071512,PNEF00,1900-01-01 12:17:40,1900-01-01 12:22:09,GLOBE,92
29550,22169.0,2025-01-01,85071526,PNEF00,1900-01-01 15:48:00,1900-01-01 15:48:02,GLOBE,92
29551,22191.0,2025-01-01,85071500,PNEF00,1900-01-01 09:16:00,1900-01-01 09:16:27,GLOBE,92
29552,22169.0,2025-01-01,85071528,PNEF00,1900-01-01 16:19:20,1900-01-01 16:17:16,GLOBE,92
29553,22191.0,2025-01-01,85071496,PNEF00,1900-01-01 08:17:00,1900-01-01 08:18:46,GLOBE,92
29554,22169.0,2025-01-01,85071532,PNEF00,1900-01-01 17:18:20,1900-01-01 17:18:23,GLOBE,92
29555,22169.0,2025-01-01,85071516,PNEF00,1900-01-01 13:17:40,1900-01-01 13:25:01,GLOBE,92
29556,22191.0,2025-01-01,85071504,PNEF00,1900-01-01 10:16:40,1900-01-01 10:18:55,GLOBE,92
29557,22169.0,2025-01-01,85071518,PNEF00,1900-01-01 13:47:40,1900-01-01 13:53:03,GLOBE,92
29558,22191.0,2025-01-01,85071506,PNEF00,1900-01-01 10:47:00,1900-01-01 10:48:20,GLOBE,92
29559,22169.0,2025-01-01,85071522,PNEF00,1900-01-01 14:47:40,1900-01-01 14:54:09,GLOBE,92
29560,22191.0,2025-01-01,85071498,PNEF00,1900-01-01 08:47:20,1900-01-01 08:48:05,GLOBE,92
29561,22169.0,2025-01-01,85071536,PNEF00,1900-01-01 18:18:20,1900-01-01 18:15:26,GLOBE,92
29562,22169.0,2025-01-01,85071534,PNEF00,1900-01-01 17:48:20,1900-01-01 17:47:33,GLOBE,92
29563,22191.0,2025-01-01,85071502,PNEF00,1900-01-01 09:46:40,1900-01-01 09:48:39,GLOBE,92
29564,22169.0,2025-01-01,85071510,PNEF00,1900-01-01 11:47:40,1900-01-01 11:50:44,GLOBE,92
29571,22083.0,2025-01-01,85071588,DPGLOB00,1900-01-01 06:02:00,1900-01-01 06:03:32,GLOBE,A1
29585,22083.0,2025-01-01,85071583,AERO02,1900-01-01 03:39:40,1900-01-01 03:41:41,GLOBE,A1
29625,22083.0,2025-01-01,85071585,AERO02,1900-01-01 04:45:40,1900-01-01 04:46:59,GLOBE,A1
29628,22083.0,2025-01-01,85071587,FRET01,1900-01-01 05:53:40,1900-01-01 05:55:13,GLOBE,A1
29637,22087.0,2025-01-01,85071599,DPGLOB00,1900-01-01 05:59:00,1900-01-01 05:59:50,GLOBE,A2
29657,22087.0,2025-01-01,85071590,PXPH01,1900-01-01 03:38:16,1900-01-01 03:39:27,GLOBE,A2
29705,22087.0,2025-01-01,85071594,PXPH01,1900-01-01 04:44:16,1900-01-01 04:43:13,GLOBE,A2
29706,22087.0,2025-01-01,85071592,PXPH01,1900-01-01 04:12:16,1900-01-01 04:17:30,GLOBE,A2
29708,22087.0,2025-01-01,85071596,PXPH01,1900-01-01 05:16:16,1900-01-01 05:15:39,GLOBE,A2
29709,22087.0,2025-01-01,85071598,FRET01,1900-01-01 05:50:20,1900-01-01 05:51:33,GLOBE,A2
29715,22051.0,2025-01-01,85071607,ESRT03,1900-01-01 03:53:00,1900-01-01 03:47:32,GLOBE,A4
29760,22051.0,2025-01-01,85071610,AERO02,1900-01-01 05:10:00,1900-01-01 05:10:14,GLOBE,A4
29762,22051.0,2025-01-01,85071608,PXPH01,1900-01-01 04:20:36,1900-01-01 04:25:33,GLOBE,A4
29773,22048.0,2025-01-01,85071614,FEMA01,1900-01-01 03:58:00,1900-01-01 04:05:08,GLOBE,A5
29776,22048.0,2025-01-01,85071620,FEMA01,1900-01-01 05:28:00,1900-01-01 05:28:45,GLOBE,A5
29779,22048.0,2025-01-01,85071618,FEMA01,1900-01-01 04:58:00,1900-01-01 05:02:41,GLOBE,A5
29781,22048.0,2025-01-01,85071616,FEMA01,1900-01-01 04:28:00,1900-01-01 04:30:03,GLOBE,A5
29782,22048.0,2025-01-01,85071622,DPGLOB00,1900-01-01 05:54:00,1900-01-01 05:58:06,GLOBE,A5
29833,22048.0,2025-01-01,85071617,GDHA00,1900-01-01 04:50:40,1900-01-01 04:52:08,GLOBE,A5
29834,22048.0,2025-01-01,85071619,GDHA00,1900-01-01 05:20:40,1900-01-01 05:19:57,GLOBE,A5
29835,22048.0,2025-01-01,85071621,GDHA00,1900-01-01 05:50:40,1900-01-01 05:50:47,GLOBE,A5
29836,22048.0,2025-01-01,85071613,GDHA00,1900-01-01 03:50:40,1900-01-01 03:49:32,GLOBE,A5
29837,22048.0,2025-01-01,85071615,GDHA00,1900-01-01 04:20:40,1900-01-01 04:20:45,GLOBE,A5
29898,22152.0,2025-01-01,85071626,PXPH01,1900-01-01 05:18:56,1900-01-01 05:21:06,GLOBE,A6
29899,22152.0,2025-01-01,85071624,PXPH01,1900-01-01 04:18:56,1900-01-01 04:19:14,GLOBE,A6
29901,22128.0,2025-01-01,85071783,CRCO04,1900-01-01 17:26:00,1900-01-01 17:28:25,ODIER,L
29902,22165.0,2025-01-01,85071752,CRCO04,1900-01-01 07:24:00,1900-01-01 07:30:16,ODIER,L
29903,22128.0,2025-01-01,85062854,CRCO04,1900-01-01 01:58:00,1900-01-01 01:58:50,ODIER,L
29906,22165.0,2025-01-01,85071755,CRCO04,1900-01-01 08:24:00,1900-01-01 08:29:45,ODIER,L
29914,22128.0,2025-01-01,85071780,CRCO04,1900-01-01 16:26:00,1900-01-01 16:33:10,ODIER,L
29915,22128.0,2025-01-01,85071786,CRCO04,1900-01-01 18:26:00,1900-01-01 18:33:32,ODIER,L
29921,22128.0,2025-01-01,85071792,CRCO04,1900-01-01 20:25:00,1900-01-01 20:33:31,ODIER,L
29924,22165.0,2025-01-01,85071761,CRCO04,1900-01-01 10:25:00,1900-01-01 10:27:16,ODIER,L
29925,22165.0,2025-01-01,85071773,CRCO04,1900-01-01 14:26:00,1900-01-01 14:28:10,ODIER,L
29928,22128.0,2025-01-01,85072534,CRCO04,1900-01-01 21:24:00,1900-01-01 21:35:10,ODIER,L
29929,22128.0,2025-01-01,85072533,CRCO04,1900-01-01 15:26:00,1900-01-01 15:35:21,ODIER,L
29932,22128.0,2025-01-01,85062857,CRCO04,1900-01-01 02:58:00,1900-01-01 02:59:00,ODIER,L
29937,22128.0,2025-01-01,85071777,CRCO04,1900-01-01 15:26:00,1900-01-01 15:33:25,ODIER,L
29938,22128.0,2025-01-01,85071789,CRCO04,1900-01-01 19:25:00,1900-01-01 19:34:31,ODIER,L
29943,22130.0,2025-01-01,85071801,CRCO04,1900-01-01 23:23:00,1900-01-01 23:26:38,ODIER,L
29945,22165.0,2025-01-01,85072602,CRCO04,1900-01-01 06:23:00,1900-01-01 06:33:42,ODIER,L
29947,22128.0,2025-01-01,85062851,CRCO04,1900-01-01 00:24:00,1900-01-01 00:45:10,ODIER,L
29948,22165.0,2025-01-01,85072603,CRCO04,1900-01-01 11:25:00,1900-01-01 11:34:27,ODIER,L
29949,22128.0,2025-01-01,85071795,CRCO04,1900-01-01 21:24:00,1900-01-01 21:34:59,ODIER,L
29953,22165.0,2025-01-01,85071758,CRCO04,1900-01-01 09:25:00,1900-01-01 09:28:14,ODIER,L
29955,22165.0,2025-01-01,85071749,CRCO04,1900-01-01 06:23:00,1900-01-01 06:32:42,ODIER,L
29957,22130.0,2025-01-01,85071798,CRCO04,1900-01-01 22:23:00,1900-01-01 22:24:41,ODIER,L
29958,22165.0,2025-01-01,85071767,CRCO04,1900-01-01 12:25:00,1900-01-01 12:32:27,ODIER,L
29964,22165.0,2025-01-01,85071764,CRCO04,1900-01-01 11:25:00,1900-01-01 11:33:45,ODIER,L
29969,22128.0,2025-01-01,85072683,CRCO04,1900-01-01 01:58:00,1900-01-01 01:59:28,ODIER,L
29971,22165.0,2025-01-01,85071746,CRCO04,1900-01-01 05:17:00,1900-01-01 05:31:23,ODIER,L
29980,22165.0,2025-01-01,85071770,CRCO05,1900-01-01 13:26:00,1900-01-01 13:35:42,ODIER,L
30013,22128.0,2025-01-01,85062859,DPODIE2,1900-01-01 03:46:00,1900-01-01 03:38:51,ODIER,L
30813,22128.0,2025-01-01,85071797,PRBE04,1900-01-01 22:21:40,1900-01-01 22:22:39,ODIER,L
30820,22165.0,2025-01-01,85071768,ATEC02,1900-01-01 12:57:00,1900-01-01 12:55:51,ODIER,L
30825,22165.0,2025-01-01,85071771,ATEC02,1900-01-01 13:57:00,1900-01-01 13:57:10,ODIER,L
30830,22128.0,2025-01-01,85062855,ATEC02,1900-01-01 02:22:40,1900-01-01 02:22:16,ODIER,L
30838,22128.0,2025-01-01,85062858,ATEC02,1900-01-01 03:22:40,1900-01-01 03:22:41,ODIER,L
30841,22165.0,2025-01-01,85071765,ATEC02,1900-01-01 11:57:00,1900-01-01 11:57:11,ODIER,L
30854,22165.0,2025-01-01,85071756,ATEC02,1900-01-01 08:56:20,1900-01-01 08:58:06,ODIER,L
30855,22128.0,2025-01-01,85071796,ATEC02,1900-01-01 21:57:20,1900-01-01 21:58:28,ODIER,L
30856,22165.0,2025-01-01,85071751,CRCO04,1900-01-01 07:24:40,1900-01-01 07:24:40,ODIER,L
30857,22165.0,2025-01-01,85071757,CRCO04,1900-01-01 09:25:00,1900-01-01 09:28:03,ODIER,L
30858,22165.0,2025-01-01,85071772,CRCO04,1900-01-01 14:26:00,1900-01-01 14:26:06,ODIER,L
30859,22165.0,2025-01-01,85071759,ATEC02,1900-01-01 09:56:40,1900-01-01 10:01:25,ODIER,L
30860,22128.0,2025-01-01,85062850,CRCO04,1900-01-01 00:24:00,1900-01-01 00:24:47,ODIER,L
30861,22128.0,2025-01-01,85071791,CRCO04,1900-01-01 20:25:00,1900-01-01 20:25:11,ODIER,L
30862,22128.0,2025-01-01,85071785,CRCO04,1900-01-01 18:26:20,1900-01-01 18:26:41,ODIER,L
30863,22128.0,2025-01-01,85071781,ATEC02,1900-01-01 16:57:40,1900-01-01 17:00:03,ODIER,L
30864,22128.0,2025-01-01,85071794,CRCO04,1900-01-01 21:24:20,1900-01-01 21:24:29,ODIER,L
30865,22128.0,2025-01-01,85071776,CRCO04,1900-01-01 15:26:00,1900-01-01 15:27:47,ODIER,L
30866,22128.0,2025-01-01,85071779,CRCO04,1900-01-01 16:26:20,1900-01-01 16:29:52,ODIER,L
30867,22128.0,2025-01-01,85071778,ATEC02,1900-01-01 15:57:40,1900-01-01 16:03:10,ODIER,L
30868,22165.0,2025-01-01,85071745,CRCO04,1900-01-01 05:17:20,1900-01-01 05:18:48,ODIER,L
30869,22128.0,2025-01-01,85071784,ATEC02,1900-01-01 17:57:20,1900-01-01 17:59:30,ODIER,L
30870,22165.0,2025-01-01,85071748,CRCO04,1900-01-01 06:23:20,1900-01-01 06:25:47,ODIER,L
30871,22130.0,2025-01-01,85071802,ATEC02,1900-01-01 23:56:20,1900-01-01 23:57:34,ODIER,L
30872,22165.0,2025-01-01,85071753,ATEC02,1900-01-01 07:56:20,1900-01-01 07:59:41,ODIER,L
30873,22165.0,2025-01-01,85071762,ATEC02,1900-01-01 10:56:40,1900-01-01 10:56:31,ODIER,L
30874,22128.0,2025-01-01,85071790,ATEC02,1900-01-01 19:57:00,1900-01-01 19:59:10,ODIER,L
30875,22128.0,2025-01-01,85071782,CRCO04,1900-01-01 17:26:40,1900-01-01 17:26:43,ODIER,L
30876,22128.0,2025-01-01,85071787,ATEC02,1900-01-01 18:57:20,1900-01-01 18:58:59,ODIER,L
30877,22165.0,2025-01-01,85071750,ATEC02,1900-01-01 06:56:00,1900-01-01 06:57:54,ODIER,L
30878,22165.0,2025-01-01,85071766,CRCO04,1900-01-01 12:25:40,1900-01-01 12:24:52,ODIER,L
30879,22130.0,2025-01-01,85071800,CRCO04,1900-01-01 23:23:20,1900-01-01 23:26:22,ODIER,L
30880,22165.0,2025-01-01,85071747,ATEC02,1900-01-01 05:56:00,1900-01-01 05:58:49,ODIER,L
30881,22165.0,2025-01-01,85071760,CRCO04,1900-01-01 10:25:20,1900-01-01 10:26:12,ODIER,L
30882,22128.0,2025-01-01,85071775,ATEC02,1900-01-01 14:57:00,1900-01-01 15:00:51,ODIER,L
30883,22128.0,2025-01-01,85062856,CRCO04,1900-01-01 02:48:00,1900-01-01 02:49:26,ODIER,L
30884,22128.0,2025-01-01,85062853,CRCO04,1900-01-01 01:48:20,1900-01-01 01:48:18,ODIER,L
30885,22128.0,2025-01-01,85062852,ATEC02,1900-01-01 01:07:20,1900-01-01 01:07:52,ODIER,L
30886,22165.0,2025-01-01,85071763,CRCO04,1900-01-01 11:25:40,1900-01-01 11:29:35,ODIER,L
30887,22130.0,2025-01-01,85071799,ATEC02,1900-01-01 22:56:40,1900-01-01 22:58:51,ODIER,L
30888,22128.0,2025-01-01,85071793,ATEC02,1900-01-01 20:57:00,1900-01-01 20:57:06,ODIER,L
30889,22165.0,2025-01-01,85071754,CRCO04,1900-01-01 08:24:40,1900-01-01 08:25:54,ODIER,L
30890,22165.0,2025-01-01,85071769,CRCO04,1900-01-01 13:25:40,1900-01-01 13:25:31,ODIER,L
30891,22128.0,2025-01-01,85071788,CRCO04,1900-01-01 19:25:40,1900-01-01 19:26:53,ODIER,L
